state,year,level,metric,value,unit,pdf_file,pdf_page,printed_label,note
India,2021-22,All,schools_with_electricity,1330305,count,UDISE_2021-2022.pdf,125,Schools with electricity facility,"Table 7.1 col (7), All management"
India,2021-22,All,schools_with_functional_electricity,1289245,count,UDISE_2021-2022.pdf,125,Schools with functional electricity facility,"Table 7.1 col (12), All management"
Andaman & Nicobar Islands,2021-22,All,schools_with_electricity,386,count,UDISE_2021-2022.pdf,125,Schools with electricity facility,"Table 7.1 col (7), All management"
Andaman & Nicobar Islands,2021-22,All,schools_with_functional_electricity,386,count,UDISE_2021-2022.pdf,125,Schools with functional electricity facility,"Table 7.1 col (12), All management"
Andhra Pradesh,2021-22,All,schools_with_electricity,61223,count,UDISE_2021-2022.pdf,125,Schools with electricity facility,"Table 7.1 col (7), All management"
Andhra Pradesh,2021-22,All,schools_with_functional_electricity,60684,count,UDISE_2021-2022.pdf,125,Schools with functional electricity facility,"Table 7.1 col (12), All management"
Arunachal Pradesh,2021-22,All,schools_with_electricity,2402,count,UDISE_2021-2022.pdf,125,Schools with electricity facility,"Table 7.1 col (7), All management"
Arunachal Pradesh,2021-22,All,schools_with_functional_electricity,1938,count,UDISE_2021-2022.pdf,125,Schools with functional electricity facility,"Table 7.1 col (12), All management"
Assam,2021-22,All,schools_with_electricity,46907,count,UDISE_2021-2022.pdf,125,Schools with electricity facility,"Table 7.1 col (7), All management"
Assam,2021-22,All,schools_with_functional_electricity,45683,count,UDISE_2021-2022.pdf,125,Schools with functional electricity facility,"Table 7.1 col (12), All management"
Bihar,2021-22,All,schools_with_electricity,82686,count,UDISE_2021-2022.pdf,125,Schools with electricity facility,"Table 7.1 col (7), All management"
Bihar,2021-22,All,schools_with_functional_electricity,81564,count,UDISE_2021-2022.pdf,125,Schools with functional electricity facility,"Table 7.1 col (12), All management"
Chandigarh,2021-22,All,schools_with_electricity,233,count,UDISE_2021-2022.pdf,125,Schools with electricity facility,"Table 7.1 col (7), All management"
Chandigarh,2021-22,All,schools_with_functional_electricity,233,count,UDISE_2021-2022.pdf,125,Schools with functional electricity facility,"Table 7.1 col (12), All management"
Chhattisgarh,2021-22,All,schools_with_electricity,54132,count,UDISE_2021-2022.pdf,125,Schools with electricity facility,"Table 7.1 col (7), All management"
Chhattisgarh,2021-22,All,schools_with_functional_electricity,51652,count,UDISE_2021-2022.pdf,125,Schools with functional electricity facility,"Table 7.1 col (12), All management"
Dadra & Nagar Haveli and Daman & Diu,2021-22,All,schools_with_electricity,460,count,UDISE_2021-2022.pdf,125,Schools with electricity facility,"Table 7.1 col (7), All management"
Dadra & Nagar Haveli and Daman & Diu,2021-22,All,schools_with_functional_electricity,460,count,UDISE_2021-2022.pdf,125,Schools with functional electricity facility,"Table 7.1 col (12), All management"
Delhi,2021-22,All,schools_with_electricity,5619,count,UDISE_2021-2022.pdf,125,Schools with electricity facility,"Table 7.1 col (7), All management"
Delhi,2021-22,All,schools_with_functional_electricity,5619,count,UDISE_2021-2022.pdf,125,Schools with functional electricity facility,"Table 7.1 col (12), All management"
Goa,2021-22,All,schools_with_electricity,1510,count,UDISE_2021-2022.pdf,125,Schools with electricity facility,"Table 7.1 col (7), All management"
Goa,2021-22,All,schools_with_functional_electricity,1510,count,UDISE_2021-2022.pdf,125,Schools with functional electricity facility,"Table 7.1 col (12), All management"
Gujarat,2021-22,All,schools_with_electricity,53829,count,UDISE_2021-2022.pdf,125,Schools with electricity facility,"Table 7.1 col (7), All management"
Gujarat,2021-22,All,schools_with_functional_electricity,53828,count,UDISE_2021-2022.pdf,125,Schools with functional electricity facility,"Table 7.1 col (12), All management"
Haryana,2021-22,All,schools_with_electricity,23522,count,UDISE_2021-2022.pdf,125,Schools with electricity facility,"Table 7.1 col (7), All management"
Haryana,2021-22,All,schools_with_functional_electricity,23209,count,UDISE_2021-2022.pdf,125,Schools with functional electricity facility,"Table 7.1 col (12), All management"
Himachal Pradesh,2021-22,All,schools_with_electricity,17785,count,UDISE_2021-2022.pdf,125,Schools with electricity facility,"Table 7.1 col (7), All management"
Himachal Pradesh,2021-22,All,schools_with_functional_electricity,17628,count,UDISE_2021-2022.pdf,125,Schools with functional electricity facility,"Table 7.1 col (12), All management"
Jammu & Kashmir,2021-22,All,schools_with_electricity,22054,count,UDISE_2021-2022.pdf,125,Schools with electricity facility,"Table 7.1 col (7), All management"
Jammu & Kashmir,2021-22,All,schools_with_functional_electricity,21011,count,UDISE_2021-2022.pdf,125,Schools with functional electricity facility,"Table 7.1 col (12), All management"
Jharkhand,2021-22,All,schools_with_electricity,42723,count,UDISE_2021-2022.pdf,125,Schools with electricity facility,"Table 7.1 col (7), All management"
Jharkhand,2021-22,All,schools_with_functional_electricity,41308,count,UDISE_2021-2022.pdf,125,Schools with functional electricity facility,"Table 7.1 col (12), All management"
Karnataka,2021-22,All,schools_with_electricity,75736,count,UDISE_2021-2022.pdf,125,Schools with electricity facility,"Table 7.1 col (7), All management"
Karnataka,2021-22,All,schools_with_functional_electricity,75370,count,UDISE_2021-2022.pdf,125,Schools with functional electricity facility,"Table 7.1 col (12), All management"
Kerala,2021-22,All,schools_with_electricity,16170,count,UDISE_2021-2022.pdf,125,Schools with electricity facility,"Table 7.1 col (7), All management"
Kerala,2021-22,All,schools_with_functional_electricity,16162,count,UDISE_2021-2022.pdf,125,Schools with functional electricity facility,"Table 7.1 col (12), All management"
Ladakh,2021-22,All,schools_with_electricity,913,count,UDISE_2021-2022.pdf,125,Schools with electricity facility,"Table 7.1 col (7), All management"
Ladakh,2021-22,All,schools_with_functional_electricity,902,count,UDISE_2021-2022.pdf,125,Schools with functional electricity facility,"Table 7.1 col (12), All management"
Lakshadweep,2021-22,All,schools_with_electricity,38,count,UDISE_2021-2022.pdf,125,Schools with electricity facility,"Table 7.1 col (7), All management"
Lakshadweep,2021-22,All,schools_with_functional_electricity,38,count,UDISE_2021-2022.pdf,125,Schools with functional electricity facility,"Table 7.1 col (12), All management"
Madhya Pradesh,2021-22,All,schools_with_electricity,96841,count,UDISE_2021-2022.pdf,125,Schools with electricity facility,"Table 7.1 col (7), All management"
Madhya Pradesh,2021-22,All,schools_with_functional_electricity,93991,count,UDISE_2021-2022.pdf,125,Schools with functional electricity facility,"Table 7.1 col (12), All management"
Maharashtra,2021-22,All,schools_with_electricity,104094,count,UDISE_2021-2022.pdf,125,Schools with electricity facility,"Table 7.1 col (7), All management"
Maharashtra,2021-22,All,schools_with_functional_electricity,93771,count,UDISE_2021-2022.pdf,125,Schools with functional electricity facility,"Table 7.1 col (12), All management"
Manipur,2021-22,All,schools_with_electricity,3071,count,UDISE_2021-2022.pdf,125,Schools with electricity facility,"Table 7.1 col (7), All management"
Manipur,2021-22,All,schools_with_functional_electricity,2516,count,UDISE_2021-2022.pdf,125,Schools with functional electricity facility,"Table 7.1 col (12), All management"
Meghalaya,2021-22,All,schools_with_electricity,3873,count,UDISE_2021-2022.pdf,125,Schools with electricity facility,"Table 7.1 col (7), All management"
Meghalaya,2021-22,All,schools_with_functional_electricity,3601,count,UDISE_2021-2022.pdf,125,Schools with functional electricity facility,"Table 7.1 col (12), All management"
Mizoram,2021-22,All,schools_with_electricity,3297,count,UDISE_2021-2022.pdf,125,Schools with electricity facility,"Table 7.1 col (7), All management"
Mizoram,2021-22,All,schools_with_functional_electricity,3114,count,UDISE_2021-2022.pdf,125,Schools with functional electricity facility,"Table 7.1 col (12), All management"
Nagaland,2021-22,All,schools_with_electricity,2074,count,UDISE_2021-2022.pdf,125,Schools with electricity facility,"Table 7.1 col (7), All management"
Nagaland,2021-22,All,schools_with_functional_electricity,1824,count,UDISE_2021-2022.pdf,125,Schools with functional electricity facility,"Table 7.1 col (12), All management"
Odisha,2021-22,All,schools_with_electricity,52506,count,UDISE_2021-2022.pdf,125,Schools with electricity facility,"Table 7.1 col (7), All management"
Odisha,2021-22,All,schools_with_functional_electricity,47747,count,UDISE_2021-2022.pdf,125,Schools with functional electricity facility,"Table 7.1 col (12), All management"
Puducherry,2021-22,All,schools_with_electricity,736,count,UDISE_2021-2022.pdf,125,Schools with electricity facility,"Table 7.1 col (7), All management"
Puducherry,2021-22,All,schools_with_functional_electricity,736,count,UDISE_2021-2022.pdf,125,Schools with functional electricity facility,"Table 7.1 col (12), All management"
Punjab,2021-22,All,schools_with_electricity,27698,count,UDISE_2021-2022.pdf,125,Schools with electricity facility,"Table 7.1 col (7), All management"
Punjab,2021-22,All,schools_with_functional_electricity,27695,count,UDISE_2021-2022.pdf,125,Schools with functional electricity facility,"Table 7.1 col (12), All management"
Rajasthan,2021-22,All,schools_with_electricity,93298,count,UDISE_2021-2022.pdf,125,Schools with electricity facility,"Table 7.1 col (7), All management"
Rajasthan,2021-22,All,schools_with_functional_electricity,92219,count,UDISE_2021-2022.pdf,125,Schools with functional electricity facility,"Table 7.1 col (12), All management"
Sikkim,2021-22,All,schools_with_electricity,1254,count,UDISE_2021-2022.pdf,125,Schools with electricity facility,"Table 7.1 col (7), All management"
Sikkim,2021-22,All,schools_with_functional_electricity,1239,count,UDISE_2021-2022.pdf,125,Schools with functional electricity facility,"Table 7.1 col (12), All management"
Tamil Nadu,2021-22,All,schools_with_electricity,58801,count,UDISE_2021-2022.pdf,125,Schools with electricity facility,"Table 7.1 col (7), All management"
Tamil Nadu,2021-22,All,schools_with_functional_electricity,58801,count,UDISE_2021-2022.pdf,125,Schools with functional electricity facility,"Table 7.1 col (12), All management"
Telangana,2021-22,All,schools_with_electricity,40437,count,UDISE_2021-2022.pdf,125,Schools with electricity facility,"Table 7.1 col (7), All management"
Telangana,2021-22,All,schools_with_functional_electricity,38920,count,UDISE_2021-2022.pdf,125,Schools with functional electricity facility,"Table 7.1 col (12), All management"
Tripura,2021-22,All,schools_with_electricity,2826,count,UDISE_2021-2022.pdf,125,Schools with electricity facility,"Table 7.1 col (7), All management"
Tripura,2021-22,All,schools_with_functional_electricity,2710,count,UDISE_2021-2022.pdf,125,Schools with functional electricity facility,"Table 7.1 col (12), All management"
Uttar Pradesh,2021-22,All,schools_with_electricity,218099,count,UDISE_2021-2022.pdf,125,Schools with electricity facility,"Table 7.1 col (7), All management"
Uttar Pradesh,2021-22,All,schools_with_functional_electricity,209856,count,UDISE_2021-2022.pdf,125,Schools with functional electricity facility,"Table 7.1 col (12), All management"
Uttarakhand,2021-22,All,schools_with_electricity,20890,count,UDISE_2021-2022.pdf,125,Schools with electricity facility,"Table 7.1 col (7), All management"
Uttarakhand,2021-22,All,schools_with_functional_electricity,20217,count,UDISE_2021-2022.pdf,125,Schools with functional electricity facility,"Table 7.1 col (12), All management"
West Bengal,2021-22,All,schools_with_electricity,92182,count,UDISE_2021-2022.pdf,125,Schools with electricity facility,"Table 7.1 col (7), All management"
West Bengal,2021-22,All,schools_with_functional_electricity,91103,count,UDISE_2021-2022.pdf,125,Schools with functional electricity facility,"Table 7.1 col (12), All management"
India,2021-22,All,schools_with_electricity,89.3,percent,UDISE_2021-2022.pdf,126,Percentage of Schools with electricity connection,"Table 7.1 (continued) col (17), All management"
India,2021-22,All,schools_with_functional_electricity,86.6,percent,UDISE_2021-2022.pdf,126,Percentage of Schools with functional electricity connection,"Table 7.1 (continued) col (22), All management"
Andaman & Nicobar Islands,2021-22,All,schools_with_electricity,92.8,percent,UDISE_2021-2022.pdf,126,Percentage of Schools with electricity connection,"Table 7.1 (continued) col (17), All management"
Andaman & Nicobar Islands,2021-22,All,schools_with_functional_electricity,92.8,percent,UDISE_2021-2022.pdf,126,Percentage of Schools with functional electricity connection,"Table 7.1 (continued) col (22), All management"
Andhra Pradesh,2021-22,All,schools_with_electricity,98.8,percent,UDISE_2021-2022.pdf,126,Percentage of Schools with electricity connection,"Table 7.1 (continued) col (17), All management"
Andhra Pradesh,2021-22,All,schools_with_functional_electricity,98,percent,UDISE_2021-2022.pdf,126,Percentage of Schools with functional electricity connection,"Table 7.1 (continued) col (22), All management"
Arunachal Pradesh,2021-22,All,schools_with_electricity,66.7,percent,UDISE_2021-2022.pdf,126,Percentage of Schools with electricity connection,"Table 7.1 (continued) col (17), All management"
Arunachal Pradesh,2021-22,All,schools_with_functional_electricity,53.8,percent,UDISE_2021-2022.pdf,126,Percentage of Schools with functional electricity connection,"Table 7.1 (continued) col (22), All management"
Assam,2021-22,All,schools_with_electricity,77.1,percent,UDISE_2021-2022.pdf,126,Percentage of Schools with electricity connection,"Table 7.1 (continued) col (17), All management"
Assam,2021-22,All,schools_with_functional_electricity,75.1,percent,UDISE_2021-2022.pdf,126,Percentage of Schools with functional electricity connection,"Table 7.1 (continued) col (22), All management"
Bihar,2021-22,All,schools_with_electricity,88.8,percent,UDISE_2021-2022.pdf,126,Percentage of Schools with electricity connection,"Table 7.1 (continued) col (17), All management"
Bihar,2021-22,All,schools_with_functional_electricity,87.6,percent,UDISE_2021-2022.pdf,126,Percentage of Schools with functional electricity connection,"Table 7.1 (continued) col (22), All management"
Chandigarh,2021-22,All,schools_with_electricity,100,percent,UDISE_2021-2022.pdf,126,Percentage of Schools with electricity connection,"Table 7.1 (continued) col (17), All management"
Chandigarh,2021-22,All,schools_with_functional_electricity,100,percent,UDISE_2021-2022.pdf,126,Percentage of Schools with functional electricity connection,"Table 7.1 (continued) col (22), All management"
Chhattisgarh,2021-22,All,schools_with_electricity,95.8,percent,UDISE_2021-2022.pdf,126,Percentage of Schools with electricity connection,"Table 7.1 (continued) col (17), All management"
Chhattisgarh,2021-22,All,schools_with_functional_electricity,91.4,percent,UDISE_2021-2022.pdf,126,Percentage of Schools with functional electricity connection,"Table 7.1 (continued) col (22), All management"
Dadra & Nagar Haveli and Daman & Diu,2021-22,All,schools_with_electricity,100,percent,UDISE_2021-2022.pdf,126,Percentage of Schools with electricity connection,"Table 7.1 (continued) col (17), All management"
Dadra & Nagar Haveli and Daman & Diu,2021-22,All,schools_with_functional_electricity,100,percent,UDISE_2021-2022.pdf,126,Percentage of Schools with functional electricity connection,"Table 7.1 (continued) col (22), All management"
Delhi,2021-22,All,schools_with_electricity,100,percent,UDISE_2021-2022.pdf,126,Percentage of Schools with electricity connection,"Table 7.1 (continued) col (17), All management"
Delhi,2021-22,All,schools_with_functional_electricity,100,percent,UDISE_2021-2022.pdf,126,Percentage of Schools with functional electricity connection,"Table 7.1 (continued) col (22), All management"
Goa,2021-22,All,schools_with_electricity,100,percent,UDISE_2021-2022.pdf,126,Percentage of Schools with electricity connection,"Table 7.1 (continued) col (17), All management"
Goa,2021-22,All,schools_with_functional_electricity,100,percent,UDISE_2021-2022.pdf,126,Percentage of Schools with functional electricity connection,"Table 7.1 (continued) col (22), All management"
Gujarat,2021-22,All,schools_with_electricity,100,percent,UDISE_2021-2022.pdf,126,Percentage of Schools with electricity connection,"Table 7.1 (continued) col (17), All management"
Gujarat,2021-22,All,schools_with_functional_electricity,100,percent,UDISE_2021-2022.pdf,126,Percentage of Schools with functional electricity connection,"Table 7.1 (continued) col (22), All management"
Haryana,2021-22,All,schools_with_electricity,99.1,percent,UDISE_2021-2022.pdf,126,Percentage of Schools with electricity connection,"Table 7.1 (continued) col (17), All management"
Haryana,2021-22,All,schools_with_functional_electricity,97.8,percent,UDISE_2021-2022.pdf,126,Percentage of Schools with functional electricity connection,"Table 7.1 (continued) col (22), All management"
Himachal Pradesh,2021-22,All,schools_with_electricity,98.7,percent,UDISE_2021-2022.pdf,126,Percentage of Schools with electricity connection,"Table 7.1 (continued) col (17), All management"
Himachal Pradesh,2021-22,All,schools_with_functional_electricity,97.8,percent,UDISE_2021-2022.pdf,126,Percentage of Schools with functional electricity connection,"Table 7.1 (continued) col (22), All management"
Jammu & Kashmir,2021-22,All,schools_with_electricity,76.6,percent,UDISE_2021-2022.pdf,126,Percentage of Schools with electricity connection,"Table 7.1 (continued) col (17), All management"
Jammu & Kashmir,2021-22,All,schools_with_functional_electricity,72.9,percent,UDISE_2021-2022.pdf,126,Percentage of Schools with functional electricity connection,"Table 7.1 (continued) col (22), All management"
Jharkhand,2021-22,All,schools_with_electricity,95.3,percent,UDISE_2021-2022.pdf,126,Percentage of Schools with electricity connection,"Table 7.1 (continued) col (17), All management"
Jharkhand,2021-22,All,schools_with_functional_electricity,92.1,percent,UDISE_2021-2022.pdf,126,Percentage of Schools with functional electricity connection,"Table 7.1 (continued) col (22), All management"
Karnataka,2021-22,All,schools_with_electricity,99.1,percent,UDISE_2021-2022.pdf,126,Percentage of Schools with electricity connection,"Table 7.1 (continued) col (17), All management"
Karnataka,2021-22,All,schools_with_functional_electricity,98.6,percent,UDISE_2021-2022.pdf,126,Percentage of Schools with functional electricity connection,"Table 7.1 (continued) col (22), All management"
Kerala,2021-22,All,schools_with_electricity,99.6,percent,UDISE_2021-2022.pdf,126,Percentage of Schools with electricity connection,"Table 7.1 (continued) col (17), All management"
Kerala,2021-22,All,schools_with_functional_electricity,99.5,percent,UDISE_2021-2022.pdf,126,Percentage of Schools with functional electricity connection,"Table 7.1 (continued) col (22), All management"
Ladakh,2021-22,All,schools_with_electricity,93.4,percent,UDISE_2021-2022.pdf,126,Percentage of Schools with electricity connection,"Table 7.1 (continued) col (17), All management"
Ladakh,2021-22,All,schools_with_functional_electricity,92.2,percent,UDISE_2021-2022.pdf,126,Percentage of Schools with functional electricity connection,"Table 7.1 (continued) col (22), All management"
Lakshadweep,2021-22,All,schools_with_electricity,100,percent,UDISE_2021-2022.pdf,126,Percentage of Schools with electricity connection,"Table 7.1 (continued) col (17), All management"
Lakshadweep,2021-22,All,schools_with_functional_electricity,100,percent,UDISE_2021-2022.pdf,126,Percentage of Schools with functional electricity connection,"Table 7.1 (continued) col (22), All management"
Madhya Pradesh,2021-22,All,schools_with_electricity,77.1,percent,UDISE_2021-2022.pdf,126,Percentage of Schools with electricity connection,"Table 7.1 (continued) col (17), All management"
Madhya Pradesh,2021-22,All,schools_with_functional_electricity,74.8,percent,UDISE_2021-2022.pdf,126,Percentage of Schools with functional electricity connection,"Table 7.1 (continued) col (22), All management"
Maharashtra,2021-22,All,schools_with_electricity,95,percent,UDISE_2021-2022.pdf,126,Percentage of Schools with electricity connection,"Table 7.1 (continued) col (17), All management"
Maharashtra,2021-22,All,schools_with_functional_electricity,85.6,percent,UDISE_2021-2022.pdf,126,Percentage of Schools with functional electricity connection,"Table 7.1 (continued) col (22), All management"
Manipur,2021-22,All,schools_with_electricity,66.5,percent,UDISE_2021-2022.pdf,126,Percentage of Schools with electricity connection,"Table 7.1 (continued) col (17), All management"
Manipur,2021-22,All,schools_with_functional_electricity,54.5,percent,UDISE_2021-2022.pdf,126,Percentage of Schools with functional electricity connection,"Table 7.1 (continued) col (22), All management"
Meghalaya,2021-22,All,schools_with_electricity,26.5,percent,UDISE_2021-2022.pdf,126,Percentage of Schools with electricity connection,"Table 7.1 (continued) col (17), All management"
Meghalaya,2021-22,All,schools_with_functional_electricity,24.7,percent,UDISE_2021-2022.pdf,126,Percentage of Schools with functional electricity connection,"Table 7.1 (continued) col (22), All management"
Mizoram,2021-22,All,schools_with_electricity,84.3,percent,UDISE_2021-2022.pdf,126,Percentage of Schools with electricity connection,"Table 7.1 (continued) col (17), All management"
Mizoram,2021-22,All,schools_with_functional_electricity,79.6,percent,UDISE_2021-2022.pdf,126,Percentage of Schools with functional electricity connection,"Table 7.1 (continued) col (22), All management"
Nagaland,2021-22,All,schools_with_electricity,76.3,percent,UDISE_2021-2022.pdf,126,Percentage of Schools with electricity connection,"Table 7.1 (continued) col (17), All management"
Nagaland,2021-22,All,schools_with_functional_electricity,67.1,percent,UDISE_2021-2022.pdf,126,Percentage of Schools with functional electricity connection,"Table 7.1 (continued) col (22), All management"
Odisha,2021-22,All,schools_with_electricity,84.3,percent,UDISE_2021-2022.pdf,126,Percentage of Schools with electricity connection,"Table 7.1 (continued) col (17), All management"
Odisha,2021-22,All,schools_with_functional_electricity,76.7,percent,UDISE_2021-2022.pdf,126,Percentage of Schools with functional electricity connection,"Table 7.1 (continued) col (22), All management"
Puducherry,2021-22,All,schools_with_electricity,100,percent,UDISE_2021-2022.pdf,126,Percentage of Schools with electricity connection,"Table 7.1 (continued) col (17), All management"
Puducherry,2021-22,All,schools_with_functional_electricity,100,percent,UDISE_2021-2022.pdf,126,Percentage of Schools with functional electricity connection,"Table 7.1 (continued) col (22), All management"
Punjab,2021-22,All,schools_with_electricity,100,percent,UDISE_2021-2022.pdf,126,Percentage of Schools with electricity connection,"Table 7.1 (continued) col (17), All management"
Punjab,2021-22,All,schools_with_functional_electricity,100,percent,UDISE_2021-2022.pdf,126,Percentage of Schools with functional electricity connection,"Table 7.1 (continued) col (22), All management"
Rajasthan,2021-22,All,schools_with_electricity,87.7,percent,UDISE_2021-2022.pdf,126,Percentage of Schools with electricity connection,"Table 7.1 (continued) col (17), All management"
Rajasthan,2021-22,All,schools_with_functional_electricity,86.7,percent,UDISE_2021-2022.pdf,126,Percentage of Schools with functional electricity connection,"Table 7.1 (continued) col (22), All management"
Sikkim,2021-22,All,schools_with_electricity,99.6,percent,UDISE_2021-2022.pdf,126,Percentage of Schools with electricity connection,"Table 7.1 (continued) col (17), All management"
Sikkim,2021-22,All,schools_with_functional_electricity,98.4,percent,UDISE_2021-2022.pdf,126,Percentage of Schools with functional electricity connection,"Table 7.1 (continued) col (22), All management"
Tamil Nadu,2021-22,All,schools_with_electricity,100,percent,UDISE_2021-2022.pdf,126,Percentage of Schools with electricity connection,"Table 7.1 (continued) col (17), All management"
Tamil Nadu,2021-22,All,schools_with_functional_electricity,100,percent,UDISE_2021-2022.pdf,126,Percentage of Schools with functional electricity connection,"Table 7.1 (continued) col (22), All management"
Telangana,2021-22,All,schools_with_electricity,93.9,percent,UDISE_2021-2022.pdf,126,Percentage of Schools with electricity connection,"Table 7.1 (continued) col (17), All management"
Telangana,2021-22,All,schools_with_functional_electricity,90.3,percent,UDISE_2021-2022.pdf,126,Percentage of Schools with functional electricity connection,"Table 7.1 (continued) col (22), All management"
Tripura,2021-22,All,schools_with_electricity,57.3,percent,UDISE_2021-2022.pdf,126,Percentage of Schools with electricity connection,"Table 7.1 (continued) col (17), All management"
Tripura,2021-22,All,schools_with_functional_electricity,55,percent,UDISE_2021-2022.pdf,126,Percentage of Schools with functional electricity connection,"Table 7.1 (continued) col (22), All management"
Uttar Pradesh,2021-22,All,schools_with_electricity,84.5,percent,UDISE_2021-2022.pdf,126,Percentage of Schools with electricity connection,"Table 7.1 (continued) col (17), All management"
Uttar Pradesh,2021-22,All,schools_with_functional_electricity,81.3,percent,UDISE_2021-2022.pdf,126,Percentage of Schools with functional electricity connection,"Table 7.1 (continued) col (22), All management"
Uttarakhand,2021-22,All,schools_with_electricity,91.6,percent,UDISE_2021-2022.pdf,126,Percentage of Schools with electricity connection,"Table 7.1 (continued) col (17), All management"
Uttarakhand,2021-22,All,schools_with_functional_electricity,88.6,percent,UDISE_2021-2022.pdf,126,Percentage of Schools with functional electricity connection,"Table 7.1 (continued) col (22), All management"
West Bengal,2021-22,All,schools_with_electricity,97.3,percent,UDISE_2021-2022.pdf,126,Percentage of Schools with electricity connection,"Table 7.1 (continued) col (17), All management"
West Bengal,2021-22,All,schools_with_functional_electricity,96.2,percent,UDISE_2021-2022.pdf,126,Percentage of Schools with functional electricity connection,"Table 7.1 (continued) col (22), All management"
India,2021-22,All,schools_total,1489115,count,UDISE_2021-2022.pdf,138,Total Schools,"Table 7.9 col (2), All management"
India,2021-22,All,schools_with_computer,707498,count,UDISE_2021-2022.pdf,138,Schools with computer facility,"Table 7.9 col (7), All management"
India,2021-22,All,schools_with_computer,47.5,percent,UDISE_2021-2022.pdf,138,Percentage of Schools with computer facility,"Table 7.9 col (12), All management"
Andaman & Nicobar Islands,2021-22,All,schools_total,416,count,UDISE_2021-2022.pdf,138,Total Schools,"Table 7.9 col (2), All management"
Andaman & Nicobar Islands,2021-22,All,schools_with_computer,278,count,UDISE_2021-2022.pdf,138,Schools with computer facility,"Table 7.9 col (7), All management"
Andaman & Nicobar Islands,2021-22,All,schools_with_computer,66.8,percent,UDISE_2021-2022.pdf,138,Percentage of Schools with computer facility,"Table 7.9 col (12), All management"
Andhra Pradesh,2021-22,All,schools_total,61948,count,UDISE_2021-2022.pdf,138,Total Schools,"Table 7.9 col (2), All management"
Andhra Pradesh,2021-22,All,schools_with_computer,31981,count,UDISE_2021-2022.pdf,138,Schools with computer facility,"Table 7.9 col (7), All management"
Andhra Pradesh,2021-22,All,schools_with_computer,51.6,percent,UDISE_2021-2022.pdf,138,Percentage of Schools with computer facility,"Table 7.9 col (12), All management"
Arunachal Pradesh,2021-22,All,schools_total,3603,count,UDISE_2021-2022.pdf,138,Total Schools,"Table 7.9 col (2), All management"
Arunachal Pradesh,2021-22,All,schools_with_computer,1226,count,UDISE_2021-2022.pdf,138,Schools with computer facility,"Table 7.9 col (7), All management"
Arunachal Pradesh,2021-22,All,schools_with_computer,34,percent,UDISE_2021-2022.pdf,138,Percentage of Schools with computer facility,"Table 7.9 col (12), All management"
Assam,2021-22,All,schools_total,60859,count,UDISE_2021-2022.pdf,138,Total Schools,"Table 7.9 col (2), All management"
Assam,2021-22,All,schools_with_computer,11478,count,UDISE_2021-2022.pdf,138,Schools with computer facility,"Table 7.9 col (7), All management"
Assam,2021-22,All,schools_with_computer,18.9,percent,UDISE_2021-2022.pdf,138,Percentage of Schools with computer facility,"Table 7.9 col (12), All management"
Bihar,2021-22,All,schools_total,93165,count,UDISE_2021-2022.pdf,138,Total Schools,"Table 7.9 col (2), All management"
Bihar,2021-22,All,schools_with_computer,17569,count,UDISE_2021-2022.pdf,138,Schools with computer facility,"Table 7.9 col (7), All management"
Bihar,2021-22,All,schools_with_computer,18.9,percent,UDISE_2021-2022.pdf,138,Percentage of Schools with computer facility,"Table 7.9 col (12), All management"
Chandigarh,2021-22,All,schools_total,233,count,UDISE_2021-2022.pdf,138,Total Schools,"Table 7.9 col (2), All management"
Chandigarh,2021-22,All,schools_with_computer,233,count,UDISE_2021-2022.pdf,138,Schools with computer facility,"Table 7.9 col (7), All management"
Chandigarh,2021-22,All,schools_with_computer,100,percent,UDISE_2021-2022.pdf,138,Percentage of Schools with computer facility,"Table 7.9 col (12), All management"
Chhattisgarh,2021-22,All,schools_total,56512,count,UDISE_2021-2022.pdf,138,Total Schools,"Table 7.9 col (2), All management"
Chhattisgarh,2021-22,All,schools_with_computer,50519,count,UDISE_2021-2022.pdf,138,Schools with computer facility,"Table 7.9 col (7), All management"
Chhattisgarh,2021-22,All,schools_with_computer,89.4,percent,UDISE_2021-2022.pdf,138,Percentage of Schools with computer facility,"Table 7.9 col (12), All management"
Dadra & Nagar Haveli and Daman & Diu,2021-22,All,schools_total,460,count,UDISE_2021-2022.pdf,138,Total Schools,"Table 7.9 col (2), All management"
Dadra & Nagar Haveli and Daman & Diu,2021-22,All,schools_with_computer,410,count,UDISE_2021-2022.pdf,138,Schools with computer facility,"Table 7.9 col (7), All management"
Dadra & Nagar Haveli and Daman & Diu,2021-22,All,schools_with_computer,89.1,percent,UDISE_2021-2022.pdf,138,Percentage of Schools with computer facility,"Table 7.9 col (12), All management"
Delhi,2021-22,All,schools_total,5619,count,UDISE_2021-2022.pdf,138,Total Schools,"Table 7.9 col (2), All management"
Delhi,2021-22,All,schools_with_computer,5619,count,UDISE_2021-2022.pdf,138,Schools with computer facility,"Table 7.9 col (7), All management"
Delhi,2021-22,All,schools_with_computer,100,percent,UDISE_2021-2022.pdf,138,Percentage of Schools with computer facility,"Table 7.9 col (12), All management"
Goa,2021-22,All,schools_total,1510,count,UDISE_2021-2022.pdf,138,Total Schools,"Table 7.9 col (2), All management"
Goa,2021-22,All,schools_with_computer,835,count,UDISE_2021-2022.pdf,138,Schools with computer facility,"Table 7.9 col (7), All management"
Goa,2021-22,All,schools_with_computer,55.3,percent,UDISE_2021-2022.pdf,138,Percentage of Schools with computer facility,"Table 7.9 col (12), All management"
Gujarat,2021-22,All,schools_total,53851,count,UDISE_2021-2022.pdf,138,Total Schools,"Table 7.9 col (2), All management"
Gujarat,2021-22,All,schools_with_computer,52781,count,UDISE_2021-2022.pdf,138,Schools with computer facility,"Table 7.9 col (7), All management"
Gujarat,2021-22,All,schools_with_computer,98,percent,UDISE_2021-2022.pdf,138,Percentage of Schools with computer facility,"Table 7.9 col (12), All management"
Haryana,2021-22,All,schools_total,23726,count,UDISE_2021-2022.pdf,138,Total Schools,"Table 7.9 col (2), All management"
Haryana,2021-22,All,schools_with_computer,22107,count,UDISE_2021-2022.pdf,138,Schools with computer facility,"Table 7.9 col (7), All management"
Haryana,2021-22,All,schools_with_computer,93.2,percent,UDISE_2021-2022.pdf,138,Percentage of Schools with computer facility,"Table 7.9 col (12), All management"
Himachal Pradesh,2021-22,All,schools_total,18028,count,UDISE_2021-2022.pdf,138,Total Schools,"Table 7.9 col (2), All management"
Himachal Pradesh,2021-22,All,schools_with_computer,7310,count,UDISE_2021-2022.pdf,138,Schools with computer facility,"Table 7.9 col (7), All management"
Himachal Pradesh,2021-22,All,schools_with_computer,40.5,percent,UDISE_2021-2022.pdf,138,Percentage of Schools with computer facility,"Table 7.9 col (12), All management"
Jammu & Kashmir,2021-22,All,schools_total,28805,count,UDISE_2021-2022.pdf,138,Total Schools,"Table 7.9 col (2), All management"
Jammu & Kashmir,2021-22,All,schools_with_computer,9631,count,UDISE_2021-2022.pdf,138,Schools with computer facility,"Table 7.9 col (7), All management"
Jammu & Kashmir,2021-22,All,schools_with_computer,33.4,percent,UDISE_2021-2022.pdf,138,Percentage of Schools with computer facility,"Table 7.9 col (12), All management"
Jharkhand,2021-22,All,schools_total,44855,count,UDISE_2021-2022.pdf,138,Total Schools,"Table 7.9 col (2), All management"
Jharkhand,2021-22,All,schools_with_computer,38224,count,UDISE_2021-2022.pdf,138,Schools with computer facility,"Table 7.9 col (7), All management"
Jharkhand,2021-22,All,schools_with_computer,85.2,percent,UDISE_2021-2022.pdf,138,Percentage of Schools with computer facility,"Table 7.9 col (12), All management"
Karnataka,2021-22,All,schools_total,76450,count,UDISE_2021-2022.pdf,138,Total Schools,"Table 7.9 col (2), All management"
Karnataka,2021-22,All,schools_with_computer,43142,count,UDISE_2021-2022.pdf,138,Schools with computer facility,"Table 7.9 col (7), All management"
Karnataka,2021-22,All,schools_with_computer,56.4,percent,UDISE_2021-2022.pdf,138,Percentage of Schools with computer facility,"Table 7.9 col (12), All management"
Kerala,2021-22,All,schools_total,16240,count,UDISE_2021-2022.pdf,138,Total Schools,"Table 7.9 col (2), All management"
Kerala,2021-22,All,schools_with_computer,15970,count,UDISE_2021-2022.pdf,138,Schools with computer facility,"Table 7.9 col (7), All management"
Kerala,2021-22,All,schools_with_computer,98.3,percent,UDISE_2021-2022.pdf,138,Percentage of Schools with computer facility,"Table 7.9 col (12), All management"
Ladakh,2021-22,All,schools_total,978,count,UDISE_2021-2022.pdf,138,Total Schools,"Table 7.9 col (2), All management"
Ladakh,2021-22,All,schools_with_computer,452,count,UDISE_2021-2022.pdf,138,Schools with computer facility,"Table 7.9 col (7), All management"
Ladakh,2021-22,All,schools_with_computer,46.2,percent,UDISE_2021-2022.pdf,138,Percentage of Schools with computer facility,"Table 7.9 col (12), All management"
Lakshadweep,2021-22,All,schools_total,38,count,UDISE_2021-2022.pdf,138,Total Schools,"Table 7.9 col (2), All management"
Lakshadweep,2021-22,All,schools_with_computer,38,count,UDISE_2021-2022.pdf,138,Schools with computer facility,"Table 7.9 col (7), All management"
Lakshadweep,2021-22,All,schools_with_computer,100,percent,UDISE_2021-2022.pdf,138,Percentage of Schools with computer facility,"Table 7.9 col (12), All management"
Madhya Pradesh,2021-22,All,schools_total,125582,count,UDISE_2021-2022.pdf,138,Total Schools,"Table 7.9 col (2), All management"
Madhya Pradesh,2021-22,All,schools_with_computer,32645,count,UDISE_2021-2022.pdf,138,Schools with computer facility,"Table 7.9 col (7), All management"
Madhya Pradesh,2021-22,All,schools_with_computer,26,percent,UDISE_2021-2022.pdf,138,Percentage of Schools with computer facility,"Table 7.9 col (12), All management"
Maharashtra,2021-22,All,schools_total,109605,count,UDISE_2021-2022.pdf,138,Total Schools,"Table 7.9 col (2), All management"
Maharashtra,2021-22,All,schools_with_computer,89257,count,UDISE_2021-2022.pdf,138,Schools with computer facility,"Table 7.9 col (7), All management"
Maharashtra,2021-22,All,schools_with_computer,81.4,percent,UDISE_2021-2022.pdf,138,Percentage of Schools with computer facility,"Table 7.9 col (12), All management"
Manipur,2021-22,All,schools_total,4617,count,UDISE_2021-2022.pdf,138,Total Schools,"Table 7.9 col (2), All management"
Manipur,2021-22,All,schools_with_computer,1708,count,UDISE_2021-2022.pdf,138,Schools with computer facility,"Table 7.9 col (7), All management"
Manipur,2021-22,All,schools_with_computer,37,percent,UDISE_2021-2022.pdf,138,Percentage of Schools with computer facility,"Table 7.9 col (12), All management"
Meghalaya,2021-22,All,schools_total,14600,count,UDISE_2021-2022.pdf,138,Total Schools,"Table 7.9 col (2), All management"
Meghalaya,2021-22,All,schools_with_computer,2673,count,UDISE_2021-2022.pdf,138,Schools with computer facility,"Table 7.9 col (7), All management"
Meghalaya,2021-22,All,schools_with_computer,18.3,percent,UDISE_2021-2022.pdf,138,Percentage of Schools with computer facility,"Table 7.9 col (12), All management"
Mizoram,2021-22,All,schools_total,3911,count,UDISE_2021-2022.pdf,138,Total Schools,"Table 7.9 col (2), All management"
Mizoram,2021-22,All,schools_with_computer,2092,count,UDISE_2021-2022.pdf,138,Schools with computer facility,"Table 7.9 col (7), All management"
Mizoram,2021-22,All,schools_with_computer,53.5,percent,UDISE_2021-2022.pdf,138,Percentage of Schools with computer facility,"Table 7.9 col (12), All management"
Nagaland,2021-22,All,schools_total,2718,count,UDISE_2021-2022.pdf,138,Total Schools,"Table 7.9 col (2), All management"
Nagaland,2021-22,All,schools_with_computer,1559,count,UDISE_2021-2022.pdf,138,Schools with computer facility,"Table 7.9 col (7), All management"
Nagaland,2021-22,All,schools_with_computer,57.4,percent,UDISE_2021-2022.pdf,138,Percentage of Schools with computer facility,"Table 7.9 col (12), All management"
Odisha,2021-22,All,schools_total,62291,count,UDISE_2021-2022.pdf,138,Total Schools,"Table 7.9 col (2), All management"
Odisha,2021-22,All,schools_with_computer,16464,count,UDISE_2021-2022.pdf,138,Schools with computer facility,"Table 7.9 col (7), All management"
Odisha,2021-22,All,schools_with_computer,26.4,percent,UDISE_2021-2022.pdf,138,Percentage of Schools with computer facility,"Table 7.9 col (12), All management"
Puducherry,2021-22,All,schools_total,736,count,UDISE_2021-2022.pdf,138,Total Schools,"Table 7.9 col (2), All management"
Puducherry,2021-22,All,schools_with_computer,733,count,UDISE_2021-2022.pdf,138,Schools with computer facility,"Table 7.9 col (7), All management"
Puducherry,2021-22,All,schools_with_computer,99.6,percent,UDISE_2021-2022.pdf,138,Percentage of Schools with computer facility,"Table 7.9 col (12), All management"
Punjab,2021-22,All,schools_total,27701,count,UDISE_2021-2022.pdf,138,Total Schools,"Table 7.9 col (2), All management"
Punjab,2021-22,All,schools_with_computer,27581,count,UDISE_2021-2022.pdf,138,Schools with computer facility,"Table 7.9 col (7), All management"
Punjab,2021-22,All,schools_with_computer,99.6,percent,UDISE_2021-2022.pdf,138,Percentage of Schools with computer facility,"Table 7.9 col (12), All management"
Rajasthan,2021-22,All,schools_total,106373,count,UDISE_2021-2022.pdf,138,Total Schools,"Table 7.9 col (2), All management"
Rajasthan,2021-22,All,schools_with_computer,55321,count,UDISE_2021-2022.pdf,138,Schools with computer facility,"Table 7.9 col (7), All management"
Rajasthan,2021-22,All,schools_with_computer,52,percent,UDISE_2021-2022.pdf,138,Percentage of Schools with computer facility,"Table 7.9 col (12), All management"
Sikkim,2021-22,All,schools_total,1259,count,UDISE_2021-2022.pdf,138,Total Schools,"Table 7.9 col (2), All management"
Sikkim,2021-22,All,schools_with_computer,1132,count,UDISE_2021-2022.pdf,138,Schools with computer facility,"Table 7.9 col (7), All management"
Sikkim,2021-22,All,schools_with_computer,89.9,percent,UDISE_2021-2022.pdf,138,Percentage of Schools with computer facility,"Table 7.9 col (12), All management"
Tamil Nadu,2021-22,All,schools_total,58801,count,UDISE_2021-2022.pdf,138,Total Schools,"Table 7.9 col (2), All management"
Tamil Nadu,2021-22,All,schools_with_computer,46092,count,UDISE_2021-2022.pdf,138,Schools with computer facility,"Table 7.9 col (7), All management"
Tamil Nadu,2021-22,All,schools_with_computer,78.4,percent,UDISE_2021-2022.pdf,138,Percentage of Schools with computer facility,"Table 7.9 col (12), All management"
Telangana,2021-22,All,schools_total,43083,count,UDISE_2021-2022.pdf,138,Total Schools,"Table 7.9 col (2), All management"
Telangana,2021-22,All,schools_with_computer,18483,count,UDISE_2021-2022.pdf,138,Schools with computer facility,"Table 7.9 col (7), All management"
Telangana,2021-22,All,schools_with_computer,42.9,percent,UDISE_2021-2022.pdf,138,Percentage of Schools with computer facility,"Table 7.9 col (12), All management"
Tripura,2021-22,All,schools_total,4929,count,UDISE_2021-2022.pdf,138,Total Schools,"Table 7.9 col (2), All management"
Tripura,2021-22,All,schools_with_computer,1607,count,UDISE_2021-2022.pdf,138,Schools with computer facility,"Table 7.9 col (7), All management"
Tripura,2021-22,All,schools_with_computer,32.6,percent,UDISE_2021-2022.pdf,138,Percentage of Schools with computer facility,"Table 7.9 col (12), All management"
Uttar Pradesh,2021-22,All,schools_total,258054,count,UDISE_2021-2022.pdf,138,Total Schools,"Table 7.9 col (2), All management"
Uttar Pradesh,2021-22,All,schools_with_computer,69635,count,UDISE_2021-2022.pdf,138,Schools with computer facility,"Table 7.9 col (7), All management"
Uttar Pradesh,2021-22,All,schools_with_computer,27,percent,UDISE_2021-2022.pdf,138,Percentage of Schools with computer facility,"Table 7.9 col (12), All management"
Uttarakhand,2021-22,All,schools_total,22815,count,UDISE_2021-2022.pdf,138,Total Schools,"Table 7.9 col (2), All management"
Uttarakhand,2021-22,All,schools_with_computer,13292,count,UDISE_2021-2022.pdf,138,Schools with computer facility,"Table 7.9 col (7), All management"
Uttarakhand,2021-22,All,schools_with_computer,58.3,percent,UDISE_2021-2022.pdf,138,Percentage of Schools with computer facility,"Table 7.9 col (12), All management"
West Bengal,2021-22,All,schools_total,94744,count,UDISE_2021-2022.pdf,138,Total Schools,"Table 7.9 col (2), All management"
West Bengal,2021-22,All,schools_with_computer,17421,count,UDISE_2021-2022.pdf,138,Schools with computer facility,"Table 7.9 col (7), All management"
West Bengal,2021-22,All,schools_with_computer,18.4,percent,UDISE_2021-2022.pdf,138,Percentage of Schools with computer facility,"Table 7.9 col (12), All management"
India,2021-22,All,schools_with_functional_computer,682566,count,UDISE_2021-2022.pdf,139,Schools with functional computer facility,"Table 7.10 col (7), All management"
India,2021-22,All,schools_with_functional_computer,45.8,percent,UDISE_2021-2022.pdf,139,Percentage of Schools with functional computer facility,"Table 7.10 col (12), All management"
Andaman & Nicobar Islands,2021-22,All,schools_with_functional_computer,275,count,UDISE_2021-2022.pdf,139,Schools with functional computer facility,"Table 7.10 col (7), All management"
Andaman & Nicobar Islands,2021-22,All,schools_with_functional_computer,66.1,percent,UDISE_2021-2022.pdf,139,Percentage of Schools with functional computer facility,"Table 7.10 col (12), All management"
Andhra Pradesh,2021-22,All,schools_with_functional_computer,29654,count,UDISE_2021-2022.pdf,139,Schools with functional computer facility,"Table 7.10 col (7), All management"
Andhra Pradesh,2021-22,All,schools_with_functional_computer,47.9,percent,UDISE_2021-2022.pdf,139,Percentage of Schools with functional computer facility,"Table 7.10 col (12), All management"
Arunachal Pradesh,2021-22,All,schools_with_functional_computer,1161,count,UDISE_2021-2022.pdf,139,Schools with functional computer facility,"Table 7.10 col (7), All management"
Arunachal Pradesh,2021-22,All,schools_with_functional_computer,32.2,percent,UDISE_2021-2022.pdf,139,Percentage of Schools with functional computer facility,"Table 7.10 col (12), All management"
Assam,2021-22,All,schools_with_functional_computer,9900,count,UDISE_2021-2022.pdf,139,Schools with functional computer facility,"Table 7.10 col (7), All management"
Assam,2021-22,All,schools_with_functional_computer,16.3,percent,UDISE_2021-2022.pdf,139,Percentage of Schools with functional computer facility,"Table 7.10 col (12), All management"
Bihar,2021-22,All,schools_with_functional_computer,17090,count,UDISE_2021-2022.pdf,139,Schools with functional computer facility,"Table 7.10 col (7), All management"
Bihar,2021-22,All,schools_with_functional_computer,18.3,percent,UDISE_2021-2022.pdf,139,Percentage of Schools with functional computer facility,"Table 7.10 col (12), All management"
Chandigarh,2021-22,All,schools_with_functional_computer,232,count,UDISE_2021-2022.pdf,139,Schools with functional computer facility,"Table 7.10 col (7), All management"
Chandigarh,2021-22,All,schools_with_functional_computer,99.6,percent,UDISE_2021-2022.pdf,139,Percentage of Schools with functional computer facility,"Table 7.10 col (12), All management"
Chhattisgarh,2021-22,All,schools_with_functional_computer,46777,count,UDISE_2021-2022.pdf,139,Schools with functional computer facility,"Table 7.10 col (7), All management"
Chhattisgarh,2021-22,All,schools_with_functional_computer,82.8,percent,UDISE_2021-2022.pdf,139,Percentage of Schools with functional computer facility,"Table 7.10 col (12), All management"
Dadra & Nagar Haveli and Daman & Diu,2021-22,All,schools_with_functional_computer,409,count,UDISE_2021-2022.pdf,139,Schools with functional computer facility,"Table 7.10 col (7), All management"
Dadra & Nagar Haveli and Daman & Diu,2021-22,All,schools_with_functional_computer,88.9,percent,UDISE_2021-2022.pdf,139,Percentage of Schools with functional computer facility,"Table 7.10 col (12), All management"
Delhi,2021-22,All,schools_with_functional_computer,5619,count,UDISE_2021-2022.pdf,139,Schools with functional computer facility,"Table 7.10 col (7), All management"
Delhi,2021-22,All,schools_with_functional_computer,100,percent,UDISE_2021-2022.pdf,139,Percentage of Schools with functional computer facility,"Table 7.10 col (12), All management"
Goa,2021-22,All,schools_with_functional_computer,822,count,UDISE_2021-2022.pdf,139,Schools with functional computer facility,"Table 7.10 col (7), All management"
Goa,2021-22,All,schools_with_functional_computer,54.4,percent,UDISE_2021-2022.pdf,139,Percentage of Schools with functional computer facility,"Table 7.10 col (12), All management"
Gujarat,2021-22,All,schools_with_functional_computer,52664,count,UDISE_2021-2022.pdf,139,Schools with functional computer facility,"Table 7.10 col (7), All management"
Gujarat,2021-22,All,schools_with_functional_computer,97.8,percent,UDISE_2021-2022.pdf,139,Percentage of Schools with functional computer facility,"Table 7.10 col (12), All management"
Haryana,2021-22,All,schools_with_functional_computer,21744,count,UDISE_2021-2022.pdf,139,Schools with functional computer facility,"Table 7.10 col (7), All management"
Haryana,2021-22,All,schools_with_functional_computer,91.6,percent,UDISE_2021-2022.pdf,139,Percentage of Schools with functional computer facility,"Table 7.10 col (12), All management"
Himachal Pradesh,2021-22,All,schools_with_functional_computer,7116,count,UDISE_2021-2022.pdf,139,Schools with functional computer facility,"Table 7.10 col (7), All management"
Himachal Pradesh,2021-22,All,schools_with_functional_computer,39.5,percent,UDISE_2021-2022.pdf,139,Percentage of Schools with functional computer facility,"Table 7.10 col (12), All management"
Jammu & Kashmir,2021-22,All,schools_with_functional_computer,9395,count,UDISE_2021-2022.pdf,139,Schools with functional computer facility,"Table 7.10 col (7), All management"
Jammu & Kashmir,2021-22,All,schools_with_functional_computer,32.6,percent,UDISE_2021-2022.pdf,139,Percentage of Schools with functional computer facility,"Table 7.10 col (12), All management"
Jharkhand,2021-22,All,schools_with_functional_computer,36797,count,UDISE_2021-2022.pdf,139,Schools with functional computer facility,"Table 7.10 col (7), All management"
Jharkhand,2021-22,All,schools_with_functional_computer,82,percent,UDISE_2021-2022.pdf,139,Percentage of Schools with functional computer facility,"Table 7.10 col (12), All management"
Karnataka,2021-22,All,schools_with_functional_computer,41366,count,UDISE_2021-2022.pdf,139,Schools with functional computer facility,"Table 7.10 col (7), All management"
Karnataka,2021-22,All,schools_with_functional_computer,54.1,percent,UDISE_2021-2022.pdf,139,Percentage of Schools with functional computer facility,"Table 7.10 col (12), All management"
Kerala,2021-22,All,schools_with_functional_computer,15951,count,UDISE_2021-2022.pdf,139,Schools with functional computer facility,"Table 7.10 col (7), All management"
Kerala,2021-22,All,schools_with_functional_computer,98.2,percent,UDISE_2021-2022.pdf,139,Percentage of Schools with functional computer facility,"Table 7.10 col (12), All management"
Ladakh,2021-22,All,schools_with_functional_computer,441,count,UDISE_2021-2022.pdf,139,Schools with functional computer facility,"Table 7.10 col (7), All management"
Ladakh,2021-22,All,schools_with_functional_computer,45.1,percent,UDISE_2021-2022.pdf,139,Percentage of Schools with functional computer facility,"Table 7.10 col (12), All management"
Lakshadweep,2021-22,All,schools_with_functional_computer,38,count,UDISE_2021-2022.pdf,139,Schools with functional computer facility,"Table 7.10 col (7), All management"
Lakshadweep,2021-22,All,schools_with_functional_computer,100,percent,UDISE_2021-2022.pdf,139,Percentage of Schools with functional computer facility,"Table 7.10 col (12), All management"
Madhya Pradesh,2021-22,All,schools_with_functional_computer,31639,count,UDISE_2021-2022.pdf,139,Schools with functional computer facility,"Table 7.10 col (7), All management"
Madhya Pradesh,2021-22,All,schools_with_functional_computer,25.2,percent,UDISE_2021-2022.pdf,139,Percentage of Schools with functional computer facility,"Table 7.10 col (12), All management"
Maharashtra,2021-22,All,schools_with_functional_computer,86163,count,UDISE_2021-2022.pdf,139,Schools with functional computer facility,"Table 7.10 col (7), All management"
Maharashtra,2021-22,All,schools_with_functional_computer,78.6,percent,UDISE_2021-2022.pdf,139,Percentage of Schools with functional computer facility,"Table 7.10 col (12), All management"
Manipur,2021-22,All,schools_with_functional_computer,1659,count,UDISE_2021-2022.pdf,139,Schools with functional computer facility,"Table 7.10 col (7), All management"
Manipur,2021-22,All,schools_with_functional_computer,35.9,percent,UDISE_2021-2022.pdf,139,Percentage of Schools with functional computer facility,"Table 7.10 col (12), All management"
Meghalaya,2021-22,All,schools_with_functional_computer,2599,count,UDISE_2021-2022.pdf,139,Schools with functional computer facility,"Table 7.10 col (7), All management"
Meghalaya,2021-22,All,schools_with_functional_computer,17.8,percent,UDISE_2021-2022.pdf,139,Percentage of Schools with functional computer facility,"Table 7.10 col (12), All management"
Mizoram,2021-22,All,schools_with_functional_computer,2033,count,UDISE_2021-2022.pdf,139,Schools with functional computer facility,"Table 7.10 col (7), All management"
Mizoram,2021-22,All,schools_with_functional_computer,52,percent,UDISE_2021-2022.pdf,139,Percentage of Schools with functional computer facility,"Table 7.10 col (12), All management"
Nagaland,2021-22,All,schools_with_functional_computer,1467,count,UDISE_2021-2022.pdf,139,Schools with functional computer facility,"Table 7.10 col (7), All management"
Nagaland,2021-22,All,schools_with_functional_computer,54,percent,UDISE_2021-2022.pdf,139,Percentage of Schools with functional computer facility,"Table 7.10 col (12), All management"
Odisha,2021-22,All,schools_with_functional_computer,15870,count,UDISE_2021-2022.pdf,139,Schools with functional computer facility,"Table 7.10 col (7), All management"
Odisha,2021-22,All,schools_with_functional_computer,25.5,percent,UDISE_2021-2022.pdf,139,Percentage of Schools with functional computer facility,"Table 7.10 col (12), All management"
Puducherry,2021-22,All,schools_with_functional_computer,726,count,UDISE_2021-2022.pdf,139,Schools with functional computer facility,"Table 7.10 col (7), All management"
Puducherry,2021-22,All,schools_with_functional_computer,98.6,percent,UDISE_2021-2022.pdf,139,Percentage of Schools with functional computer facility,"Table 7.10 col (12), All management"
Punjab,2021-22,All,schools_with_functional_computer,27574,count,UDISE_2021-2022.pdf,139,Schools with functional computer facility,"Table 7.10 col (7), All management"
Punjab,2021-22,All,schools_with_functional_computer,99.5,percent,UDISE_2021-2022.pdf,139,Percentage of Schools with functional computer facility,"Table 7.10 col (12), All management"
Rajasthan,2021-22,All,schools_with_functional_computer,52981,count,UDISE_2021-2022.pdf,139,Schools with functional computer facility,"Table 7.10 col (7), All management"
Rajasthan,2021-22,All,schools_with_functional_computer,49.8,percent,UDISE_2021-2022.pdf,139,Percentage of Schools with functional computer facility,"Table 7.10 col (12), All management"
Sikkim,2021-22,All,schools_with_functional_computer,1116,count,UDISE_2021-2022.pdf,139,Schools with functional computer facility,"Table 7.10 col (7), All management"
Sikkim,2021-22,All,schools_with_functional_computer,88.6,percent,UDISE_2021-2022.pdf,139,Percentage of Schools with functional computer facility,"Table 7.10 col (12), All management"
Tamil Nadu,2021-22,All,schools_with_functional_computer,45255,count,UDISE_2021-2022.pdf,139,Schools with functional computer facility,"Table 7.10 col (7), All management"
Tamil Nadu,2021-22,All,schools_with_functional_computer,77,percent,UDISE_2021-2022.pdf,139,Percentage of Schools with functional computer facility,"Table 7.10 col (12), All management"
Telangana,2021-22,All,schools_with_functional_computer,18188,count,UDISE_2021-2022.pdf,139,Schools with functional computer facility,"Table 7.10 col (7), All management"
Telangana,2021-22,All,schools_with_functional_computer,42.2,percent,UDISE_2021-2022.pdf,139,Percentage of Schools with functional computer facility,"Table 7.10 col (12), All management"
Tripura,2021-22,All,schools_with_functional_computer,1538,count,UDISE_2021-2022.pdf,139,Schools with functional computer facility,"Table 7.10 col (7), All management"
Tripura,2021-22,All,schools_with_functional_computer,31.2,percent,UDISE_2021-2022.pdf,139,Percentage of Schools with functional computer facility,"Table 7.10 col (12), All management"
Uttar Pradesh,2021-22,All,schools_with_functional_computer,66564,count,UDISE_2021-2022.pdf,139,Schools with functional computer facility,"Table 7.10 col (7), All management"
Uttar Pradesh,2021-22,All,schools_with_functional_computer,25.8,percent,UDISE_2021-2022.pdf,139,Percentage of Schools with functional computer facility,"Table 7.10 col (12), All management"
Uttarakhand,2021-22,All,schools_with_functional_computer,12557,count,UDISE_2021-2022.pdf,139,Schools with functional computer facility,"Table 7.10 col (7), All management"
Uttarakhand,2021-22,All,schools_with_functional_computer,55,percent,UDISE_2021-2022.pdf,139,Percentage of Schools with functional computer facility,"Table 7.10 col (12), All management"
West Bengal,2021-22,All,schools_with_functional_computer,17186,count,UDISE_2021-2022.pdf,139,Schools with functional computer facility,"Table 7.10 col (7), All management"
West Bengal,2021-22,All,schools_with_functional_computer,18.1,percent,UDISE_2021-2022.pdf,139,Percentage of Schools with functional computer facility,"Table 7.10 col (12), All management"
India,2021-22,All,schools_with_internet,504989,count,UDISE_2021-2022.pdf,140,Schools with internet facility available,"Table 7.11 col (7), All management"
India,2021-22,All,schools_with_internet,33.9,percent,UDISE_2021-2022.pdf,140,Percentage of Schools with internet facility available,"Table 7.11 col (12), All management"
Andaman & Nicobar Islands,2021-22,All,schools_with_internet,187,count,UDISE_2021-2022.pdf,140,Schools with internet facility available,"Table 7.11 col (7), All management"
Andaman & Nicobar Islands,2021-22,All,schools_with_internet,45,percent,UDISE_2021-2022.pdf,140,Percentage of Schools with internet facility available,"Table 7.11 col (12), All management"
Andhra Pradesh,2021-22,All,schools_with_internet,34744,count,UDISE_2021-2022.pdf,140,Schools with internet facility available,"Table 7.11 col (7), All management"
Andhra Pradesh,2021-22,All,schools_with_internet,56.1,percent,UDISE_2021-2022.pdf,140,Percentage of Schools with internet facility available,"Table 7.11 col (12), All management"
Arunachal Pradesh,2021-22,All,schools_with_internet,794,count,UDISE_2021-2022.pdf,140,Schools with internet facility available,"Table 7.11 col (7), All management"
Arunachal Pradesh,2021-22,All,schools_with_internet,22,percent,UDISE_2021-2022.pdf,140,Percentage of Schools with internet facility available,"Table 7.11 col (12), All management"
Assam,2021-22,All,schools_with_internet,7126,count,UDISE_2021-2022.pdf,140,Schools with internet facility available,"Table 7.11 col (7), All management"
Assam,2021-22,All,schools_with_internet,11.7,percent,UDISE_2021-2022.pdf,140,Percentage of Schools with internet facility available,"Table 7.11 col (12), All management"
Bihar,2021-22,All,schools_with_internet,10381,count,UDISE_2021-2022.pdf,140,Schools with internet facility available,"Table 7.11 col (7), All management"
Bihar,2021-22,All,schools_with_internet,11.1,percent,UDISE_2021-2022.pdf,140,Percentage of Schools with internet facility available,"Table 7.11 col (12), All management"
Chandigarh,2021-22,All,schools_with_internet,230,count,UDISE_2021-2022.pdf,140,Schools with internet facility available,"Table 7.11 col (7), All management"
Chandigarh,2021-22,All,schools_with_internet,98.7,percent,UDISE_2021-2022.pdf,140,Percentage of Schools with internet facility available,"Table 7.11 col (12), All management"
Chhattisgarh,2021-22,All,schools_with_internet,20735,count,UDISE_2021-2022.pdf,140,Schools with internet facility available,"Table 7.11 col (7), All management"
Chhattisgarh,2021-22,All,schools_with_internet,36.7,percent,UDISE_2021-2022.pdf,140,Percentage of Schools with internet facility available,"Table 7.11 col (12), All management"
Dadra & Nagar Haveli and Daman & Diu,2021-22,All,schools_with_internet,264,count,UDISE_2021-2022.pdf,140,Schools with internet facility available,"Table 7.11 col (7), All management"
Dadra & Nagar Haveli and Daman & Diu,2021-22,All,schools_with_internet,57.4,percent,UDISE_2021-2022.pdf,140,Percentage of Schools with internet facility available,"Table 7.11 col (12), All management"
Delhi,2021-22,All,schools_with_internet,5619,count,UDISE_2021-2022.pdf,140,Schools with internet facility available,"Table 7.11 col (7), All management"
Delhi,2021-22,All,schools_with_internet,100,percent,UDISE_2021-2022.pdf,140,Percentage of Schools with internet facility available,"Table 7.11 col (12), All management"
Goa,2021-22,All,schools_with_internet,879,count,UDISE_2021-2022.pdf,140,Schools with internet facility available,"Table 7.11 col (7), All management"
Goa,2021-22,All,schools_with_internet,58.2,percent,UDISE_2021-2022.pdf,140,Percentage of Schools with internet facility available,"Table 7.11 col (12), All management"
Gujarat,2021-22,All,schools_with_internet,49522,count,UDISE_2021-2022.pdf,140,Schools with internet facility available,"Table 7.11 col (7), All management"
Gujarat,2021-22,All,schools_with_internet,92,percent,UDISE_2021-2022.pdf,140,Percentage of Schools with internet facility available,"Table 7.11 col (12), All management"
Haryana,2021-22,All,schools_with_internet,12158,count,UDISE_2021-2022.pdf,140,Schools with internet facility available,"Table 7.11 col (7), All management"
Haryana,2021-22,All,schools_with_internet,51.2,percent,UDISE_2021-2022.pdf,140,Percentage of Schools with internet facility available,"Table 7.11 col (12), All management"
Himachal Pradesh,2021-22,All,schools_with_internet,6215,count,UDISE_2021-2022.pdf,140,Schools with internet facility available,"Table 7.11 col (7), All management"
Himachal Pradesh,2021-22,All,schools_with_internet,34.5,percent,UDISE_2021-2022.pdf,140,Percentage of Schools with internet facility available,"Table 7.11 col (12), All management"
Jammu & Kashmir,2021-22,All,schools_with_internet,8566,count,UDISE_2021-2022.pdf,140,Schools with internet facility available,"Table 7.11 col (7), All management"
Jammu & Kashmir,2021-22,All,schools_with_internet,29.7,percent,UDISE_2021-2022.pdf,140,Percentage of Schools with internet facility available,"Table 7.11 col (12), All management"
Jharkhand,2021-22,All,schools_with_internet,16726,count,UDISE_2021-2022.pdf,140,Schools with internet facility available,"Table 7.11 col (7), All management"
Jharkhand,2021-22,All,schools_with_internet,37.3,percent,UDISE_2021-2022.pdf,140,Percentage of Schools with internet facility available,"Table 7.11 col (12), All management"
Karnataka,2021-22,All,schools_with_internet,22590,count,UDISE_2021-2022.pdf,140,Schools with internet facility available,"Table 7.11 col (7), All management"
Karnataka,2021-22,All,schools_with_internet,29.6,percent,UDISE_2021-2022.pdf,140,Percentage of Schools with internet facility available,"Table 7.11 col (12), All management"
Kerala,2021-22,All,schools_with_internet,15459,count,UDISE_2021-2022.pdf,140,Schools with internet facility available,"Table 7.11 col (7), All management"
Kerala,2021-22,All,schools_with_internet,95.2,percent,UDISE_2021-2022.pdf,140,Percentage of Schools with internet facility available,"Table 7.11 col (12), All management"
Ladakh,2021-22,All,schools_with_internet,418,count,UDISE_2021-2022.pdf,140,Schools with internet facility available,"Table 7.11 col (7), All management"
Ladakh,2021-22,All,schools_with_internet,42.7,percent,UDISE_2021-2022.pdf,140,Percentage of Schools with internet facility available,"Table 7.11 col (12), All management"
Lakshadweep,2021-22,All,schools_with_internet,37,count,UDISE_2021-2022.pdf,140,Schools with internet facility available,"Table 7.11 col (7), All management"
Lakshadweep,2021-22,All,schools_with_internet,97.4,percent,UDISE_2021-2022.pdf,140,Percentage of Schools with internet facility available,"Table 7.11 col (12), All management"
Madhya Pradesh,2021-22,All,schools_with_internet,34562,count,UDISE_2021-2022.pdf,140,Schools with internet facility available,"Table 7.11 col (7), All management"
Madhya Pradesh,2021-22,All,schools_with_internet,27.5,percent,UDISE_2021-2022.pdf,140,Percentage of Schools with internet facility available,"Table 7.11 col (12), All management"
Maharashtra,2021-22,All,schools_with_internet,52553,count,UDISE_2021-2022.pdf,140,Schools with internet facility available,"Table 7.11 col (7), All management"
Maharashtra,2021-22,All,schools_with_internet,48,percent,UDISE_2021-2022.pdf,140,Percentage of Schools with internet facility available,"Table 7.11 col (12), All management"
Manipur,2021-22,All,schools_with_internet,1065,count,UDISE_2021-2022.pdf,140,Schools with internet facility available,"Table 7.11 col (7), All management"
Manipur,2021-22,All,schools_with_internet,23.1,percent,UDISE_2021-2022.pdf,140,Percentage of Schools with internet facility available,"Table 7.11 col (12), All management"
Meghalaya,2021-22,All,schools_with_internet,2460,count,UDISE_2021-2022.pdf,140,Schools with internet facility available,"Table 7.11 col (7), All management"
Meghalaya,2021-22,All,schools_with_internet,16.9,percent,UDISE_2021-2022.pdf,140,Percentage of Schools with internet facility available,"Table 7.11 col (12), All management"
Mizoram,2021-22,All,schools_with_internet,307,count,UDISE_2021-2022.pdf,140,Schools with internet facility available,"Table 7.11 col (7), All management"
Mizoram,2021-22,All,schools_with_internet,7.9,percent,UDISE_2021-2022.pdf,140,Percentage of Schools with internet facility available,"Table 7.11 col (12), All management"
Nagaland,2021-22,All,schools_with_internet,1383,count,UDISE_2021-2022.pdf,140,Schools with internet facility available,"Table 7.11 col (7), All management"
Nagaland,2021-22,All,schools_with_internet,50.9,percent,UDISE_2021-2022.pdf,140,Percentage of Schools with internet facility available,"Table 7.11 col (12), All management"
Odisha,2021-22,All,schools_with_internet,9284,count,UDISE_2021-2022.pdf,140,Schools with internet facility available,"Table 7.11 col (7), All management"
Odisha,2021-22,All,schools_with_internet,14.9,percent,UDISE_2021-2022.pdf,140,Percentage of Schools with internet facility available,"Table 7.11 col (12), All management"
Puducherry,2021-22,All,schools_with_internet,724,count,UDISE_2021-2022.pdf,140,Schools with internet facility available,"Table 7.11 col (7), All management"
Puducherry,2021-22,All,schools_with_internet,98.4,percent,UDISE_2021-2022.pdf,140,Percentage of Schools with internet facility available,"Table 7.11 col (12), All management"
Punjab,2021-22,All,schools_with_internet,16429,count,UDISE_2021-2022.pdf,140,Schools with internet facility available,"Table 7.11 col (7), All management"
Punjab,2021-22,All,schools_with_internet,59.3,percent,UDISE_2021-2022.pdf,140,Percentage of Schools with internet facility available,"Table 7.11 col (12), All management"
Rajasthan,2021-22,All,schools_with_internet,63674,count,UDISE_2021-2022.pdf,140,Schools with internet facility available,"Table 7.11 col (7), All management"
Rajasthan,2021-22,All,schools_with_internet,59.9,percent,UDISE_2021-2022.pdf,140,Percentage of Schools with internet facility available,"Table 7.11 col (12), All management"
Sikkim,2021-22,All,schools_with_internet,434,count,UDISE_2021-2022.pdf,140,Schools with internet facility available,"Table 7.11 col (7), All management"
Sikkim,2021-22,All,schools_with_internet,34.5,percent,UDISE_2021-2022.pdf,140,Percentage of Schools with internet facility available,"Table 7.11 col (12), All management"
Tamil Nadu,2021-22,All,schools_with_internet,22086,count,UDISE_2021-2022.pdf,140,Schools with internet facility available,"Table 7.11 col (7), All management"
Tamil Nadu,2021-22,All,schools_with_internet,37.6,percent,UDISE_2021-2022.pdf,140,Percentage of Schools with internet facility available,"Table 7.11 col (12), All management"
Telangana,2021-22,All,schools_with_internet,9887,count,UDISE_2021-2022.pdf,140,Schools with internet facility available,"Table 7.11 col (7), All management"
Telangana,2021-22,All,schools_with_internet,23,percent,UDISE_2021-2022.pdf,140,Percentage of Schools with internet facility available,"Table 7.11 col (12), All management"
Tripura,2021-22,All,schools_with_internet,896,count,UDISE_2021-2022.pdf,140,Schools with internet facility available,"Table 7.11 col (7), All management"
Tripura,2021-22,All,schools_with_internet,18.2,percent,UDISE_2021-2022.pdf,140,Percentage of Schools with internet facility available,"Table 7.11 col (12), All management"
Uttar Pradesh,2021-22,All,schools_with_internet,54554,count,UDISE_2021-2022.pdf,140,Schools with internet facility available,"Table 7.11 col (7), All management"
Uttar Pradesh,2021-22,All,schools_with_internet,21.1,percent,UDISE_2021-2022.pdf,140,Percentage of Schools with internet facility available,"Table 7.11 col (12), All management"
Uttarakhand,2021-22,All,schools_with_internet,6245,count,UDISE_2021-2022.pdf,140,Schools with internet facility available,"Table 7.11 col (7), All management"
Uttarakhand,2021-22,All,schools_with_internet,27.4,percent,UDISE_2021-2022.pdf,140,Percentage of Schools with internet facility available,"Table 7.11 col (12), All management"
West Bengal,2021-22,All,schools_with_internet,15796,count,UDISE_2021-2022.pdf,140,Schools with internet facility available,"Table 7.11 col (7), All management"
West Bengal,2021-22,All,schools_with_internet,16.7,percent,UDISE_2021-2022.pdf,140,Percentage of Schools with internet facility available,"Table 7.11 col (12), All management"
India,2021-22,All,schools_with_smart_classroom,222155,count,UDISE_2021-2022.pdf,182,Schools having functional Smart Classrooms used for teaching with Digital Boards/ Smart Boards/ Virtual Classrooms/ Smart TV availability,"Table x.6 col (7), All management"
India,2021-22,All,schools_with_smart_classroom,14.9,percent,UDISE_2021-2022.pdf,182,Percentage of Schools having functional Smart Classrooms used for teaching with Digital Boards/ Smart Boards/ Virtual Classrooms/ Smart TV availability,"Table x.6 col (12), All management"
Andaman & Nicobar Islands,2021-22,All,schools_with_smart_classroom,155,count,UDISE_2021-2022.pdf,182,Schools having functional Smart Classrooms used for teaching with Digital Boards/ Smart Boards/ Virtual Classrooms/ Smart TV availability,"Table x.6 col (7), All management"
Andaman & Nicobar Islands,2021-22,All,schools_with_smart_classroom,37.3,percent,UDISE_2021-2022.pdf,182,Percentage of Schools having functional Smart Classrooms used for teaching with Digital Boards/ Smart Boards/ Virtual Classrooms/ Smart TV availability,"Table x.6 col (12), All management"
Andhra Pradesh,2021-22,All,schools_with_smart_classroom,11171,count,UDISE_2021-2022.pdf,182,Schools having functional Smart Classrooms used for teaching with Digital Boards/ Smart Boards/ Virtual Classrooms/ Smart TV availability,"Table x.6 col (7), All management"
Andhra Pradesh,2021-22,All,schools_with_smart_classroom,18,percent,UDISE_2021-2022.pdf,182,Percentage of Schools having functional Smart Classrooms used for teaching with Digital Boards/ Smart Boards/ Virtual Classrooms/ Smart TV availability,"Table x.6 col (12), All management"
Arunachal Pradesh,2021-22,All,schools_with_smart_classroom,334,count,UDISE_2021-2022.pdf,182,Schools having functional Smart Classrooms used for teaching with Digital Boards/ Smart Boards/ Virtual Classrooms/ Smart TV availability,"Table x.6 col (7), All management"
Arunachal Pradesh,2021-22,All,schools_with_smart_classroom,9.3,percent,UDISE_2021-2022.pdf,182,Percentage of Schools having functional Smart Classrooms used for teaching with Digital Boards/ Smart Boards/ Virtual Classrooms/ Smart TV availability,"Table x.6 col (12), All management"
Assam,2021-22,All,schools_with_smart_classroom,1469,count,UDISE_2021-2022.pdf,182,Schools having functional Smart Classrooms used for teaching with Digital Boards/ Smart Boards/ Virtual Classrooms/ Smart TV availability,"Table x.6 col (7), All management"
Assam,2021-22,All,schools_with_smart_classroom,2.4,percent,UDISE_2021-2022.pdf,182,Percentage of Schools having functional Smart Classrooms used for teaching with Digital Boards/ Smart Boards/ Virtual Classrooms/ Smart TV availability,"Table x.6 col (12), All management"
Bihar,2021-22,All,schools_with_smart_classroom,4293,count,UDISE_2021-2022.pdf,182,Schools having functional Smart Classrooms used for teaching with Digital Boards/ Smart Boards/ Virtual Classrooms/ Smart TV availability,"Table x.6 col (7), All management"
Bihar,2021-22,All,schools_with_smart_classroom,4.6,percent,UDISE_2021-2022.pdf,182,Percentage of Schools having functional Smart Classrooms used for teaching with Digital Boards/ Smart Boards/ Virtual Classrooms/ Smart TV availability,"Table x.6 col (12), All management"
Chandigarh,2021-22,All,schools_with_smart_classroom,96,count,UDISE_2021-2022.pdf,182,Schools having functional Smart Classrooms used for teaching with Digital Boards/ Smart Boards/ Virtual Classrooms/ Smart TV availability,"Table x.6 col (7), All management"
Chandigarh,2021-22,All,schools_with_smart_classroom,41.2,percent,UDISE_2021-2022.pdf,182,Percentage of Schools having functional Smart Classrooms used for teaching with Digital Boards/ Smart Boards/ Virtual Classrooms/ Smart TV availability,"Table x.6 col (12), All management"
Chhattisgarh,2021-22,All,schools_with_smart_classroom,3358,count,UDISE_2021-2022.pdf,182,Schools having functional Smart Classrooms used for teaching with Digital Boards/ Smart Boards/ Virtual Classrooms/ Smart TV availability,"Table x.6 col (7), All management"
Chhattisgarh,2021-22,All,schools_with_smart_classroom,5.9,percent,UDISE_2021-2022.pdf,182,Percentage of Schools having functional Smart Classrooms used for teaching with Digital Boards/ Smart Boards/ Virtual Classrooms/ Smart TV availability,"Table x.6 col (12), All management"
Dadra & Nagar Haveli and Daman & Diu,2021-22,All,schools_with_smart_classroom,96,count,UDISE_2021-2022.pdf,182,Schools having functional Smart Classrooms used for teaching with Digital Boards/ Smart Boards/ Virtual Classrooms/ Smart TV availability,"Table x.6 col (7), All management"
Dadra & Nagar Haveli and Daman & Diu,2021-22,All,schools_with_smart_classroom,20.9,percent,UDISE_2021-2022.pdf,182,Percentage of Schools having functional Smart Classrooms used for teaching with Digital Boards/ Smart Boards/ Virtual Classrooms/ Smart TV availability,"Table x.6 col (12), All management"
Delhi,2021-22,All,schools_with_smart_classroom,2447,count,UDISE_2021-2022.pdf,182,Schools having functional Smart Classrooms used for teaching with Digital Boards/ Smart Boards/ Virtual Classrooms/ Smart TV availability,"Table x.6 col (7), All management"
Delhi,2021-22,All,schools_with_smart_classroom,43.6,percent,UDISE_2021-2022.pdf,182,Percentage of Schools having functional Smart Classrooms used for teaching with Digital Boards/ Smart Boards/ Virtual Classrooms/ Smart TV availability,"Table x.6 col (12), All management"
Goa,2021-22,All,schools_with_smart_classroom,140,count,UDISE_2021-2022.pdf,182,Schools having functional Smart Classrooms used for teaching with Digital Boards/ Smart Boards/ Virtual Classrooms/ Smart TV availability,"Table x.6 col (7), All management"
Goa,2021-22,All,schools_with_smart_classroom,9.3,percent,UDISE_2021-2022.pdf,182,Percentage of Schools having functional Smart Classrooms used for teaching with Digital Boards/ Smart Boards/ Virtual Classrooms/ Smart TV availability,"Table x.6 col (12), All management"
Gujarat,2021-22,All,schools_with_smart_classroom,11816,count,UDISE_2021-2022.pdf,182,Schools having functional Smart Classrooms used for teaching with Digital Boards/ Smart Boards/ Virtual Classrooms/ Smart TV availability,"Table x.6 col (7), All management"
Gujarat,2021-22,All,schools_with_smart_classroom,21.9,percent,UDISE_2021-2022.pdf,182,Percentage of Schools having functional Smart Classrooms used for teaching with Digital Boards/ Smart Boards/ Virtual Classrooms/ Smart TV availability,"Table x.6 col (12), All management"
Haryana,2021-22,All,schools_with_smart_classroom,4171,count,UDISE_2021-2022.pdf,182,Schools having functional Smart Classrooms used for teaching with Digital Boards/ Smart Boards/ Virtual Classrooms/ Smart TV availability,"Table x.6 col (7), All management"
Haryana,2021-22,All,schools_with_smart_classroom,17.6,percent,UDISE_2021-2022.pdf,182,Percentage of Schools having functional Smart Classrooms used for teaching with Digital Boards/ Smart Boards/ Virtual Classrooms/ Smart TV availability,"Table x.6 col (12), All management"
Himachal Pradesh,2021-22,All,schools_with_smart_classroom,2393,count,UDISE_2021-2022.pdf,182,Schools having functional Smart Classrooms used for teaching with Digital Boards/ Smart Boards/ Virtual Classrooms/ Smart TV availability,"Table x.6 col (7), All management"
Himachal Pradesh,2021-22,All,schools_with_smart_classroom,13.3,percent,UDISE_2021-2022.pdf,182,Percentage of Schools having functional Smart Classrooms used for teaching with Digital Boards/ Smart Boards/ Virtual Classrooms/ Smart TV availability,"Table x.6 col (12), All management"
Jammu & Kashmir,2021-22,All,schools_with_smart_classroom,2346,count,UDISE_2021-2022.pdf,182,Schools having functional Smart Classrooms used for teaching with Digital Boards/ Smart Boards/ Virtual Classrooms/ Smart TV availability,"Table x.6 col (7), All management"
Jammu & Kashmir,2021-22,All,schools_with_smart_classroom,8.1,percent,UDISE_2021-2022.pdf,182,Percentage of Schools having functional Smart Classrooms used for teaching with Digital Boards/ Smart Boards/ Virtual Classrooms/ Smart TV availability,"Table x.6 col (12), All management"
Jharkhand,2021-22,All,schools_with_smart_classroom,1999,count,UDISE_2021-2022.pdf,182,Schools having functional Smart Classrooms used for teaching with Digital Boards/ Smart Boards/ Virtual Classrooms/ Smart TV availability,"Table x.6 col (7), All management"
Jharkhand,2021-22,All,schools_with_smart_classroom,4.5,percent,UDISE_2021-2022.pdf,182,Percentage of Schools having functional Smart Classrooms used for teaching with Digital Boards/ Smart Boards/ Virtual Classrooms/ Smart TV availability,"Table x.6 col (12), All management"
Karnataka,2021-22,All,schools_with_smart_classroom,8016,count,UDISE_2021-2022.pdf,182,Schools having functional Smart Classrooms used for teaching with Digital Boards/ Smart Boards/ Virtual Classrooms/ Smart TV availability,"Table x.6 col (7), All management"
Karnataka,2021-22,All,schools_with_smart_classroom,10.5,percent,UDISE_2021-2022.pdf,182,Percentage of Schools having functional Smart Classrooms used for teaching with Digital Boards/ Smart Boards/ Virtual Classrooms/ Smart TV availability,"Table x.6 col (12), All management"
Kerala,2021-22,All,schools_with_smart_classroom,6259,count,UDISE_2021-2022.pdf,182,Schools having functional Smart Classrooms used for teaching with Digital Boards/ Smart Boards/ Virtual Classrooms/ Smart TV availability,"Table x.6 col (7), All management"
Kerala,2021-22,All,schools_with_smart_classroom,38.5,percent,UDISE_2021-2022.pdf,182,Percentage of Schools having functional Smart Classrooms used for teaching with Digital Boards/ Smart Boards/ Virtual Classrooms/ Smart TV availability,"Table x.6 col (12), All management"
Ladakh,2021-22,All,schools_with_smart_classroom,149,count,UDISE_2021-2022.pdf,182,Schools having functional Smart Classrooms used for teaching with Digital Boards/ Smart Boards/ Virtual Classrooms/ Smart TV availability,"Table x.6 col (7), All management"
Ladakh,2021-22,All,schools_with_smart_classroom,15.2,percent,UDISE_2021-2022.pdf,182,Percentage of Schools having functional Smart Classrooms used for teaching with Digital Boards/ Smart Boards/ Virtual Classrooms/ Smart TV availability,"Table x.6 col (12), All management"
Lakshadweep,2021-22,All,schools_with_smart_classroom,18,count,UDISE_2021-2022.pdf,182,Schools having functional Smart Classrooms used for teaching with Digital Boards/ Smart Boards/ Virtual Classrooms/ Smart TV availability,"Table x.6 col (7), All management"
Lakshadweep,2021-22,All,schools_with_smart_classroom,47.4,percent,UDISE_2021-2022.pdf,182,Percentage of Schools having functional Smart Classrooms used for teaching with Digital Boards/ Smart Boards/ Virtual Classrooms/ Smart TV availability,"Table x.6 col (12), All management"
Madhya Pradesh,2021-22,All,schools_with_smart_classroom,6510,count,UDISE_2021-2022.pdf,182,Schools having functional Smart Classrooms used for teaching with Digital Boards/ Smart Boards/ Virtual Classrooms/ Smart TV availability,"Table x.6 col (7), All management"
Madhya Pradesh,2021-22,All,schools_with_smart_classroom,5.2,percent,UDISE_2021-2022.pdf,182,Percentage of Schools having functional Smart Classrooms used for teaching with Digital Boards/ Smart Boards/ Virtual Classrooms/ Smart TV availability,"Table x.6 col (12), All management"
Maharashtra,2021-22,All,schools_with_smart_classroom,18997,count,UDISE_2021-2022.pdf,182,Schools having functional Smart Classrooms used for teaching with Digital Boards/ Smart Boards/ Virtual Classrooms/ Smart TV availability,"Table x.6 col (7), All management"
Maharashtra,2021-22,All,schools_with_smart_classroom,17.3,percent,UDISE_2021-2022.pdf,182,Percentage of Schools having functional Smart Classrooms used for teaching with Digital Boards/ Smart Boards/ Virtual Classrooms/ Smart TV availability,"Table x.6 col (12), All management"
Manipur,2021-22,All,schools_with_smart_classroom,280,count,UDISE_2021-2022.pdf,182,Schools having functional Smart Classrooms used for teaching with Digital Boards/ Smart Boards/ Virtual Classrooms/ Smart TV availability,"Table x.6 col (7), All management"
Manipur,2021-22,All,schools_with_smart_classroom,6.1,percent,UDISE_2021-2022.pdf,182,Percentage of Schools having functional Smart Classrooms used for teaching with Digital Boards/ Smart Boards/ Virtual Classrooms/ Smart TV availability,"Table x.6 col (12), All management"
Meghalaya,2021-22,All,schools_with_smart_classroom,336,count,UDISE_2021-2022.pdf,182,Schools having functional Smart Classrooms used for teaching with Digital Boards/ Smart Boards/ Virtual Classrooms/ Smart TV availability,"Table x.6 col (7), All management"
Meghalaya,2021-22,All,schools_with_smart_classroom,2.3,percent,UDISE_2021-2022.pdf,182,Percentage of Schools having functional Smart Classrooms used for teaching with Digital Boards/ Smart Boards/ Virtual Classrooms/ Smart TV availability,"Table x.6 col (12), All management"
Mizoram,2021-22,All,schools_with_smart_classroom,25,count,UDISE_2021-2022.pdf,182,Schools having functional Smart Classrooms used for teaching with Digital Boards/ Smart Boards/ Virtual Classrooms/ Smart TV availability,"Table x.6 col (7), All management"
Mizoram,2021-22,All,schools_with_smart_classroom,0.6,percent,UDISE_2021-2022.pdf,182,Percentage of Schools having functional Smart Classrooms used for teaching with Digital Boards/ Smart Boards/ Virtual Classrooms/ Smart TV availability,"Table x.6 col (12), All management"
Nagaland,2021-22,All,schools_with_smart_classroom,327,count,UDISE_2021-2022.pdf,182,Schools having functional Smart Classrooms used for teaching with Digital Boards/ Smart Boards/ Virtual Classrooms/ Smart TV availability,"Table x.6 col (7), All management"
Nagaland,2021-22,All,schools_with_smart_classroom,12,percent,UDISE_2021-2022.pdf,182,Percentage of Schools having functional Smart Classrooms used for teaching with Digital Boards/ Smart Boards/ Virtual Classrooms/ Smart TV availability,"Table x.6 col (12), All management"
Odisha,2021-22,All,schools_with_smart_classroom,3509,count,UDISE_2021-2022.pdf,182,Schools having functional Smart Classrooms used for teaching with Digital Boards/ Smart Boards/ Virtual Classrooms/ Smart TV availability,"Table x.6 col (7), All management"
Odisha,2021-22,All,schools_with_smart_classroom,5.6,percent,UDISE_2021-2022.pdf,182,Percentage of Schools having functional Smart Classrooms used for teaching with Digital Boards/ Smart Boards/ Virtual Classrooms/ Smart TV availability,"Table x.6 col (12), All management"
Puducherry,2021-22,All,schools_with_smart_classroom,290,count,UDISE_2021-2022.pdf,182,Schools having functional Smart Classrooms used for teaching with Digital Boards/ Smart Boards/ Virtual Classrooms/ Smart TV availability,"Table x.6 col (7), All management"
Puducherry,2021-22,All,schools_with_smart_classroom,39.4,percent,UDISE_2021-2022.pdf,182,Percentage of Schools having functional Smart Classrooms used for teaching with Digital Boards/ Smart Boards/ Virtual Classrooms/ Smart TV availability,"Table x.6 col (12), All management"
Punjab,2021-22,All,schools_with_smart_classroom,14921,count,UDISE_2021-2022.pdf,182,Schools having functional Smart Classrooms used for teaching with Digital Boards/ Smart Boards/ Virtual Classrooms/ Smart TV availability,"Table x.6 col (7), All management"
Punjab,2021-22,All,schools_with_smart_classroom,53.9,percent,UDISE_2021-2022.pdf,182,Percentage of Schools having functional Smart Classrooms used for teaching with Digital Boards/ Smart Boards/ Virtual Classrooms/ Smart TV availability,"Table x.6 col (12), All management"
Rajasthan,2021-22,All,schools_with_smart_classroom,6854,count,UDISE_2021-2022.pdf,182,Schools having functional Smart Classrooms used for teaching with Digital Boards/ Smart Boards/ Virtual Classrooms/ Smart TV availability,"Table x.6 col (7), All management"
Rajasthan,2021-22,All,schools_with_smart_classroom,6.4,percent,UDISE_2021-2022.pdf,182,Percentage of Schools having functional Smart Classrooms used for teaching with Digital Boards/ Smart Boards/ Virtual Classrooms/ Smart TV availability,"Table x.6 col (12), All management"
Sikkim,2021-22,All,schools_with_smart_classroom,318,count,UDISE_2021-2022.pdf,182,Schools having functional Smart Classrooms used for teaching with Digital Boards/ Smart Boards/ Virtual Classrooms/ Smart TV availability,"Table x.6 col (7), All management"
Sikkim,2021-22,All,schools_with_smart_classroom,25.3,percent,UDISE_2021-2022.pdf,182,Percentage of Schools having functional Smart Classrooms used for teaching with Digital Boards/ Smart Boards/ Virtual Classrooms/ Smart TV availability,"Table x.6 col (12), All management"
Tamil Nadu,2021-22,All,schools_with_smart_classroom,0,count,UDISE_2021-2022.pdf,182,Schools having functional Smart Classrooms used for teaching with Digital Boards/ Smart Boards/ Virtual Classrooms/ Smart TV availability,"Table x.6 col (7), All management"
Tamil Nadu,2021-22,All,schools_with_smart_classroom,0,percent,UDISE_2021-2022.pdf,182,Percentage of Schools having functional Smart Classrooms used for teaching with Digital Boards/ Smart Boards/ Virtual Classrooms/ Smart TV availability,"Table x.6 col (12), All management"
Telangana,2021-22,All,schools_with_smart_classroom,1525,count,UDISE_2021-2022.pdf,182,Schools having functional Smart Classrooms used for teaching with Digital Boards/ Smart Boards/ Virtual Classrooms/ Smart TV availability,"Table x.6 col (7), All management"
Telangana,2021-22,All,schools_with_smart_classroom,3.5,percent,UDISE_2021-2022.pdf,182,Percentage of Schools having functional Smart Classrooms used for teaching with Digital Boards/ Smart Boards/ Virtual Classrooms/ Smart TV availability,"Table x.6 col (12), All management"
Tripura,2021-22,All,schools_with_smart_classroom,211,count,UDISE_2021-2022.pdf,182,Schools having functional Smart Classrooms used for teaching with Digital Boards/ Smart Boards/ Virtual Classrooms/ Smart TV availability,"Table x.6 col (7), All management"
Tripura,2021-22,All,schools_with_smart_classroom,4.3,percent,UDISE_2021-2022.pdf,182,Percentage of Schools having functional Smart Classrooms used for teaching with Digital Boards/ Smart Boards/ Virtual Classrooms/ Smart TV availability,"Table x.6 col (12), All management"
Uttar Pradesh,2021-22,All,schools_with_smart_classroom,10599,count,UDISE_2021-2022.pdf,182,Schools having functional Smart Classrooms used for teaching with Digital Boards/ Smart Boards/ Virtual Classrooms/ Smart TV availability,"Table x.6 col (7), All management"
Uttar Pradesh,2021-22,All,schools_with_smart_classroom,4.1,percent,UDISE_2021-2022.pdf,182,Percentage of Schools having functional Smart Classrooms used for teaching with Digital Boards/ Smart Boards/ Virtual Classrooms/ Smart TV availability,"Table x.6 col (12), All management"
Uttarakhand,2021-22,All,schools_with_smart_classroom,2085,count,UDISE_2021-2022.pdf,182,Schools having functional Smart Classrooms used for teaching with Digital Boards/ Smart Boards/ Virtual Classrooms/ Smart TV availability,"Table x.6 col (7), All management"
Uttarakhand,2021-22,All,schools_with_smart_classroom,9.1,percent,UDISE_2021-2022.pdf,182,Percentage of Schools having functional Smart Classrooms used for teaching with Digital Boards/ Smart Boards/ Virtual Classrooms/ Smart TV availability,"Table x.6 col (12), All management"
West Bengal,2021-22,All,schools_with_smart_classroom,94642,count,UDISE_2021-2022.pdf,182,Schools having functional Smart Classrooms used for teaching with Digital Boards/ Smart Boards/ Virtual Classrooms/ Smart TV availability,"Table x.6 col (7), All management"
West Bengal,2021-22,All,schools_with_smart_classroom,99.9,percent,UDISE_2021-2022.pdf,182,Percentage of Schools having functional Smart Classrooms used for teaching with Digital Boards/ Smart Boards/ Virtual Classrooms/ Smart TV availability,"Table x.6 col (12), All management"
India,2021-22,All,schools_with_digital_library,32762,count,UDISE_2021-2022.pdf,184,Schools having Digital Library availability,"Table x.8 col (7), All management"
India,2021-22,All,schools_with_digital_library,2.2,percent,UDISE_2021-2022.pdf,184,Percentage of Schools having Digital Library availability,"Table x.8 col (12), All management"
Andaman & Nicobar Islands,2021-22,All,schools_with_digital_library,8,count,UDISE_2021-2022.pdf,184,Schools having Digital Library availability,"Table x.8 col (7), All management"
Andaman & Nicobar Islands,2021-22,All,schools_with_digital_library,1.9,percent,UDISE_2021-2022.pdf,184,Percentage of Schools having Digital Library availability,"Table x.8 col (12), All management"
Andhra Pradesh,2021-22,All,schools_with_digital_library,3110,count,UDISE_2021-2022.pdf,184,Schools having Digital Library availability,"Table x.8 col (7), All management"
Andhra Pradesh,2021-22,All,schools_with_digital_library,5,percent,UDISE_2021-2022.pdf,184,Percentage of Schools having Digital Library availability,"Table x.8 col (12), All management"
Arunachal Pradesh,2021-22,All,schools_with_digital_library,32,count,UDISE_2021-2022.pdf,184,Schools having Digital Library availability,"Table x.8 col (7), All management"
Arunachal Pradesh,2021-22,All,schools_with_digital_library,0.9,percent,UDISE_2021-2022.pdf,184,Percentage of Schools having Digital Library availability,"Table x.8 col (12), All management"
Assam,2021-22,All,schools_with_digital_library,314,count,UDISE_2021-2022.pdf,184,Schools having Digital Library availability,"Table x.8 col (7), All management"
Assam,2021-22,All,schools_with_digital_library,0.5,percent,UDISE_2021-2022.pdf,184,Percentage of Schools having Digital Library availability,"Table x.8 col (12), All management"
Bihar,2021-22,All,schools_with_digital_library,961,count,UDISE_2021-2022.pdf,184,Schools having Digital Library availability,"Table x.8 col (7), All management"
Bihar,2021-22,All,schools_with_digital_library,1,percent,UDISE_2021-2022.pdf,184,Percentage of Schools having Digital Library availability,"Table x.8 col (12), All management"
Chandigarh,2021-22,All,schools_with_digital_library,24,count,UDISE_2021-2022.pdf,184,Schools having Digital Library availability,"Table x.8 col (7), All management"
Chandigarh,2021-22,All,schools_with_digital_library,10.3,percent,UDISE_2021-2022.pdf,184,Percentage of Schools having Digital Library availability,"Table x.8 col (12), All management"
Chhattisgarh,2021-22,All,schools_with_digital_library,762,count,UDISE_2021-2022.pdf,184,Schools having Digital Library availability,"Table x.8 col (7), All management"
Chhattisgarh,2021-22,All,schools_with_digital_library,1.4,percent,UDISE_2021-2022.pdf,184,Percentage of Schools having Digital Library availability,"Table x.8 col (12), All management"
Dadra & Nagar Haveli and Daman & Diu,2021-22,All,schools_with_digital_library,6,count,UDISE_2021-2022.pdf,184,Schools having Digital Library availability,"Table x.8 col (7), All management"
Dadra & Nagar Haveli and Daman & Diu,2021-22,All,schools_with_digital_library,1.3,percent,UDISE_2021-2022.pdf,184,Percentage of Schools having Digital Library availability,"Table x.8 col (12), All management"
Delhi,2021-22,All,schools_with_digital_library,274,count,UDISE_2021-2022.pdf,184,Schools having Digital Library availability,"Table x.8 col (7), All management"
Delhi,2021-22,All,schools_with_digital_library,4.9,percent,UDISE_2021-2022.pdf,184,Percentage of Schools having Digital Library availability,"Table x.8 col (12), All management"
Goa,2021-22,All,schools_with_digital_library,22,count,UDISE_2021-2022.pdf,184,Schools having Digital Library availability,"Table x.8 col (7), All management"
Goa,2021-22,All,schools_with_digital_library,1.5,percent,UDISE_2021-2022.pdf,184,Percentage of Schools having Digital Library availability,"Table x.8 col (12), All management"
Gujarat,2021-22,All,schools_with_digital_library,1347,count,UDISE_2021-2022.pdf,184,Schools having Digital Library availability,"Table x.8 col (7), All management"
Gujarat,2021-22,All,schools_with_digital_library,2.5,percent,UDISE_2021-2022.pdf,184,Percentage of Schools having Digital Library availability,"Table x.8 col (12), All management"
Haryana,2021-22,All,schools_with_digital_library,685,count,UDISE_2021-2022.pdf,184,Schools having Digital Library availability,"Table x.8 col (7), All management"
Haryana,2021-22,All,schools_with_digital_library,2.9,percent,UDISE_2021-2022.pdf,184,Percentage of Schools having Digital Library availability,"Table x.8 col (12), All management"
Himachal Pradesh,2021-22,All,schools_with_digital_library,232,count,UDISE_2021-2022.pdf,184,Schools having Digital Library availability,"Table x.8 col (7), All management"
Himachal Pradesh,2021-22,All,schools_with_digital_library,1.3,percent,UDISE_2021-2022.pdf,184,Percentage of Schools having Digital Library availability,"Table x.8 col (12), All management"
Jammu & Kashmir,2021-22,All,schools_with_digital_library,337,count,UDISE_2021-2022.pdf,184,Schools having Digital Library availability,"Table x.8 col (7), All management"
Jammu & Kashmir,2021-22,All,schools_with_digital_library,1.2,percent,UDISE_2021-2022.pdf,184,Percentage of Schools having Digital Library availability,"Table x.8 col (12), All management"
Jharkhand,2021-22,All,schools_with_digital_library,844,count,UDISE_2021-2022.pdf,184,Schools having Digital Library availability,"Table x.8 col (7), All management"
Jharkhand,2021-22,All,schools_with_digital_library,1.9,percent,UDISE_2021-2022.pdf,184,Percentage of Schools having Digital Library availability,"Table x.8 col (12), All management"
Karnataka,2021-22,All,schools_with_digital_library,2830,count,UDISE_2021-2022.pdf,184,Schools having Digital Library availability,"Table x.8 col (7), All management"
Karnataka,2021-22,All,schools_with_digital_library,3.7,percent,UDISE_2021-2022.pdf,184,Percentage of Schools having Digital Library availability,"Table x.8 col (12), All management"
Kerala,2021-22,All,schools_with_digital_library,1203,count,UDISE_2021-2022.pdf,184,Schools having Digital Library availability,"Table x.8 col (7), All management"
Kerala,2021-22,All,schools_with_digital_library,7.4,percent,UDISE_2021-2022.pdf,184,Percentage of Schools having Digital Library availability,"Table x.8 col (12), All management"
Ladakh,2021-22,All,schools_with_digital_library,40,count,UDISE_2021-2022.pdf,184,Schools having Digital Library availability,"Table x.8 col (7), All management"
Ladakh,2021-22,All,schools_with_digital_library,4.1,percent,UDISE_2021-2022.pdf,184,Percentage of Schools having Digital Library availability,"Table x.8 col (12), All management"
Lakshadweep,2021-22,All,schools_with_digital_library,3,count,UDISE_2021-2022.pdf,184,Schools having Digital Library availability,"Table x.8 col (7), All management"
Lakshadweep,2021-22,All,schools_with_digital_library,7.9,percent,UDISE_2021-2022.pdf,184,Percentage of Schools having Digital Library availability,"Table x.8 col (12), All management"
Madhya Pradesh,2021-22,All,schools_with_digital_library,2611,count,UDISE_2021-2022.pdf,184,Schools having Digital Library availability,"Table x.8 col (7), All management"
Madhya Pradesh,2021-22,All,schools_with_digital_library,2.1,percent,UDISE_2021-2022.pdf,184,Percentage of Schools having Digital Library availability,"Table x.8 col (12), All management"
Maharashtra,2021-22,All,schools_with_digital_library,5307,count,UDISE_2021-2022.pdf,184,Schools having Digital Library availability,"Table x.8 col (7), All management"
Maharashtra,2021-22,All,schools_with_digital_library,4.8,percent,UDISE_2021-2022.pdf,184,Percentage of Schools having Digital Library availability,"Table x.8 col (12), All management"
Manipur,2021-22,All,schools_with_digital_library,45,count,UDISE_2021-2022.pdf,184,Schools having Digital Library availability,"Table x.8 col (7), All management"
Manipur,2021-22,All,schools_with_digital_library,1,percent,UDISE_2021-2022.pdf,184,Percentage of Schools having Digital Library availability,"Table x.8 col (12), All management"
Meghalaya,2021-22,All,schools_with_digital_library,106,count,UDISE_2021-2022.pdf,184,Schools having Digital Library availability,"Table x.8 col (7), All management"
Meghalaya,2021-22,All,schools_with_digital_library,0.7,percent,UDISE_2021-2022.pdf,184,Percentage of Schools having Digital Library availability,"Table x.8 col (12), All management"
Mizoram,2021-22,All,schools_with_digital_library,5,count,UDISE_2021-2022.pdf,184,Schools having Digital Library availability,"Table x.8 col (7), All management"
Mizoram,2021-22,All,schools_with_digital_library,0.1,percent,UDISE_2021-2022.pdf,184,Percentage of Schools having Digital Library availability,"Table x.8 col (12), All management"
Nagaland,2021-22,All,schools_with_digital_library,34,count,UDISE_2021-2022.pdf,184,Schools having Digital Library availability,"Table x.8 col (7), All management"
Nagaland,2021-22,All,schools_with_digital_library,1.3,percent,UDISE_2021-2022.pdf,184,Percentage of Schools having Digital Library availability,"Table x.8 col (12), All management"
Odisha,2021-22,All,schools_with_digital_library,1732,count,UDISE_2021-2022.pdf,184,Schools having Digital Library availability,"Table x.8 col (7), All management"
Odisha,2021-22,All,schools_with_digital_library,2.8,percent,UDISE_2021-2022.pdf,184,Percentage of Schools having Digital Library availability,"Table x.8 col (12), All management"
Puducherry,2021-22,All,schools_with_digital_library,31,count,UDISE_2021-2022.pdf,184,Schools having Digital Library availability,"Table x.8 col (7), All management"
Puducherry,2021-22,All,schools_with_digital_library,4.2,percent,UDISE_2021-2022.pdf,184,Percentage of Schools having Digital Library availability,"Table x.8 col (12), All management"
Punjab,2021-22,All,schools_with_digital_library,1763,count,UDISE_2021-2022.pdf,184,Schools having Digital Library availability,"Table x.8 col (7), All management"
Punjab,2021-22,All,schools_with_digital_library,6.4,percent,UDISE_2021-2022.pdf,184,Percentage of Schools having Digital Library availability,"Table x.8 col (12), All management"
Rajasthan,2021-22,All,schools_with_digital_library,2268,count,UDISE_2021-2022.pdf,184,Schools having Digital Library availability,"Table x.8 col (7), All management"
Rajasthan,2021-22,All,schools_with_digital_library,2.1,percent,UDISE_2021-2022.pdf,184,Percentage of Schools having Digital Library availability,"Table x.8 col (12), All management"
Sikkim,2021-22,All,schools_with_digital_library,71,count,UDISE_2021-2022.pdf,184,Schools having Digital Library availability,"Table x.8 col (7), All management"
Sikkim,2021-22,All,schools_with_digital_library,5.6,percent,UDISE_2021-2022.pdf,184,Percentage of Schools having Digital Library availability,"Table x.8 col (12), All management"
Tamil Nadu,2021-22,All,schools_with_digital_library,0,count,UDISE_2021-2022.pdf,184,Schools having Digital Library availability,"Table x.8 col (7), All management"
Tamil Nadu,2021-22,All,schools_with_digital_library,0,percent,UDISE_2021-2022.pdf,184,Percentage of Schools having Digital Library availability,"Table x.8 col (12), All management"
Telangana,2021-22,All,schools_with_digital_library,772,count,UDISE_2021-2022.pdf,184,Schools having Digital Library availability,"Table x.8 col (7), All management"
Telangana,2021-22,All,schools_with_digital_library,1.8,percent,UDISE_2021-2022.pdf,184,Percentage of Schools having Digital Library availability,"Table x.8 col (12), All management"
Tripura,2021-22,All,schools_with_digital_library,34,count,UDISE_2021-2022.pdf,184,Schools having Digital Library availability,"Table x.8 col (7), All management"
Tripura,2021-22,All,schools_with_digital_library,0.7,percent,UDISE_2021-2022.pdf,184,Percentage of Schools having Digital Library availability,"Table x.8 col (12), All management"
Uttar Pradesh,2021-22,All,schools_with_digital_library,4243,count,UDISE_2021-2022.pdf,184,Schools having Digital Library availability,"Table x.8 col (7), All management"
Uttar Pradesh,2021-22,All,schools_with_digital_library,1.6,percent,UDISE_2021-2022.pdf,184,Percentage of Schools having Digital Library availability,"Table x.8 col (12), All management"
Uttarakhand,2021-22,All,schools_with_digital_library,331,count,UDISE_2021-2022.pdf,184,Schools having Digital Library availability,"Table x.8 col (7), All management"
Uttarakhand,2021-22,All,schools_with_digital_library,1.5,percent,UDISE_2021-2022.pdf,184,Percentage of Schools having Digital Library availability,"Table x.8 col (12), All management"
West Bengal,2021-22,All,schools_with_digital_library,375,count,UDISE_2021-2022.pdf,184,Schools having Digital Library availability,"Table x.8 col (7), All management"
West Bengal,2021-22,All,schools_with_digital_library,0.4,percent,UDISE_2021-2022.pdf,184,Percentage of Schools having Digital Library availability,"Table x.8 col (12), All management"
India,2021-22,"Upper Primary, Secondary and Higher Secondary",govt_schools_total,389932,count,UDISE_2021-2022.pdf,185,"Number of Government Schools with Upper Primary, Secondary and Higher Secondary sections having: Total",Table x.9 col (2)
India,2021-22,"Upper Primary, Secondary and Higher Secondary",govt_schools_with_ict_lab,68172,count,UDISE_2021-2022.pdf,185,"Number of Government Schools with Upper Primary, Secondary and Higher Secondary sections having: ICT labs",Table x.9 col (3)
India,2021-22,"Upper Primary, Secondary and Higher Secondary",govt_schools_with_functional_ict_lab,54575,count,UDISE_2021-2022.pdf,185,"Number of Government Schools with Upper Primary, Secondary and Higher Secondary sections having: Functional ICT Labs",Table x.9 col (4)
India,2021-22,"Upper Primary, Secondary and Higher Secondary",govt_aided_schools_total,64788,count,UDISE_2021-2022.pdf,185,"Number of Government Aided Schools with Upper Primary, Secondary and Higher Secondary sections having: Total",Table x.9 col (5)
India,2021-22,"Upper Primary, Secondary and Higher Secondary",govt_aided_schools_with_ict_lab,18010,count,UDISE_2021-2022.pdf,185,"Number of Government Aided Schools with Upper Primary, Secondary and Higher Secondary sections having: ICT labs",Table x.9 col (6)
India,2021-22,"Upper Primary, Secondary and Higher Secondary",govt_aided_schools_with_functional_ict_lab,13571,count,UDISE_2021-2022.pdf,185,"Number of Government Aided Schools with Upper Primary, Secondary and Higher Secondary sections having: Functional ICT Labs",Table x.9 col (7)
India,2021-22,"Upper Primary, Secondary and Higher Secondary",govt_schools_with_ict_lab,17.5,percent,UDISE_2021-2022.pdf,185,"Percentage of Government Schools with Upper Primary, Secondary and Higher Secondary sections having: ICT labs",Table x.9 col (8)
India,2021-22,"Upper Primary, Secondary and Higher Secondary",govt_schools_with_functional_ict_lab,14.0,percent,UDISE_2021-2022.pdf,185,"Percentage of Government Schools with Upper Primary, Secondary and Higher Secondary sections having: Functional ICT Labs",Table x.9 col (9)
India,2021-22,"Upper Primary, Secondary and Higher Secondary",govt_aided_schools_with_ict_lab,27.8,percent,UDISE_2021-2022.pdf,185,"Percentage of Government Aided Schools with Upper Primary, Secondary and Higher Secondary sections having: ICT labs",Table x.9 col (10)
India,2021-22,"Upper Primary, Secondary and Higher Secondary",govt_aided_schools_with_functional_ict_lab,21.0,percent,UDISE_2021-2022.pdf,185,"Percentage of Government Aided Schools with Upper Primary, Secondary and Higher Secondary sections having: Functional ICT Labs",Table x.9 col (11)
Andaman & Nicobar Islands,2021-22,"Upper Primary, Secondary and Higher Secondary",govt_schools_total,157,count,UDISE_2021-2022.pdf,185,"Number of Government Schools with Upper Primary, Secondary and Higher Secondary sections having: Total",Table x.9 col (2)
Andaman & Nicobar Islands,2021-22,"Upper Primary, Secondary and Higher Secondary",govt_schools_with_ict_lab,123,count,UDISE_2021-2022.pdf,185,"Number of Government Schools with Upper Primary, Secondary and Higher Secondary sections having: ICT labs",Table x.9 col (3)
Andaman & Nicobar Islands,2021-22,"Upper Primary, Secondary and Higher Secondary",govt_schools_with_functional_ict_lab,120,count,UDISE_2021-2022.pdf,185,"Number of Government Schools with Upper Primary, Secondary and Higher Secondary sections having: Functional ICT Labs",Table x.9 col (4)
Andaman & Nicobar Islands,2021-22,"Upper Primary, Secondary and Higher Secondary",govt_aided_schools_total,2,count,UDISE_2021-2022.pdf,185,"Number of Government Aided Schools with Upper Primary, Secondary and Higher Secondary sections having: Total",Table x.9 col (5)
Andaman & Nicobar Islands,2021-22,"Upper Primary, Secondary and Higher Secondary",govt_aided_schools_with_ict_lab,1,count,UDISE_2021-2022.pdf,185,"Number of Government Aided Schools with Upper Primary, Secondary and Higher Secondary sections having: ICT labs",Table x.9 col (6)
Andaman & Nicobar Islands,2021-22,"Upper Primary, Secondary and Higher Secondary",govt_aided_schools_with_functional_ict_lab,1,count,UDISE_2021-2022.pdf,185,"Number of Government Aided Schools with Upper Primary, Secondary and Higher Secondary sections having: Functional ICT Labs",Table x.9 col (7)
Andaman & Nicobar Islands,2021-22,"Upper Primary, Secondary and Higher Secondary",govt_schools_with_ict_lab,78.3,percent,UDISE_2021-2022.pdf,185,"Percentage of Government Schools with Upper Primary, Secondary and Higher Secondary sections having: ICT labs",Table x.9 col (8)
Andaman & Nicobar Islands,2021-22,"Upper Primary, Secondary and Higher Secondary",govt_schools_with_functional_ict_lab,76.4,percent,UDISE_2021-2022.pdf,185,"Percentage of Government Schools with Upper Primary, Secondary and Higher Secondary sections having: Functional ICT Labs",Table x.9 col (9)
Andaman & Nicobar Islands,2021-22,"Upper Primary, Secondary and Higher Secondary",govt_aided_schools_with_ict_lab,50.0,percent,UDISE_2021-2022.pdf,185,"Percentage of Government Aided Schools with Upper Primary, Secondary and Higher Secondary sections having: ICT labs",Table x.9 col (10)
Andaman & Nicobar Islands,2021-22,"Upper Primary, Secondary and Higher Secondary",govt_aided_schools_with_functional_ict_lab,50.0,percent,UDISE_2021-2022.pdf,185,"Percentage of Government Aided Schools with Upper Primary, Secondary and Higher Secondary sections having: Functional ICT Labs",Table x.9 col (11)
Andhra Pradesh,2021-22,"Upper Primary, Secondary and Higher Secondary",govt_schools_total,11374,count,UDISE_2021-2022.pdf,185,"Number of Government Schools with Upper Primary, Secondary and Higher Secondary sections having: Total",Table x.9 col (2)
Andhra Pradesh,2021-22,"Upper Primary, Secondary and Higher Secondary",govt_schools_with_ict_lab,965,count,UDISE_2021-2022.pdf,185,"Number of Government Schools with Upper Primary, Secondary and Higher Secondary sections having: ICT labs",Table x.9 col (3)
Andhra Pradesh,2021-22,"Upper Primary, Secondary and Higher Secondary",govt_schools_with_functional_ict_lab,563,count,UDISE_2021-2022.pdf,185,"Number of Government Schools with Upper Primary, Secondary and Higher Secondary sections having: Functional ICT Labs",Table x.9 col (4)
Andhra Pradesh,2021-22,"Upper Primary, Secondary and Higher Secondary",govt_aided_schools_total,663,count,UDISE_2021-2022.pdf,185,"Number of Government Aided Schools with Upper Primary, Secondary and Higher Secondary sections having: Total",Table x.9 col (5)
Andhra Pradesh,2021-22,"Upper Primary, Secondary and Higher Secondary",govt_aided_schools_with_ict_lab,19,count,UDISE_2021-2022.pdf,185,"Number of Government Aided Schools with Upper Primary, Secondary and Higher Secondary sections having: ICT labs",Table x.9 col (6)
Andhra Pradesh,2021-22,"Upper Primary, Secondary and Higher Secondary",govt_aided_schools_with_functional_ict_lab,15,count,UDISE_2021-2022.pdf,185,"Number of Government Aided Schools with Upper Primary, Secondary and Higher Secondary sections having: Functional ICT Labs",Table x.9 col (7)
Andhra Pradesh,2021-22,"Upper Primary, Secondary and Higher Secondary",govt_schools_with_ict_lab,8.5,percent,UDISE_2021-2022.pdf,185,"Percentage of Government Schools with Upper Primary, Secondary and Higher Secondary sections having: ICT labs",Table x.9 col (8)
Andhra Pradesh,2021-22,"Upper Primary, Secondary and Higher Secondary",govt_schools_with_functional_ict_lab,5.0,percent,UDISE_2021-2022.pdf,185,"Percentage of Government Schools with Upper Primary, Secondary and Higher Secondary sections having: Functional ICT Labs",Table x.9 col (9)
Andhra Pradesh,2021-22,"Upper Primary, Secondary and Higher Secondary",govt_aided_schools_with_ict_lab,2.9,percent,UDISE_2021-2022.pdf,185,"Percentage of Government Aided Schools with Upper Primary, Secondary and Higher Secondary sections having: ICT labs",Table x.9 col (10)
Andhra Pradesh,2021-22,"Upper Primary, Secondary and Higher Secondary",govt_aided_schools_with_functional_ict_lab,2.3,percent,UDISE_2021-2022.pdf,185,"Percentage of Government Aided Schools with Upper Primary, Secondary and Higher Secondary sections having: Functional ICT Labs",Table x.9 col (11)
Arunachal Pradesh,2021-22,"Upper Primary, Secondary and Higher Secondary",govt_schools_total,1312,count,UDISE_2021-2022.pdf,185,"Number of Government Schools with Upper Primary, Secondary and Higher Secondary sections having: Total",Table x.9 col (2)
Arunachal Pradesh,2021-22,"Upper Primary, Secondary and Higher Secondary",govt_schools_with_ict_lab,134,count,UDISE_2021-2022.pdf,185,"Number of Government Schools with Upper Primary, Secondary and Higher Secondary sections having: ICT labs",Table x.9 col (3)
Arunachal Pradesh,2021-22,"Upper Primary, Secondary and Higher Secondary",govt_schools_with_functional_ict_lab,99,count,UDISE_2021-2022.pdf,185,"Number of Government Schools with Upper Primary, Secondary and Higher Secondary sections having: Functional ICT Labs",Table x.9 col (4)
Arunachal Pradesh,2021-22,"Upper Primary, Secondary and Higher Secondary",govt_aided_schools_total,56,count,UDISE_2021-2022.pdf,185,"Number of Government Aided Schools with Upper Primary, Secondary and Higher Secondary sections having: Total",Table x.9 col (5)
Arunachal Pradesh,2021-22,"Upper Primary, Secondary and Higher Secondary",govt_aided_schools_with_ict_lab,12,count,UDISE_2021-2022.pdf,185,"Number of Government Aided Schools with Upper Primary, Secondary and Higher Secondary sections having: ICT labs",Table x.9 col (6)
Arunachal Pradesh,2021-22,"Upper Primary, Secondary and Higher Secondary",govt_aided_schools_with_functional_ict_lab,11,count,UDISE_2021-2022.pdf,185,"Number of Government Aided Schools with Upper Primary, Secondary and Higher Secondary sections having: Functional ICT Labs",Table x.9 col (7)
Arunachal Pradesh,2021-22,"Upper Primary, Secondary and Higher Secondary",govt_schools_with_ict_lab,10.2,percent,UDISE_2021-2022.pdf,185,"Percentage of Government Schools with Upper Primary, Secondary and Higher Secondary sections having: ICT labs",Table x.9 col (8)
Arunachal Pradesh,2021-22,"Upper Primary, Secondary and Higher Secondary",govt_schools_with_functional_ict_lab,7.6,percent,UDISE_2021-2022.pdf,185,"Percentage of Government Schools with Upper Primary, Secondary and Higher Secondary sections having: Functional ICT Labs",Table x.9 col (9)
Arunachal Pradesh,2021-22,"Upper Primary, Secondary and Higher Secondary",govt_aided_schools_with_ict_lab,21.4,percent,UDISE_2021-2022.pdf,185,"Percentage of Government Aided Schools with Upper Primary, Secondary and Higher Secondary sections having: ICT labs",Table x.9 col (10)
Arunachal Pradesh,2021-22,"Upper Primary, Secondary and Higher Secondary",govt_aided_schools_with_functional_ict_lab,19.6,percent,UDISE_2021-2022.pdf,185,"Percentage of Government Aided Schools with Upper Primary, Secondary and Higher Secondary sections having: Functional ICT Labs",Table x.9 col (11)
Assam,2021-22,"Upper Primary, Secondary and Higher Secondary",govt_schools_total,10543,count,UDISE_2021-2022.pdf,185,"Number of Government Schools with Upper Primary, Secondary and Higher Secondary sections having: Total",Table x.9 col (2)
Assam,2021-22,"Upper Primary, Secondary and Higher Secondary",govt_schools_with_ict_lab,3103,count,UDISE_2021-2022.pdf,185,"Number of Government Schools with Upper Primary, Secondary and Higher Secondary sections having: ICT labs",Table x.9 col (3)
Assam,2021-22,"Upper Primary, Secondary and Higher Secondary",govt_schools_with_functional_ict_lab,2259,count,UDISE_2021-2022.pdf,185,"Number of Government Schools with Upper Primary, Secondary and Higher Secondary sections having: Functional ICT Labs",Table x.9 col (4)
Assam,2021-22,"Upper Primary, Secondary and Higher Secondary",govt_aided_schools_total,3840,count,UDISE_2021-2022.pdf,185,"Number of Government Aided Schools with Upper Primary, Secondary and Higher Secondary sections having: Total",Table x.9 col (5)
Assam,2021-22,"Upper Primary, Secondary and Higher Secondary",govt_aided_schools_with_ict_lab,69,count,UDISE_2021-2022.pdf,185,"Number of Government Aided Schools with Upper Primary, Secondary and Higher Secondary sections having: ICT labs",Table x.9 col (6)
Assam,2021-22,"Upper Primary, Secondary and Higher Secondary",govt_aided_schools_with_functional_ict_lab,31,count,UDISE_2021-2022.pdf,185,"Number of Government Aided Schools with Upper Primary, Secondary and Higher Secondary sections having: Functional ICT Labs",Table x.9 col (7)
Assam,2021-22,"Upper Primary, Secondary and Higher Secondary",govt_schools_with_ict_lab,29.4,percent,UDISE_2021-2022.pdf,185,"Percentage of Government Schools with Upper Primary, Secondary and Higher Secondary sections having: ICT labs",Table x.9 col (8)
Assam,2021-22,"Upper Primary, Secondary and Higher Secondary",govt_schools_with_functional_ict_lab,21.4,percent,UDISE_2021-2022.pdf,185,"Percentage of Government Schools with Upper Primary, Secondary and Higher Secondary sections having: Functional ICT Labs",Table x.9 col (9)
Assam,2021-22,"Upper Primary, Secondary and Higher Secondary",govt_aided_schools_with_ict_lab,1.8,percent,UDISE_2021-2022.pdf,185,"Percentage of Government Aided Schools with Upper Primary, Secondary and Higher Secondary sections having: ICT labs",Table x.9 col (10)
Assam,2021-22,"Upper Primary, Secondary and Higher Secondary",govt_aided_schools_with_functional_ict_lab,0.8,percent,UDISE_2021-2022.pdf,185,"Percentage of Government Aided Schools with Upper Primary, Secondary and Higher Secondary sections having: Functional ICT Labs",Table x.9 col (11)
Bihar,2021-22,"Upper Primary, Secondary and Higher Secondary",govt_schools_total,35035,count,UDISE_2021-2022.pdf,185,"Number of Government Schools with Upper Primary, Secondary and Higher Secondary sections having: Total",Table x.9 col (2)
Bihar,2021-22,"Upper Primary, Secondary and Higher Secondary",govt_schools_with_ict_lab,855,count,UDISE_2021-2022.pdf,185,"Number of Government Schools with Upper Primary, Secondary and Higher Secondary sections having: ICT labs",Table x.9 col (3)
Bihar,2021-22,"Upper Primary, Secondary and Higher Secondary",govt_schools_with_functional_ict_lab,308,count,UDISE_2021-2022.pdf,185,"Number of Government Schools with Upper Primary, Secondary and Higher Secondary sections having: Functional ICT Labs",Table x.9 col (4)
Bihar,2021-22,"Upper Primary, Secondary and Higher Secondary",govt_aided_schools_total,702,count,UDISE_2021-2022.pdf,185,"Number of Government Aided Schools with Upper Primary, Secondary and Higher Secondary sections having: Total",Table x.9 col (5)
Bihar,2021-22,"Upper Primary, Secondary and Higher Secondary",govt_aided_schools_with_ict_lab,30,count,UDISE_2021-2022.pdf,185,"Number of Government Aided Schools with Upper Primary, Secondary and Higher Secondary sections having: ICT labs",Table x.9 col (6)
Bihar,2021-22,"Upper Primary, Secondary and Higher Secondary",govt_aided_schools_with_functional_ict_lab,20,count,UDISE_2021-2022.pdf,185,"Number of Government Aided Schools with Upper Primary, Secondary and Higher Secondary sections having: Functional ICT Labs",Table x.9 col (7)
Bihar,2021-22,"Upper Primary, Secondary and Higher Secondary",govt_schools_with_ict_lab,2.4,percent,UDISE_2021-2022.pdf,185,"Percentage of Government Schools with Upper Primary, Secondary and Higher Secondary sections having: ICT labs",Table x.9 col (8)
Bihar,2021-22,"Upper Primary, Secondary and Higher Secondary",govt_schools_with_functional_ict_lab,0.9,percent,UDISE_2021-2022.pdf,185,"Percentage of Government Schools with Upper Primary, Secondary and Higher Secondary sections having: Functional ICT Labs",Table x.9 col (9)
Bihar,2021-22,"Upper Primary, Secondary and Higher Secondary",govt_aided_schools_with_ict_lab,4.3,percent,UDISE_2021-2022.pdf,185,"Percentage of Government Aided Schools with Upper Primary, Secondary and Higher Secondary sections having: ICT labs",Table x.9 col (10)
Bihar,2021-22,"Upper Primary, Secondary and Higher Secondary",govt_aided_schools_with_functional_ict_lab,2.9,percent,UDISE_2021-2022.pdf,185,"Percentage of Government Aided Schools with Upper Primary, Secondary and Higher Secondary sections having: Functional ICT Labs",Table x.9 col (11)
Chandigarh,2021-22,"Upper Primary, Secondary and Higher Secondary",govt_schools_total,115,count,UDISE_2021-2022.pdf,185,"Number of Government Schools with Upper Primary, Secondary and Higher Secondary sections having: Total",Table x.9 col (2)
Chandigarh,2021-22,"Upper Primary, Secondary and Higher Secondary",govt_schools_with_ict_lab,111,count,UDISE_2021-2022.pdf,185,"Number of Government Schools with Upper Primary, Secondary and Higher Secondary sections having: ICT labs",Table x.9 col (3)
Chandigarh,2021-22,"Upper Primary, Secondary and Higher Secondary",govt_schools_with_functional_ict_lab,109,count,UDISE_2021-2022.pdf,185,"Number of Government Schools with Upper Primary, Secondary and Higher Secondary sections having: Functional ICT Labs",Table x.9 col (4)
Chandigarh,2021-22,"Upper Primary, Secondary and Higher Secondary",govt_aided_schools_total,7,count,UDISE_2021-2022.pdf,185,"Number of Government Aided Schools with Upper Primary, Secondary and Higher Secondary sections having: Total",Table x.9 col (5)
Chandigarh,2021-22,"Upper Primary, Secondary and Higher Secondary",govt_aided_schools_with_ict_lab,7,count,UDISE_2021-2022.pdf,185,"Number of Government Aided Schools with Upper Primary, Secondary and Higher Secondary sections having: ICT labs",Table x.9 col (6)
Chandigarh,2021-22,"Upper Primary, Secondary and Higher Secondary",govt_aided_schools_with_functional_ict_lab,7,count,UDISE_2021-2022.pdf,185,"Number of Government Aided Schools with Upper Primary, Secondary and Higher Secondary sections having: Functional ICT Labs",Table x.9 col (7)
Chandigarh,2021-22,"Upper Primary, Secondary and Higher Secondary",govt_schools_with_ict_lab,96.5,percent,UDISE_2021-2022.pdf,185,"Percentage of Government Schools with Upper Primary, Secondary and Higher Secondary sections having: ICT labs",Table x.9 col (8)
Chandigarh,2021-22,"Upper Primary, Secondary and Higher Secondary",govt_schools_with_functional_ict_lab,94.8,percent,UDISE_2021-2022.pdf,185,"Percentage of Government Schools with Upper Primary, Secondary and Higher Secondary sections having: Functional ICT Labs",Table x.9 col (9)
Chandigarh,2021-22,"Upper Primary, Secondary and Higher Secondary",govt_aided_schools_with_ict_lab,100,percent,UDISE_2021-2022.pdf,185,"Percentage of Government Aided Schools with Upper Primary, Secondary and Higher Secondary sections having: ICT labs",Table x.9 col (10)
Chandigarh,2021-22,"Upper Primary, Secondary and Higher Secondary",govt_aided_schools_with_functional_ict_lab,100,percent,UDISE_2021-2022.pdf,185,"Percentage of Government Aided Schools with Upper Primary, Secondary and Higher Secondary sections having: Functional ICT Labs",Table x.9 col (11)
Chhattisgarh,2021-22,"Upper Primary, Secondary and Higher Secondary",govt_schools_total,18055,count,UDISE_2021-2022.pdf,185,"Number of Government Schools with Upper Primary, Secondary and Higher Secondary sections having: Total",Table x.9 col (2)
Chhattisgarh,2021-22,"Upper Primary, Secondary and Higher Secondary",govt_schools_with_ict_lab,1732,count,UDISE_2021-2022.pdf,185,"Number of Government Schools with Upper Primary, Secondary and Higher Secondary sections having: ICT labs",Table x.9 col (3)
Chhattisgarh,2021-22,"Upper Primary, Secondary and Higher Secondary",govt_schools_with_functional_ict_lab,982,count,UDISE_2021-2022.pdf,185,"Number of Government Schools with Upper Primary, Secondary and Higher Secondary sections having: Functional ICT Labs",Table x.9 col (4)
Chhattisgarh,2021-22,"Upper Primary, Secondary and Higher Secondary",govt_aided_schools_total,213,count,UDISE_2021-2022.pdf,185,"Number of Government Aided Schools with Upper Primary, Secondary and Higher Secondary sections having: Total",Table x.9 col (5)
Chhattisgarh,2021-22,"Upper Primary, Secondary and Higher Secondary",govt_aided_schools_with_ict_lab,3,count,UDISE_2021-2022.pdf,185,"Number of Government Aided Schools with Upper Primary, Secondary and Higher Secondary sections having: ICT labs",Table x.9 col (6)
Chhattisgarh,2021-22,"Upper Primary, Secondary and Higher Secondary",govt_aided_schools_with_functional_ict_lab,3,count,UDISE_2021-2022.pdf,185,"Number of Government Aided Schools with Upper Primary, Secondary and Higher Secondary sections having: Functional ICT Labs",Table x.9 col (7)
Chhattisgarh,2021-22,"Upper Primary, Secondary and Higher Secondary",govt_schools_with_ict_lab,9.6,percent,UDISE_2021-2022.pdf,185,"Percentage of Government Schools with Upper Primary, Secondary and Higher Secondary sections having: ICT labs",Table x.9 col (8)
Chhattisgarh,2021-22,"Upper Primary, Secondary and Higher Secondary",govt_schools_with_functional_ict_lab,5.4,percent,UDISE_2021-2022.pdf,185,"Percentage of Government Schools with Upper Primary, Secondary and Higher Secondary sections having: Functional ICT Labs",Table x.9 col (9)
Chhattisgarh,2021-22,"Upper Primary, Secondary and Higher Secondary",govt_aided_schools_with_ict_lab,1.4,percent,UDISE_2021-2022.pdf,185,"Percentage of Government Aided Schools with Upper Primary, Secondary and Higher Secondary sections having: ICT labs",Table x.9 col (10)
Chhattisgarh,2021-22,"Upper Primary, Secondary and Higher Secondary",govt_aided_schools_with_functional_ict_lab,1.4,percent,UDISE_2021-2022.pdf,185,"Percentage of Government Aided Schools with Upper Primary, Secondary and Higher Secondary sections having: Functional ICT Labs",Table x.9 col (11)
Dadra & Nagar Haveli and Daman & Diu,2021-22,"Upper Primary, Secondary and Higher Secondary",govt_schools_total,221,count,UDISE_2021-2022.pdf,185,"Number of Government Schools with Upper Primary, Secondary and Higher Secondary sections having: Total",Table x.9 col (2)
Dadra & Nagar Haveli and Daman & Diu,2021-22,"Upper Primary, Secondary and Higher Secondary",govt_schools_with_ict_lab,89,count,UDISE_2021-2022.pdf,185,"Number of Government Schools with Upper Primary, Secondary and Higher Secondary sections having: ICT labs",Table x.9 col (3)
Dadra & Nagar Haveli and Daman & Diu,2021-22,"Upper Primary, Secondary and Higher Secondary",govt_schools_with_functional_ict_lab,87,count,UDISE_2021-2022.pdf,185,"Number of Government Schools with Upper Primary, Secondary and Higher Secondary sections having: Functional ICT Labs",Table x.9 col (4)
Dadra & Nagar Haveli and Daman & Diu,2021-22,"Upper Primary, Secondary and Higher Secondary",govt_aided_schools_total,8,count,UDISE_2021-2022.pdf,185,"Number of Government Aided Schools with Upper Primary, Secondary and Higher Secondary sections having: Total",Table x.9 col (5)
Dadra & Nagar Haveli and Daman & Diu,2021-22,"Upper Primary, Secondary and Higher Secondary",govt_aided_schools_with_ict_lab,7,count,UDISE_2021-2022.pdf,185,"Number of Government Aided Schools with Upper Primary, Secondary and Higher Secondary sections having: ICT labs",Table x.9 col (6)
Dadra & Nagar Haveli and Daman & Diu,2021-22,"Upper Primary, Secondary and Higher Secondary",govt_aided_schools_with_functional_ict_lab,7,count,UDISE_2021-2022.pdf,185,"Number of Government Aided Schools with Upper Primary, Secondary and Higher Secondary sections having: Functional ICT Labs",Table x.9 col (7)
Dadra & Nagar Haveli and Daman & Diu,2021-22,"Upper Primary, Secondary and Higher Secondary",govt_schools_with_ict_lab,40.3,percent,UDISE_2021-2022.pdf,185,"Percentage of Government Schools with Upper Primary, Secondary and Higher Secondary sections having: ICT labs",Table x.9 col (8)
Dadra & Nagar Haveli and Daman & Diu,2021-22,"Upper Primary, Secondary and Higher Secondary",govt_schools_with_functional_ict_lab,39.4,percent,UDISE_2021-2022.pdf,185,"Percentage of Government Schools with Upper Primary, Secondary and Higher Secondary sections having: Functional ICT Labs",Table x.9 col (9)
Dadra & Nagar Haveli and Daman & Diu,2021-22,"Upper Primary, Secondary and Higher Secondary",govt_aided_schools_with_ict_lab,87.5,percent,UDISE_2021-2022.pdf,185,"Percentage of Government Aided Schools with Upper Primary, Secondary and Higher Secondary sections having: ICT labs",Table x.9 col (10)
Dadra & Nagar Haveli and Daman & Diu,2021-22,"Upper Primary, Secondary and Higher Secondary",govt_aided_schools_with_functional_ict_lab,87.5,percent,UDISE_2021-2022.pdf,185,"Percentage of Government Aided Schools with Upper Primary, Secondary and Higher Secondary sections having: Functional ICT Labs",Table x.9 col (11)
Delhi,2021-22,"Upper Primary, Secondary and Higher Secondary",govt_schools_total,1136,count,UDISE_2021-2022.pdf,185,"Number of Government Schools with Upper Primary, Secondary and Higher Secondary sections having: Total",Table x.9 col (2)
Delhi,2021-22,"Upper Primary, Secondary and Higher Secondary",govt_schools_with_ict_lab,1028,count,UDISE_2021-2022.pdf,185,"Number of Government Schools with Upper Primary, Secondary and Higher Secondary sections having: ICT labs",Table x.9 col (3)
Delhi,2021-22,"Upper Primary, Secondary and Higher Secondary",govt_schools_with_functional_ict_lab,968,count,UDISE_2021-2022.pdf,185,"Number of Government Schools with Upper Primary, Secondary and Higher Secondary sections having: Functional ICT Labs",Table x.9 col (4)
Delhi,2021-22,"Upper Primary, Secondary and Higher Secondary",govt_aided_schools_total,202,count,UDISE_2021-2022.pdf,185,"Number of Government Aided Schools with Upper Primary, Secondary and Higher Secondary sections having: Total",Table x.9 col (5)
Delhi,2021-22,"Upper Primary, Secondary and Higher Secondary",govt_aided_schools_with_ict_lab,140,count,UDISE_2021-2022.pdf,185,"Number of Government Aided Schools with Upper Primary, Secondary and Higher Secondary sections having: ICT labs",Table x.9 col (6)
Delhi,2021-22,"Upper Primary, Secondary and Higher Secondary",govt_aided_schools_with_functional_ict_lab,82,count,UDISE_2021-2022.pdf,185,"Number of Government Aided Schools with Upper Primary, Secondary and Higher Secondary sections having: Functional ICT Labs",Table x.9 col (7)
Delhi,2021-22,"Upper Primary, Secondary and Higher Secondary",govt_schools_with_ict_lab,90.5,percent,UDISE_2021-2022.pdf,185,"Percentage of Government Schools with Upper Primary, Secondary and Higher Secondary sections having: ICT labs",Table x.9 col (8)
Delhi,2021-22,"Upper Primary, Secondary and Higher Secondary",govt_schools_with_functional_ict_lab,85.2,percent,UDISE_2021-2022.pdf,185,"Percentage of Government Schools with Upper Primary, Secondary and Higher Secondary sections having: Functional ICT Labs",Table x.9 col (9)
Delhi,2021-22,"Upper Primary, Secondary and Higher Secondary",govt_aided_schools_with_ict_lab,69.3,percent,UDISE_2021-2022.pdf,185,"Percentage of Government Aided Schools with Upper Primary, Secondary and Higher Secondary sections having: ICT labs",Table x.9 col (10)
Delhi,2021-22,"Upper Primary, Secondary and Higher Secondary",govt_aided_schools_with_functional_ict_lab,40.6,percent,UDISE_2021-2022.pdf,185,"Percentage of Government Aided Schools with Upper Primary, Secondary and Higher Secondary sections having: Functional ICT Labs",Table x.9 col (11)
Goa,2021-22,"Upper Primary, Secondary and Higher Secondary",govt_schools_total,134,count,UDISE_2021-2022.pdf,185,"Number of Government Schools with Upper Primary, Secondary and Higher Secondary sections having: Total",Table x.9 col (2)
Goa,2021-22,"Upper Primary, Secondary and Higher Secondary",govt_schools_with_ict_lab,63,count,UDISE_2021-2022.pdf,185,"Number of Government Schools with Upper Primary, Secondary and Higher Secondary sections having: ICT labs",Table x.9 col (3)
Goa,2021-22,"Upper Primary, Secondary and Higher Secondary",govt_schools_with_functional_ict_lab,56,count,UDISE_2021-2022.pdf,185,"Number of Government Schools with Upper Primary, Secondary and Higher Secondary sections having: Functional ICT Labs",Table x.9 col (4)
Goa,2021-22,"Upper Primary, Secondary and Higher Secondary",govt_aided_schools_total,442,count,UDISE_2021-2022.pdf,185,"Number of Government Aided Schools with Upper Primary, Secondary and Higher Secondary sections having: Total",Table x.9 col (5)
Goa,2021-22,"Upper Primary, Secondary and Higher Secondary",govt_aided_schools_with_ict_lab,252,count,UDISE_2021-2022.pdf,185,"Number of Government Aided Schools with Upper Primary, Secondary and Higher Secondary sections having: ICT labs",Table x.9 col (6)
Goa,2021-22,"Upper Primary, Secondary and Higher Secondary",govt_aided_schools_with_functional_ict_lab,242,count,UDISE_2021-2022.pdf,185,"Number of Government Aided Schools with Upper Primary, Secondary and Higher Secondary sections having: Functional ICT Labs",Table x.9 col (7)
Goa,2021-22,"Upper Primary, Secondary and Higher Secondary",govt_schools_with_ict_lab,47.0,percent,UDISE_2021-2022.pdf,185,"Percentage of Government Schools with Upper Primary, Secondary and Higher Secondary sections having: ICT labs",Table x.9 col (8)
Goa,2021-22,"Upper Primary, Secondary and Higher Secondary",govt_schools_with_functional_ict_lab,41.8,percent,UDISE_2021-2022.pdf,185,"Percentage of Government Schools with Upper Primary, Secondary and Higher Secondary sections having: Functional ICT Labs",Table x.9 col (9)
Goa,2021-22,"Upper Primary, Secondary and Higher Secondary",govt_aided_schools_with_ict_lab,57.0,percent,UDISE_2021-2022.pdf,185,"Percentage of Government Aided Schools with Upper Primary, Secondary and Higher Secondary sections having: ICT labs",Table x.9 col (10)
Goa,2021-22,"Upper Primary, Secondary and Higher Secondary",govt_aided_schools_with_functional_ict_lab,54.8,percent,UDISE_2021-2022.pdf,185,"Percentage of Government Aided Schools with Upper Primary, Secondary and Higher Secondary sections having: Functional ICT Labs",Table x.9 col (11)
Gujarat,2021-22,"Upper Primary, Secondary and Higher Secondary",govt_schools_total,22218,count,UDISE_2021-2022.pdf,185,"Number of Government Schools with Upper Primary, Secondary and Higher Secondary sections having: Total",Table x.9 col (2)
Gujarat,2021-22,"Upper Primary, Secondary and Higher Secondary",govt_schools_with_ict_lab,1578,count,UDISE_2021-2022.pdf,185,"Number of Government Schools with Upper Primary, Secondary and Higher Secondary sections having: ICT labs",Table x.9 col (3)
Gujarat,2021-22,"Upper Primary, Secondary and Higher Secondary",govt_schools_with_functional_ict_lab,1064,count,UDISE_2021-2022.pdf,185,"Number of Government Schools with Upper Primary, Secondary and Higher Secondary sections having: Functional ICT Labs",Table x.9 col (4)
Gujarat,2021-22,"Upper Primary, Secondary and Higher Secondary",govt_aided_schools_total,5526,count,UDISE_2021-2022.pdf,185,"Number of Government Aided Schools with Upper Primary, Secondary and Higher Secondary sections having: Total",Table x.9 col (5)
Gujarat,2021-22,"Upper Primary, Secondary and Higher Secondary",govt_aided_schools_with_ict_lab,2754,count,UDISE_2021-2022.pdf,185,"Number of Government Aided Schools with Upper Primary, Secondary and Higher Secondary sections having: ICT labs",Table x.9 col (6)
Gujarat,2021-22,"Upper Primary, Secondary and Higher Secondary",govt_aided_schools_with_functional_ict_lab,1964,count,UDISE_2021-2022.pdf,185,"Number of Government Aided Schools with Upper Primary, Secondary and Higher Secondary sections having: Functional ICT Labs",Table x.9 col (7)
Gujarat,2021-22,"Upper Primary, Secondary and Higher Secondary",govt_schools_with_ict_lab,7.1,percent,UDISE_2021-2022.pdf,185,"Percentage of Government Schools with Upper Primary, Secondary and Higher Secondary sections having: ICT labs",Table x.9 col (8)
Gujarat,2021-22,"Upper Primary, Secondary and Higher Secondary",govt_schools_with_functional_ict_lab,4.8,percent,UDISE_2021-2022.pdf,185,"Percentage of Government Schools with Upper Primary, Secondary and Higher Secondary sections having: Functional ICT Labs",Table x.9 col (9)
Gujarat,2021-22,"Upper Primary, Secondary and Higher Secondary",govt_aided_schools_with_ict_lab,49.8,percent,UDISE_2021-2022.pdf,185,"Percentage of Government Aided Schools with Upper Primary, Secondary and Higher Secondary sections having: ICT labs",Table x.9 col (10)
Gujarat,2021-22,"Upper Primary, Secondary and Higher Secondary",govt_aided_schools_with_functional_ict_lab,35.5,percent,UDISE_2021-2022.pdf,185,"Percentage of Government Aided Schools with Upper Primary, Secondary and Higher Secondary sections having: Functional ICT Labs",Table x.9 col (11)
Haryana,2021-22,"Upper Primary, Secondary and Higher Secondary",govt_schools_total,5886,count,UDISE_2021-2022.pdf,185,"Number of Government Schools with Upper Primary, Secondary and Higher Secondary sections having: Total",Table x.9 col (2)
Haryana,2021-22,"Upper Primary, Secondary and Higher Secondary",govt_schools_with_ict_lab,2851,count,UDISE_2021-2022.pdf,185,"Number of Government Schools with Upper Primary, Secondary and Higher Secondary sections having: ICT labs",Table x.9 col (3)
Haryana,2021-22,"Upper Primary, Secondary and Higher Secondary",govt_schools_with_functional_ict_lab,2254,count,UDISE_2021-2022.pdf,185,"Number of Government Schools with Upper Primary, Secondary and Higher Secondary sections having: Functional ICT Labs",Table x.9 col (4)
Haryana,2021-22,"Upper Primary, Secondary and Higher Secondary",govt_aided_schools_total,15,count,UDISE_2021-2022.pdf,185,"Number of Government Aided Schools with Upper Primary, Secondary and Higher Secondary sections having: Total",Table x.9 col (5)
Haryana,2021-22,"Upper Primary, Secondary and Higher Secondary",govt_aided_schools_with_ict_lab,2,count,UDISE_2021-2022.pdf,185,"Number of Government Aided Schools with Upper Primary, Secondary and Higher Secondary sections having: ICT labs",Table x.9 col (6)
Haryana,2021-22,"Upper Primary, Secondary and Higher Secondary",govt_aided_schools_with_functional_ict_lab,1,count,UDISE_2021-2022.pdf,185,"Number of Government Aided Schools with Upper Primary, Secondary and Higher Secondary sections having: Functional ICT Labs",Table x.9 col (7)
Haryana,2021-22,"Upper Primary, Secondary and Higher Secondary",govt_schools_with_ict_lab,48.4,percent,UDISE_2021-2022.pdf,185,"Percentage of Government Schools with Upper Primary, Secondary and Higher Secondary sections having: ICT labs",Table x.9 col (8)
Haryana,2021-22,"Upper Primary, Secondary and Higher Secondary",govt_schools_with_functional_ict_lab,38.3,percent,UDISE_2021-2022.pdf,185,"Percentage of Government Schools with Upper Primary, Secondary and Higher Secondary sections having: Functional ICT Labs",Table x.9 col (9)
Haryana,2021-22,"Upper Primary, Secondary and Higher Secondary",govt_aided_schools_with_ict_lab,13.3,percent,UDISE_2021-2022.pdf,185,"Percentage of Government Aided Schools with Upper Primary, Secondary and Higher Secondary sections having: ICT labs",Table x.9 col (10)
Haryana,2021-22,"Upper Primary, Secondary and Higher Secondary",govt_aided_schools_with_functional_ict_lab,6.7,percent,UDISE_2021-2022.pdf,185,"Percentage of Government Aided Schools with Upper Primary, Secondary and Higher Secondary sections having: Functional ICT Labs",Table x.9 col (11)
Himachal Pradesh,2021-22,"Upper Primary, Secondary and Higher Secondary",govt_schools_total,4817,count,UDISE_2021-2022.pdf,185,"Number of Government Schools with Upper Primary, Secondary and Higher Secondary sections having: Total",Table x.9 col (2)
Himachal Pradesh,2021-22,"Upper Primary, Secondary and Higher Secondary",govt_schools_with_ict_lab,2192,count,UDISE_2021-2022.pdf,185,"Number of Government Schools with Upper Primary, Secondary and Higher Secondary sections having: ICT labs",Table x.9 col (3)
Himachal Pradesh,2021-22,"Upper Primary, Secondary and Higher Secondary",govt_schools_with_functional_ict_lab,2122,count,UDISE_2021-2022.pdf,185,"Number of Government Schools with Upper Primary, Secondary and Higher Secondary sections having: Functional ICT Labs",Table x.9 col (4)
Himachal Pradesh,2021-22,"Upper Primary, Secondary and Higher Secondary",govt_aided_schools_total,0,count,UDISE_2021-2022.pdf,185,"Number of Government Aided Schools with Upper Primary, Secondary and Higher Secondary sections having: Total",Table x.9 col (5)
Himachal Pradesh,2021-22,"Upper Primary, Secondary and Higher Secondary",govt_aided_schools_with_ict_lab,0,count,UDISE_2021-2022.pdf,185,"Number of Government Aided Schools with Upper Primary, Secondary and Higher Secondary sections having: ICT labs",Table x.9 col (6)
Himachal Pradesh,2021-22,"Upper Primary, Secondary and Higher Secondary",govt_aided_schools_with_functional_ict_lab,0,count,UDISE_2021-2022.pdf,185,"Number of Government Aided Schools with Upper Primary, Secondary and Higher Secondary sections having: Functional ICT Labs",Table x.9 col (7)
Himachal Pradesh,2021-22,"Upper Primary, Secondary and Higher Secondary",govt_schools_with_ict_lab,45.5,percent,UDISE_2021-2022.pdf,185,"Percentage of Government Schools with Upper Primary, Secondary and Higher Secondary sections having: ICT labs",Table x.9 col (8)
Himachal Pradesh,2021-22,"Upper Primary, Secondary and Higher Secondary",govt_schools_with_functional_ict_lab,44.1,percent,UDISE_2021-2022.pdf,185,"Percentage of Government Schools with Upper Primary, Secondary and Higher Secondary sections having: Functional ICT Labs",Table x.9 col (9)
Himachal Pradesh,2021-22,"Upper Primary, Secondary and Higher Secondary",govt_aided_schools_with_ict_lab,0.0,percent,UDISE_2021-2022.pdf,185,"Percentage of Government Aided Schools with Upper Primary, Secondary and Higher Secondary sections having: ICT labs",Table x.9 col (10)
Himachal Pradesh,2021-22,"Upper Primary, Secondary and Higher Secondary",govt_aided_schools_with_functional_ict_lab,0.0,percent,UDISE_2021-2022.pdf,185,"Percentage of Government Aided Schools with Upper Primary, Secondary and Higher Secondary sections having: Functional ICT Labs",Table x.9 col (11)
Jammu & Kashmir,2021-22,"Upper Primary, Secondary and Higher Secondary",govt_schools_total,10199,count,UDISE_2021-2022.pdf,185,"Number of Government Schools with Upper Primary, Secondary and Higher Secondary sections having: Total",Table x.9 col (2)
Jammu & Kashmir,2021-22,"Upper Primary, Secondary and Higher Secondary",govt_schools_with_ict_lab,2544,count,UDISE_2021-2022.pdf,185,"Number of Government Schools with Upper Primary, Secondary and Higher Secondary sections having: ICT labs",Table x.9 col (3)
Jammu & Kashmir,2021-22,"Upper Primary, Secondary and Higher Secondary",govt_schools_with_functional_ict_lab,2196,count,UDISE_2021-2022.pdf,185,"Number of Government Schools with Upper Primary, Secondary and Higher Secondary sections having: Functional ICT Labs",Table x.9 col (4)
Jammu & Kashmir,2021-22,"Upper Primary, Secondary and Higher Secondary",govt_aided_schools_total,1,count,UDISE_2021-2022.pdf,185,"Number of Government Aided Schools with Upper Primary, Secondary and Higher Secondary sections having: Total",Table x.9 col (5)
Jammu & Kashmir,2021-22,"Upper Primary, Secondary and Higher Secondary",govt_aided_schools_with_ict_lab,0,count,UDISE_2021-2022.pdf,185,"Number of Government Aided Schools with Upper Primary, Secondary and Higher Secondary sections having: ICT labs",Table x.9 col (6)
Jammu & Kashmir,2021-22,"Upper Primary, Secondary and Higher Secondary",govt_aided_schools_with_functional_ict_lab,0,count,UDISE_2021-2022.pdf,185,"Number of Government Aided Schools with Upper Primary, Secondary and Higher Secondary sections having: Functional ICT Labs",Table x.9 col (7)
Jammu & Kashmir,2021-22,"Upper Primary, Secondary and Higher Secondary",govt_schools_with_ict_lab,24.9,percent,UDISE_2021-2022.pdf,185,"Percentage of Government Schools with Upper Primary, Secondary and Higher Secondary sections having: ICT labs",Table x.9 col (8)
Jammu & Kashmir,2021-22,"Upper Primary, Secondary and Higher Secondary",govt_schools_with_functional_ict_lab,21.5,percent,UDISE_2021-2022.pdf,185,"Percentage of Government Schools with Upper Primary, Secondary and Higher Secondary sections having: Functional ICT Labs",Table x.9 col (9)
Jammu & Kashmir,2021-22,"Upper Primary, Secondary and Higher Secondary",govt_aided_schools_with_ict_lab,0.0,percent,UDISE_2021-2022.pdf,185,"Percentage of Government Aided Schools with Upper Primary, Secondary and Higher Secondary sections having: ICT labs",Table x.9 col (10)
Jammu & Kashmir,2021-22,"Upper Primary, Secondary and Higher Secondary",govt_aided_schools_with_functional_ict_lab,0.0,percent,UDISE_2021-2022.pdf,185,"Percentage of Government Aided Schools with Upper Primary, Secondary and Higher Secondary sections having: Functional ICT Labs",Table x.9 col (11)
Jharkhand,2021-22,"Upper Primary, Secondary and Higher Secondary",govt_schools_total,14522,count,UDISE_2021-2022.pdf,185,"Number of Government Schools with Upper Primary, Secondary and Higher Secondary sections having: Total",Table x.9 col (2)
Jharkhand,2021-22,"Upper Primary, Secondary and Higher Secondary",govt_schools_with_ict_lab,1166,count,UDISE_2021-2022.pdf,185,"Number of Government Schools with Upper Primary, Secondary and Higher Secondary sections having: ICT labs",Table x.9 col (3)
Jharkhand,2021-22,"Upper Primary, Secondary and Higher Secondary",govt_schools_with_functional_ict_lab,1104,count,UDISE_2021-2022.pdf,185,"Number of Government Schools with Upper Primary, Secondary and Higher Secondary sections having: Functional ICT Labs",Table x.9 col (4)
Jharkhand,2021-22,"Upper Primary, Secondary and Higher Secondary",govt_aided_schools_total,679,count,UDISE_2021-2022.pdf,185,"Number of Government Aided Schools with Upper Primary, Secondary and Higher Secondary sections having: Total",Table x.9 col (5)
Jharkhand,2021-22,"Upper Primary, Secondary and Higher Secondary",govt_aided_schools_with_ict_lab,29,count,UDISE_2021-2022.pdf,185,"Number of Government Aided Schools with Upper Primary, Secondary and Higher Secondary sections having: ICT labs",Table x.9 col (6)
Jharkhand,2021-22,"Upper Primary, Secondary and Higher Secondary",govt_aided_schools_with_functional_ict_lab,27,count,UDISE_2021-2022.pdf,185,"Number of Government Aided Schools with Upper Primary, Secondary and Higher Secondary sections having: Functional ICT Labs",Table x.9 col (7)
Jharkhand,2021-22,"Upper Primary, Secondary and Higher Secondary",govt_schools_with_ict_lab,8.0,percent,UDISE_2021-2022.pdf,185,"Percentage of Government Schools with Upper Primary, Secondary and Higher Secondary sections having: ICT labs",Table x.9 col (8)
Jharkhand,2021-22,"Upper Primary, Secondary and Higher Secondary",govt_schools_with_functional_ict_lab,7.6,percent,UDISE_2021-2022.pdf,185,"Percentage of Government Schools with Upper Primary, Secondary and Higher Secondary sections having: Functional ICT Labs",Table x.9 col (9)
Jharkhand,2021-22,"Upper Primary, Secondary and Higher Secondary",govt_aided_schools_with_ict_lab,4.3,percent,UDISE_2021-2022.pdf,185,"Percentage of Government Aided Schools with Upper Primary, Secondary and Higher Secondary sections having: ICT labs",Table x.9 col (10)
Jharkhand,2021-22,"Upper Primary, Secondary and Higher Secondary",govt_aided_schools_with_functional_ict_lab,4.0,percent,UDISE_2021-2022.pdf,185,"Percentage of Government Aided Schools with Upper Primary, Secondary and Higher Secondary sections having: Functional ICT Labs",Table x.9 col (11)
Karnataka,2021-22,"Upper Primary, Secondary and Higher Secondary",govt_schools_total,28634,count,UDISE_2021-2022.pdf,185,"Number of Government Schools with Upper Primary, Secondary and Higher Secondary sections having: Total",Table x.9 col (2)
Karnataka,2021-22,"Upper Primary, Secondary and Higher Secondary",govt_schools_with_ict_lab,3924,count,UDISE_2021-2022.pdf,185,"Number of Government Schools with Upper Primary, Secondary and Higher Secondary sections having: ICT labs",Table x.9 col (3)
Karnataka,2021-22,"Upper Primary, Secondary and Higher Secondary",govt_schools_with_functional_ict_lab,1999,count,UDISE_2021-2022.pdf,185,"Number of Government Schools with Upper Primary, Secondary and Higher Secondary sections having: Functional ICT Labs",Table x.9 col (4)
Karnataka,2021-22,"Upper Primary, Secondary and Higher Secondary",govt_aided_schools_total,6915,count,UDISE_2021-2022.pdf,185,"Number of Government Aided Schools with Upper Primary, Secondary and Higher Secondary sections having: Total",Table x.9 col (5)
Karnataka,2021-22,"Upper Primary, Secondary and Higher Secondary",govt_aided_schools_with_ict_lab,1221,count,UDISE_2021-2022.pdf,185,"Number of Government Aided Schools with Upper Primary, Secondary and Higher Secondary sections having: ICT labs",Table x.9 col (6)
Karnataka,2021-22,"Upper Primary, Secondary and Higher Secondary",govt_aided_schools_with_functional_ict_lab,270,count,UDISE_2021-2022.pdf,185,"Number of Government Aided Schools with Upper Primary, Secondary and Higher Secondary sections having: Functional ICT Labs",Table x.9 col (7)
Karnataka,2021-22,"Upper Primary, Secondary and Higher Secondary",govt_schools_with_ict_lab,13.7,percent,UDISE_2021-2022.pdf,185,"Percentage of Government Schools with Upper Primary, Secondary and Higher Secondary sections having: ICT labs",Table x.9 col (8)
Karnataka,2021-22,"Upper Primary, Secondary and Higher Secondary",govt_schools_with_functional_ict_lab,7.0,percent,UDISE_2021-2022.pdf,185,"Percentage of Government Schools with Upper Primary, Secondary and Higher Secondary sections having: Functional ICT Labs",Table x.9 col (9)
Karnataka,2021-22,"Upper Primary, Secondary and Higher Secondary",govt_aided_schools_with_ict_lab,17.7,percent,UDISE_2021-2022.pdf,185,"Percentage of Government Aided Schools with Upper Primary, Secondary and Higher Secondary sections having: ICT labs",Table x.9 col (10)
Karnataka,2021-22,"Upper Primary, Secondary and Higher Secondary",govt_aided_schools_with_functional_ict_lab,3.9,percent,UDISE_2021-2022.pdf,185,"Percentage of Government Aided Schools with Upper Primary, Secondary and Higher Secondary sections having: Functional ICT Labs",Table x.9 col (11)
Kerala,2021-22,"Upper Primary, Secondary and Higher Secondary",govt_schools_total,2416,count,UDISE_2021-2022.pdf,185,"Number of Government Schools with Upper Primary, Secondary and Higher Secondary sections having: Total",Table x.9 col (2)
Kerala,2021-22,"Upper Primary, Secondary and Higher Secondary",govt_schools_with_ict_lab,2104,count,UDISE_2021-2022.pdf,185,"Number of Government Schools with Upper Primary, Secondary and Higher Secondary sections having: ICT labs",Table x.9 col (3)
Kerala,2021-22,"Upper Primary, Secondary and Higher Secondary",govt_schools_with_functional_ict_lab,1987,count,UDISE_2021-2022.pdf,185,"Number of Government Schools with Upper Primary, Secondary and Higher Secondary sections having: Functional ICT Labs",Table x.9 col (4)
Kerala,2021-22,"Upper Primary, Secondary and Higher Secondary",govt_aided_schools_total,3810,count,UDISE_2021-2022.pdf,185,"Number of Government Aided Schools with Upper Primary, Secondary and Higher Secondary sections having: Total",Table x.9 col (5)
Kerala,2021-22,"Upper Primary, Secondary and Higher Secondary",govt_aided_schools_with_ict_lab,3479,count,UDISE_2021-2022.pdf,185,"Number of Government Aided Schools with Upper Primary, Secondary and Higher Secondary sections having: ICT labs",Table x.9 col (6)
Kerala,2021-22,"Upper Primary, Secondary and Higher Secondary",govt_aided_schools_with_functional_ict_lab,3298,count,UDISE_2021-2022.pdf,185,"Number of Government Aided Schools with Upper Primary, Secondary and Higher Secondary sections having: Functional ICT Labs",Table x.9 col (7)
Kerala,2021-22,"Upper Primary, Secondary and Higher Secondary",govt_schools_with_ict_lab,87.1,percent,UDISE_2021-2022.pdf,185,"Percentage of Government Schools with Upper Primary, Secondary and Higher Secondary sections having: ICT labs",Table x.9 col (8)
Kerala,2021-22,"Upper Primary, Secondary and Higher Secondary",govt_schools_with_functional_ict_lab,82.2,percent,UDISE_2021-2022.pdf,185,"Percentage of Government Schools with Upper Primary, Secondary and Higher Secondary sections having: Functional ICT Labs",Table x.9 col (9)
Kerala,2021-22,"Upper Primary, Secondary and Higher Secondary",govt_aided_schools_with_ict_lab,91.3,percent,UDISE_2021-2022.pdf,185,"Percentage of Government Aided Schools with Upper Primary, Secondary and Higher Secondary sections having: ICT labs",Table x.9 col (10)
Kerala,2021-22,"Upper Primary, Secondary and Higher Secondary",govt_aided_schools_with_functional_ict_lab,86.6,percent,UDISE_2021-2022.pdf,185,"Percentage of Government Aided Schools with Upper Primary, Secondary and Higher Secondary sections having: Functional ICT Labs",Table x.9 col (11)
Ladakh,2021-22,"Upper Primary, Secondary and Higher Secondary",govt_schools_total,507,count,UDISE_2021-2022.pdf,185,"Number of Government Schools with Upper Primary, Secondary and Higher Secondary sections having: Total",Table x.9 col (2)
Ladakh,2021-22,"Upper Primary, Secondary and Higher Secondary",govt_schools_with_ict_lab,148,count,UDISE_2021-2022.pdf,185,"Number of Government Schools with Upper Primary, Secondary and Higher Secondary sections having: ICT labs",Table x.9 col (3)
Ladakh,2021-22,"Upper Primary, Secondary and Higher Secondary",govt_schools_with_functional_ict_lab,132,count,UDISE_2021-2022.pdf,185,"Number of Government Schools with Upper Primary, Secondary and Higher Secondary sections having: Functional ICT Labs",Table x.9 col (4)
Ladakh,2021-22,"Upper Primary, Secondary and Higher Secondary",govt_aided_schools_total,4,count,UDISE_2021-2022.pdf,185,"Number of Government Aided Schools with Upper Primary, Secondary and Higher Secondary sections having: Total",Table x.9 col (5)
Ladakh,2021-22,"Upper Primary, Secondary and Higher Secondary",govt_aided_schools_with_ict_lab,0,count,UDISE_2021-2022.pdf,185,"Number of Government Aided Schools with Upper Primary, Secondary and Higher Secondary sections having: ICT labs",Table x.9 col (6)
Ladakh,2021-22,"Upper Primary, Secondary and Higher Secondary",govt_aided_schools_with_functional_ict_lab,0,count,UDISE_2021-2022.pdf,185,"Number of Government Aided Schools with Upper Primary, Secondary and Higher Secondary sections having: Functional ICT Labs",Table x.9 col (7)
Ladakh,2021-22,"Upper Primary, Secondary and Higher Secondary",govt_schools_with_ict_lab,29.2,percent,UDISE_2021-2022.pdf,185,"Percentage of Government Schools with Upper Primary, Secondary and Higher Secondary sections having: ICT labs",Table x.9 col (8)
Ladakh,2021-22,"Upper Primary, Secondary and Higher Secondary",govt_schools_with_functional_ict_lab,26.0,percent,UDISE_2021-2022.pdf,185,"Percentage of Government Schools with Upper Primary, Secondary and Higher Secondary sections having: Functional ICT Labs",Table x.9 col (9)
Ladakh,2021-22,"Upper Primary, Secondary and Higher Secondary",govt_aided_schools_with_ict_lab,0.0,percent,UDISE_2021-2022.pdf,185,"Percentage of Government Aided Schools with Upper Primary, Secondary and Higher Secondary sections having: ICT labs",Table x.9 col (10)
Ladakh,2021-22,"Upper Primary, Secondary and Higher Secondary",govt_aided_schools_with_functional_ict_lab,0.0,percent,UDISE_2021-2022.pdf,185,"Percentage of Government Aided Schools with Upper Primary, Secondary and Higher Secondary sections having: Functional ICT Labs",Table x.9 col (11)
Lakshadweep,2021-22,"Upper Primary, Secondary and Higher Secondary",govt_schools_total,22,count,UDISE_2021-2022.pdf,185,"Number of Government Schools with Upper Primary, Secondary and Higher Secondary sections having: Total",Table x.9 col (2)
Lakshadweep,2021-22,"Upper Primary, Secondary and Higher Secondary",govt_schools_with_ict_lab,15,count,UDISE_2021-2022.pdf,185,"Number of Government Schools with Upper Primary, Secondary and Higher Secondary sections having: ICT labs",Table x.9 col (3)
Lakshadweep,2021-22,"Upper Primary, Secondary and Higher Secondary",govt_schools_with_functional_ict_lab,15,count,UDISE_2021-2022.pdf,185,"Number of Government Schools with Upper Primary, Secondary and Higher Secondary sections having: Functional ICT Labs",Table x.9 col (4)
Lakshadweep,2021-22,"Upper Primary, Secondary and Higher Secondary",govt_aided_schools_total,0,count,UDISE_2021-2022.pdf,185,"Number of Government Aided Schools with Upper Primary, Secondary and Higher Secondary sections having: Total",Table x.9 col (5)
Lakshadweep,2021-22,"Upper Primary, Secondary and Higher Secondary",govt_aided_schools_with_ict_lab,0,count,UDISE_2021-2022.pdf,185,"Number of Government Aided Schools with Upper Primary, Secondary and Higher Secondary sections having: ICT labs",Table x.9 col (6)
Lakshadweep,2021-22,"Upper Primary, Secondary and Higher Secondary",govt_aided_schools_with_functional_ict_lab,0,count,UDISE_2021-2022.pdf,185,"Number of Government Aided Schools with Upper Primary, Secondary and Higher Secondary sections having: Functional ICT Labs",Table x.9 col (7)
Lakshadweep,2021-22,"Upper Primary, Secondary and Higher Secondary",govt_schools_with_ict_lab,68.2,percent,UDISE_2021-2022.pdf,185,"Percentage of Government Schools with Upper Primary, Secondary and Higher Secondary sections having: ICT labs",Table x.9 col (8)
Lakshadweep,2021-22,"Upper Primary, Secondary and Higher Secondary",govt_schools_with_functional_ict_lab,68.2,percent,UDISE_2021-2022.pdf,185,"Percentage of Government Schools with Upper Primary, Secondary and Higher Secondary sections having: Functional ICT Labs",Table x.9 col (9)
Lakshadweep,2021-22,"Upper Primary, Secondary and Higher Secondary",govt_aided_schools_with_ict_lab,0.0,percent,UDISE_2021-2022.pdf,185,"Percentage of Government Aided Schools with Upper Primary, Secondary and Higher Secondary sections having: ICT labs",Table x.9 col (10)
Lakshadweep,2021-22,"Upper Primary, Secondary and Higher Secondary",govt_aided_schools_with_functional_ict_lab,0.0,percent,UDISE_2021-2022.pdf,185,"Percentage of Government Aided Schools with Upper Primary, Secondary and Higher Secondary sections having: Functional ICT Labs",Table x.9 col (11)
Madhya Pradesh,2021-22,"Upper Primary, Secondary and Higher Secondary",govt_schools_total,34177,count,UDISE_2021-2022.pdf,185,"Number of Government Schools with Upper Primary, Secondary and Higher Secondary sections having: Total",Table x.9 col (2)
Madhya Pradesh,2021-22,"Upper Primary, Secondary and Higher Secondary",govt_schools_with_ict_lab,473,count,UDISE_2021-2022.pdf,185,"Number of Government Schools with Upper Primary, Secondary and Higher Secondary sections having: ICT labs",Table x.9 col (3)
Madhya Pradesh,2021-22,"Upper Primary, Secondary and Higher Secondary",govt_schools_with_functional_ict_lab,313,count,UDISE_2021-2022.pdf,185,"Number of Government Schools with Upper Primary, Secondary and Higher Secondary sections having: Functional ICT Labs",Table x.9 col (4)
Madhya Pradesh,2021-22,"Upper Primary, Secondary and Higher Secondary",govt_aided_schools_total,432,count,UDISE_2021-2022.pdf,185,"Number of Government Aided Schools with Upper Primary, Secondary and Higher Secondary sections having: Total",Table x.9 col (5)
Madhya Pradesh,2021-22,"Upper Primary, Secondary and Higher Secondary",govt_aided_schools_with_ict_lab,9,count,UDISE_2021-2022.pdf,185,"Number of Government Aided Schools with Upper Primary, Secondary and Higher Secondary sections having: ICT labs",Table x.9 col (6)
Madhya Pradesh,2021-22,"Upper Primary, Secondary and Higher Secondary",govt_aided_schools_with_functional_ict_lab,6,count,UDISE_2021-2022.pdf,185,"Number of Government Aided Schools with Upper Primary, Secondary and Higher Secondary sections having: Functional ICT Labs",Table x.9 col (7)
Madhya Pradesh,2021-22,"Upper Primary, Secondary and Higher Secondary",govt_schools_with_ict_lab,1.4,percent,UDISE_2021-2022.pdf,185,"Percentage of Government Schools with Upper Primary, Secondary and Higher Secondary sections having: ICT labs",Table x.9 col (8)
Madhya Pradesh,2021-22,"Upper Primary, Secondary and Higher Secondary",govt_schools_with_functional_ict_lab,0.9,percent,UDISE_2021-2022.pdf,185,"Percentage of Government Schools with Upper Primary, Secondary and Higher Secondary sections having: Functional ICT Labs",Table x.9 col (9)
Madhya Pradesh,2021-22,"Upper Primary, Secondary and Higher Secondary",govt_aided_schools_with_ict_lab,2.1,percent,UDISE_2021-2022.pdf,185,"Percentage of Government Aided Schools with Upper Primary, Secondary and Higher Secondary sections having: ICT labs",Table x.9 col (10)
Madhya Pradesh,2021-22,"Upper Primary, Secondary and Higher Secondary",govt_aided_schools_with_functional_ict_lab,1.4,percent,UDISE_2021-2022.pdf,185,"Percentage of Government Aided Schools with Upper Primary, Secondary and Higher Secondary sections having: Functional ICT Labs",Table x.9 col (11)
Maharashtra,2021-22,"Upper Primary, Secondary and Higher Secondary",govt_schools_total,22605,count,UDISE_2021-2022.pdf,185,"Number of Government Schools with Upper Primary, Secondary and Higher Secondary sections having: Total",Table x.9 col (2)
Maharashtra,2021-22,"Upper Primary, Secondary and Higher Secondary",govt_schools_with_ict_lab,1679,count,UDISE_2021-2022.pdf,185,"Number of Government Schools with Upper Primary, Secondary and Higher Secondary sections having: ICT labs",Table x.9 col (3)
Maharashtra,2021-22,"Upper Primary, Secondary and Higher Secondary",govt_schools_with_functional_ict_lab,1242,count,UDISE_2021-2022.pdf,185,"Number of Government Schools with Upper Primary, Secondary and Higher Secondary sections having: Functional ICT Labs",Table x.9 col (4)
Maharashtra,2021-22,"Upper Primary, Secondary and Higher Secondary",govt_aided_schools_total,20854,count,UDISE_2021-2022.pdf,185,"Number of Government Aided Schools with Upper Primary, Secondary and Higher Secondary sections having: Total",Table x.9 col (5)
Maharashtra,2021-22,"Upper Primary, Secondary and Higher Secondary",govt_aided_schools_with_ict_lab,7800,count,UDISE_2021-2022.pdf,185,"Number of Government Aided Schools with Upper Primary, Secondary and Higher Secondary sections having: ICT labs",Table x.9 col (6)
Maharashtra,2021-22,"Upper Primary, Secondary and Higher Secondary",govt_aided_schools_with_functional_ict_lab,6239,count,UDISE_2021-2022.pdf,185,"Number of Government Aided Schools with Upper Primary, Secondary and Higher Secondary sections having: Functional ICT Labs",Table x.9 col (7)
Maharashtra,2021-22,"Upper Primary, Secondary and Higher Secondary",govt_schools_with_ict_lab,7.4,percent,UDISE_2021-2022.pdf,185,"Percentage of Government Schools with Upper Primary, Secondary and Higher Secondary sections having: ICT labs",Table x.9 col (8)
Maharashtra,2021-22,"Upper Primary, Secondary and Higher Secondary",govt_schools_with_functional_ict_lab,5.5,percent,UDISE_2021-2022.pdf,185,"Percentage of Government Schools with Upper Primary, Secondary and Higher Secondary sections having: Functional ICT Labs",Table x.9 col (9)
Maharashtra,2021-22,"Upper Primary, Secondary and Higher Secondary",govt_aided_schools_with_ict_lab,37.4,percent,UDISE_2021-2022.pdf,185,"Percentage of Government Aided Schools with Upper Primary, Secondary and Higher Secondary sections having: ICT labs",Table x.9 col (10)
Maharashtra,2021-22,"Upper Primary, Secondary and Higher Secondary",govt_aided_schools_with_functional_ict_lab,29.9,percent,UDISE_2021-2022.pdf,185,"Percentage of Government Aided Schools with Upper Primary, Secondary and Higher Secondary sections having: Functional ICT Labs",Table x.9 col (11)
Manipur,2021-22,"Upper Primary, Secondary and Higher Secondary",govt_schools_total,979,count,UDISE_2021-2022.pdf,185,"Number of Government Schools with Upper Primary, Secondary and Higher Secondary sections having: Total",Table x.9 col (2)
Manipur,2021-22,"Upper Primary, Secondary and Higher Secondary",govt_schools_with_ict_lab,337,count,UDISE_2021-2022.pdf,185,"Number of Government Schools with Upper Primary, Secondary and Higher Secondary sections having: ICT labs",Table x.9 col (3)
Manipur,2021-22,"Upper Primary, Secondary and Higher Secondary",govt_schools_with_functional_ict_lab,306,count,UDISE_2021-2022.pdf,185,"Number of Government Schools with Upper Primary, Secondary and Higher Secondary sections having: Functional ICT Labs",Table x.9 col (4)
Manipur,2021-22,"Upper Primary, Secondary and Higher Secondary",govt_aided_schools_total,184,count,UDISE_2021-2022.pdf,185,"Number of Government Aided Schools with Upper Primary, Secondary and Higher Secondary sections having: Total",Table x.9 col (5)
Manipur,2021-22,"Upper Primary, Secondary and Higher Secondary",govt_aided_schools_with_ict_lab,9,count,UDISE_2021-2022.pdf,185,"Number of Government Aided Schools with Upper Primary, Secondary and Higher Secondary sections having: ICT labs",Table x.9 col (6)
Manipur,2021-22,"Upper Primary, Secondary and Higher Secondary",govt_aided_schools_with_functional_ict_lab,6,count,UDISE_2021-2022.pdf,185,"Number of Government Aided Schools with Upper Primary, Secondary and Higher Secondary sections having: Functional ICT Labs",Table x.9 col (7)
Manipur,2021-22,"Upper Primary, Secondary and Higher Secondary",govt_schools_with_ict_lab,34.4,percent,UDISE_2021-2022.pdf,185,"Percentage of Government Schools with Upper Primary, Secondary and Higher Secondary sections having: ICT labs",Table x.9 col (8)
Manipur,2021-22,"Upper Primary, Secondary and Higher Secondary",govt_schools_with_functional_ict_lab,31.3,percent,UDISE_2021-2022.pdf,185,"Percentage of Government Schools with Upper Primary, Secondary and Higher Secondary sections having: Functional ICT Labs",Table x.9 col (9)
Manipur,2021-22,"Upper Primary, Secondary and Higher Secondary",govt_aided_schools_with_ict_lab,4.9,percent,UDISE_2021-2022.pdf,185,"Percentage of Government Aided Schools with Upper Primary, Secondary and Higher Secondary sections having: ICT labs",Table x.9 col (10)
Manipur,2021-22,"Upper Primary, Secondary and Higher Secondary",govt_aided_schools_with_functional_ict_lab,3.3,percent,UDISE_2021-2022.pdf,185,"Percentage of Government Aided Schools with Upper Primary, Secondary and Higher Secondary sections having: Functional ICT Labs",Table x.9 col (11)
Meghalaya,2021-22,"Upper Primary, Secondary and Higher Secondary",govt_schools_total,2355,count,UDISE_2021-2022.pdf,185,"Number of Government Schools with Upper Primary, Secondary and Higher Secondary sections having: Total",Table x.9 col (2)
Meghalaya,2021-22,"Upper Primary, Secondary and Higher Secondary",govt_schools_with_ict_lab,129,count,UDISE_2021-2022.pdf,185,"Number of Government Schools with Upper Primary, Secondary and Higher Secondary sections having: ICT labs",Table x.9 col (3)
Meghalaya,2021-22,"Upper Primary, Secondary and Higher Secondary",govt_schools_with_functional_ict_lab,94,count,UDISE_2021-2022.pdf,185,"Number of Government Schools with Upper Primary, Secondary and Higher Secondary sections having: Functional ICT Labs",Table x.9 col (4)
Meghalaya,2021-22,"Upper Primary, Secondary and Higher Secondary",govt_aided_schools_total,1672,count,UDISE_2021-2022.pdf,185,"Number of Government Aided Schools with Upper Primary, Secondary and Higher Secondary sections having: Total",Table x.9 col (5)
Meghalaya,2021-22,"Upper Primary, Secondary and Higher Secondary",govt_aided_schools_with_ict_lab,249,count,UDISE_2021-2022.pdf,185,"Number of Government Aided Schools with Upper Primary, Secondary and Higher Secondary sections having: ICT labs",Table x.9 col (6)
Meghalaya,2021-22,"Upper Primary, Secondary and Higher Secondary",govt_aided_schools_with_functional_ict_lab,197,count,UDISE_2021-2022.pdf,185,"Number of Government Aided Schools with Upper Primary, Secondary and Higher Secondary sections having: Functional ICT Labs",Table x.9 col (7)
Meghalaya,2021-22,"Upper Primary, Secondary and Higher Secondary",govt_schools_with_ict_lab,5.5,percent,UDISE_2021-2022.pdf,185,"Percentage of Government Schools with Upper Primary, Secondary and Higher Secondary sections having: ICT labs",Table x.9 col (8)
Meghalaya,2021-22,"Upper Primary, Secondary and Higher Secondary",govt_schools_with_functional_ict_lab,4.0,percent,UDISE_2021-2022.pdf,185,"Percentage of Government Schools with Upper Primary, Secondary and Higher Secondary sections having: Functional ICT Labs",Table x.9 col (9)
Meghalaya,2021-22,"Upper Primary, Secondary and Higher Secondary",govt_aided_schools_with_ict_lab,14.9,percent,UDISE_2021-2022.pdf,185,"Percentage of Government Aided Schools with Upper Primary, Secondary and Higher Secondary sections having: ICT labs",Table x.9 col (10)
Meghalaya,2021-22,"Upper Primary, Secondary and Higher Secondary",govt_aided_schools_with_functional_ict_lab,11.8,percent,UDISE_2021-2022.pdf,185,"Percentage of Government Aided Schools with Upper Primary, Secondary and Higher Secondary sections having: Functional ICT Labs",Table x.9 col (11)
Mizoram,2021-22,"Upper Primary, Secondary and Higher Secondary",govt_schools_total,1286,count,UDISE_2021-2022.pdf,185,"Number of Government Schools with Upper Primary, Secondary and Higher Secondary sections having: Total",Table x.9 col (2)
Mizoram,2021-22,"Upper Primary, Secondary and Higher Secondary",govt_schools_with_ict_lab,114,count,UDISE_2021-2022.pdf,185,"Number of Government Schools with Upper Primary, Secondary and Higher Secondary sections having: ICT labs",Table x.9 col (3)
Mizoram,2021-22,"Upper Primary, Secondary and Higher Secondary",govt_schools_with_functional_ict_lab,72,count,UDISE_2021-2022.pdf,185,"Number of Government Schools with Upper Primary, Secondary and Higher Secondary sections having: Functional ICT Labs",Table x.9 col (4)
Mizoram,2021-22,"Upper Primary, Secondary and Higher Secondary",govt_aided_schools_total,230,count,UDISE_2021-2022.pdf,185,"Number of Government Aided Schools with Upper Primary, Secondary and Higher Secondary sections having: Total",Table x.9 col (5)
Mizoram,2021-22,"Upper Primary, Secondary and Higher Secondary",govt_aided_schools_with_ict_lab,21,count,UDISE_2021-2022.pdf,185,"Number of Government Aided Schools with Upper Primary, Secondary and Higher Secondary sections having: ICT labs",Table x.9 col (6)
Mizoram,2021-22,"Upper Primary, Secondary and Higher Secondary",govt_aided_schools_with_functional_ict_lab,8,count,UDISE_2021-2022.pdf,185,"Number of Government Aided Schools with Upper Primary, Secondary and Higher Secondary sections having: Functional ICT Labs",Table x.9 col (7)
Mizoram,2021-22,"Upper Primary, Secondary and Higher Secondary",govt_schools_with_ict_lab,8.9,percent,UDISE_2021-2022.pdf,185,"Percentage of Government Schools with Upper Primary, Secondary and Higher Secondary sections having: ICT labs",Table x.9 col (8)
Mizoram,2021-22,"Upper Primary, Secondary and Higher Secondary",govt_schools_with_functional_ict_lab,5.6,percent,UDISE_2021-2022.pdf,185,"Percentage of Government Schools with Upper Primary, Secondary and Higher Secondary sections having: Functional ICT Labs",Table x.9 col (9)
Mizoram,2021-22,"Upper Primary, Secondary and Higher Secondary",govt_aided_schools_with_ict_lab,9.1,percent,UDISE_2021-2022.pdf,185,"Percentage of Government Aided Schools with Upper Primary, Secondary and Higher Secondary sections having: ICT labs",Table x.9 col (10)
Mizoram,2021-22,"Upper Primary, Secondary and Higher Secondary",govt_aided_schools_with_functional_ict_lab,3.5,percent,UDISE_2021-2022.pdf,185,"Percentage of Government Aided Schools with Upper Primary, Secondary and Higher Secondary sections having: Functional ICT Labs",Table x.9 col (11)
Nagaland,2021-22,"Upper Primary, Secondary and Higher Secondary",govt_schools_total,928,count,UDISE_2021-2022.pdf,185,"Number of Government Schools with Upper Primary, Secondary and Higher Secondary sections having: Total",Table x.9 col (2)
Nagaland,2021-22,"Upper Primary, Secondary and Higher Secondary",govt_schools_with_ict_lab,130,count,UDISE_2021-2022.pdf,185,"Number of Government Schools with Upper Primary, Secondary and Higher Secondary sections having: ICT labs",Table x.9 col (3)
Nagaland,2021-22,"Upper Primary, Secondary and Higher Secondary",govt_schools_with_functional_ict_lab,101,count,UDISE_2021-2022.pdf,185,"Number of Government Schools with Upper Primary, Secondary and Higher Secondary sections having: Functional ICT Labs",Table x.9 col (4)
Nagaland,2021-22,"Upper Primary, Secondary and Higher Secondary",govt_aided_schools_total,0,count,UDISE_2021-2022.pdf,185,"Number of Government Aided Schools with Upper Primary, Secondary and Higher Secondary sections having: Total",Table x.9 col (5)
Nagaland,2021-22,"Upper Primary, Secondary and Higher Secondary",govt_aided_schools_with_ict_lab,0,count,UDISE_2021-2022.pdf,185,"Number of Government Aided Schools with Upper Primary, Secondary and Higher Secondary sections having: ICT labs",Table x.9 col (6)
Nagaland,2021-22,"Upper Primary, Secondary and Higher Secondary",govt_aided_schools_with_functional_ict_lab,0,count,UDISE_2021-2022.pdf,185,"Number of Government Aided Schools with Upper Primary, Secondary and Higher Secondary sections having: Functional ICT Labs",Table x.9 col (7)
Nagaland,2021-22,"Upper Primary, Secondary and Higher Secondary",govt_schools_with_ict_lab,14.0,percent,UDISE_2021-2022.pdf,185,"Percentage of Government Schools with Upper Primary, Secondary and Higher Secondary sections having: ICT labs",Table x.9 col (8)
Nagaland,2021-22,"Upper Primary, Secondary and Higher Secondary",govt_schools_with_functional_ict_lab,10.9,percent,UDISE_2021-2022.pdf,185,"Percentage of Government Schools with Upper Primary, Secondary and Higher Secondary sections having: Functional ICT Labs",Table x.9 col (9)
Nagaland,2021-22,"Upper Primary, Secondary and Higher Secondary",govt_aided_schools_with_ict_lab,0.0,percent,UDISE_2021-2022.pdf,185,"Percentage of Government Aided Schools with Upper Primary, Secondary and Higher Secondary sections having: ICT labs",Table x.9 col (10)
Nagaland,2021-22,"Upper Primary, Secondary and Higher Secondary",govt_aided_schools_with_functional_ict_lab,0.0,percent,UDISE_2021-2022.pdf,185,"Percentage of Government Aided Schools with Upper Primary, Secondary and Higher Secondary sections having: Functional ICT Labs",Table x.9 col (11)
Odisha,2021-22,"Upper Primary, Secondary and Higher Secondary",govt_schools_total,21927,count,UDISE_2021-2022.pdf,185,"Number of Government Schools with Upper Primary, Secondary and Higher Secondary sections having: Total",Table x.9 col (2)
Odisha,2021-22,"Upper Primary, Secondary and Higher Secondary",govt_schools_with_ict_lab,4281,count,UDISE_2021-2022.pdf,185,"Number of Government Schools with Upper Primary, Secondary and Higher Secondary sections having: ICT labs",Table x.9 col (3)
Odisha,2021-22,"Upper Primary, Secondary and Higher Secondary",govt_schools_with_functional_ict_lab,2953,count,UDISE_2021-2022.pdf,185,"Number of Government Schools with Upper Primary, Secondary and Higher Secondary sections having: Functional ICT Labs",Table x.9 col (4)
Odisha,2021-22,"Upper Primary, Secondary and Higher Secondary",govt_aided_schools_total,5514,count,UDISE_2021-2022.pdf,185,"Number of Government Aided Schools with Upper Primary, Secondary and Higher Secondary sections having: Total",Table x.9 col (5)
Odisha,2021-22,"Upper Primary, Secondary and Higher Secondary",govt_aided_schools_with_ict_lab,266,count,UDISE_2021-2022.pdf,185,"Number of Government Aided Schools with Upper Primary, Secondary and Higher Secondary sections having: ICT labs",Table x.9 col (6)
Odisha,2021-22,"Upper Primary, Secondary and Higher Secondary",govt_aided_schools_with_functional_ict_lab,196,count,UDISE_2021-2022.pdf,185,"Number of Government Aided Schools with Upper Primary, Secondary and Higher Secondary sections having: Functional ICT Labs",Table x.9 col (7)
Odisha,2021-22,"Upper Primary, Secondary and Higher Secondary",govt_schools_with_ict_lab,19.5,percent,UDISE_2021-2022.pdf,185,"Percentage of Government Schools with Upper Primary, Secondary and Higher Secondary sections having: ICT labs",Table x.9 col (8)
Odisha,2021-22,"Upper Primary, Secondary and Higher Secondary",govt_schools_with_functional_ict_lab,13.5,percent,UDISE_2021-2022.pdf,185,"Percentage of Government Schools with Upper Primary, Secondary and Higher Secondary sections having: Functional ICT Labs",Table x.9 col (9)
Odisha,2021-22,"Upper Primary, Secondary and Higher Secondary",govt_aided_schools_with_ict_lab,4.8,percent,UDISE_2021-2022.pdf,185,"Percentage of Government Aided Schools with Upper Primary, Secondary and Higher Secondary sections having: ICT labs",Table x.9 col (10)
Odisha,2021-22,"Upper Primary, Secondary and Higher Secondary",govt_aided_schools_with_functional_ict_lab,3.6,percent,UDISE_2021-2022.pdf,185,"Percentage of Government Aided Schools with Upper Primary, Secondary and Higher Secondary sections having: Functional ICT Labs",Table x.9 col (11)
Puducherry,2021-22,"Upper Primary, Secondary and Higher Secondary",govt_schools_total,189,count,UDISE_2021-2022.pdf,185,"Number of Government Schools with Upper Primary, Secondary and Higher Secondary sections having: Total",Table x.9 col (2)
Puducherry,2021-22,"Upper Primary, Secondary and Higher Secondary",govt_schools_with_ict_lab,184,count,UDISE_2021-2022.pdf,185,"Number of Government Schools with Upper Primary, Secondary and Higher Secondary sections having: ICT labs",Table x.9 col (3)
Puducherry,2021-22,"Upper Primary, Secondary and Higher Secondary",govt_schools_with_functional_ict_lab,168,count,UDISE_2021-2022.pdf,185,"Number of Government Schools with Upper Primary, Secondary and Higher Secondary sections having: Functional ICT Labs",Table x.9 col (4)
Puducherry,2021-22,"Upper Primary, Secondary and Higher Secondary",govt_aided_schools_total,30,count,UDISE_2021-2022.pdf,185,"Number of Government Aided Schools with Upper Primary, Secondary and Higher Secondary sections having: Total",Table x.9 col (5)
Puducherry,2021-22,"Upper Primary, Secondary and Higher Secondary",govt_aided_schools_with_ict_lab,8,count,UDISE_2021-2022.pdf,185,"Number of Government Aided Schools with Upper Primary, Secondary and Higher Secondary sections having: ICT labs",Table x.9 col (6)
Puducherry,2021-22,"Upper Primary, Secondary and Higher Secondary",govt_aided_schools_with_functional_ict_lab,8,count,UDISE_2021-2022.pdf,185,"Number of Government Aided Schools with Upper Primary, Secondary and Higher Secondary sections having: Functional ICT Labs",Table x.9 col (7)
Puducherry,2021-22,"Upper Primary, Secondary and Higher Secondary",govt_schools_with_ict_lab,97.4,percent,UDISE_2021-2022.pdf,185,"Percentage of Government Schools with Upper Primary, Secondary and Higher Secondary sections having: ICT labs",Table x.9 col (8)
Puducherry,2021-22,"Upper Primary, Secondary and Higher Secondary",govt_schools_with_functional_ict_lab,88.9,percent,UDISE_2021-2022.pdf,185,"Percentage of Government Schools with Upper Primary, Secondary and Higher Secondary sections having: Functional ICT Labs",Table x.9 col (9)
Puducherry,2021-22,"Upper Primary, Secondary and Higher Secondary",govt_aided_schools_with_ict_lab,26.7,percent,UDISE_2021-2022.pdf,185,"Percentage of Government Aided Schools with Upper Primary, Secondary and Higher Secondary sections having: ICT labs",Table x.9 col (10)
Puducherry,2021-22,"Upper Primary, Secondary and Higher Secondary",govt_aided_schools_with_functional_ict_lab,26.7,percent,UDISE_2021-2022.pdf,185,"Percentage of Government Aided Schools with Upper Primary, Secondary and Higher Secondary sections having: Functional ICT Labs",Table x.9 col (11)
Punjab,2021-22,"Upper Primary, Secondary and Higher Secondary",govt_schools_total,6429,count,UDISE_2021-2022.pdf,185,"Number of Government Schools with Upper Primary, Secondary and Higher Secondary sections having: Total",Table x.9 col (2)
Punjab,2021-22,"Upper Primary, Secondary and Higher Secondary",govt_schools_with_ict_lab,6177,count,UDISE_2021-2022.pdf,185,"Number of Government Schools with Upper Primary, Secondary and Higher Secondary sections having: ICT labs",Table x.9 col (3)
Punjab,2021-22,"Upper Primary, Secondary and Higher Secondary",govt_schools_with_functional_ict_lab,5926,count,UDISE_2021-2022.pdf,185,"Number of Government Schools with Upper Primary, Secondary and Higher Secondary sections having: Functional ICT Labs",Table x.9 col (4)
Punjab,2021-22,"Upper Primary, Secondary and Higher Secondary",govt_aided_schools_total,400,count,UDISE_2021-2022.pdf,185,"Number of Government Aided Schools with Upper Primary, Secondary and Higher Secondary sections having: Total",Table x.9 col (5)
Punjab,2021-22,"Upper Primary, Secondary and Higher Secondary",govt_aided_schools_with_ict_lab,264,count,UDISE_2021-2022.pdf,185,"Number of Government Aided Schools with Upper Primary, Secondary and Higher Secondary sections having: ICT labs",Table x.9 col (6)
Punjab,2021-22,"Upper Primary, Secondary and Higher Secondary",govt_aided_schools_with_functional_ict_lab,256,count,UDISE_2021-2022.pdf,185,"Number of Government Aided Schools with Upper Primary, Secondary and Higher Secondary sections having: Functional ICT Labs",Table x.9 col (7)
Punjab,2021-22,"Upper Primary, Secondary and Higher Secondary",govt_schools_with_ict_lab,96.1,percent,UDISE_2021-2022.pdf,185,"Percentage of Government Schools with Upper Primary, Secondary and Higher Secondary sections having: ICT labs",Table x.9 col (8)
Punjab,2021-22,"Upper Primary, Secondary and Higher Secondary",govt_schools_with_functional_ict_lab,92.2,percent,UDISE_2021-2022.pdf,185,"Percentage of Government Schools with Upper Primary, Secondary and Higher Secondary sections having: Functional ICT Labs",Table x.9 col (9)
Punjab,2021-22,"Upper Primary, Secondary and Higher Secondary",govt_aided_schools_with_ict_lab,66.0,percent,UDISE_2021-2022.pdf,185,"Percentage of Government Aided Schools with Upper Primary, Secondary and Higher Secondary sections having: ICT labs",Table x.9 col (10)
Punjab,2021-22,"Upper Primary, Secondary and Higher Secondary",govt_aided_schools_with_functional_ict_lab,64.0,percent,UDISE_2021-2022.pdf,185,"Percentage of Government Aided Schools with Upper Primary, Secondary and Higher Secondary sections having: Functional ICT Labs",Table x.9 col (11)
Rajasthan,2021-22,"Upper Primary, Secondary and Higher Secondary",govt_schools_total,35167,count,UDISE_2021-2022.pdf,185,"Number of Government Schools with Upper Primary, Secondary and Higher Secondary sections having: Total",Table x.9 col (2)
Rajasthan,2021-22,"Upper Primary, Secondary and Higher Secondary",govt_schools_with_ict_lab,11370,count,UDISE_2021-2022.pdf,185,"Number of Government Schools with Upper Primary, Secondary and Higher Secondary sections having: ICT labs",Table x.9 col (3)
Rajasthan,2021-22,"Upper Primary, Secondary and Higher Secondary",govt_schools_with_functional_ict_lab,9180,count,UDISE_2021-2022.pdf,185,"Number of Government Schools with Upper Primary, Secondary and Higher Secondary sections having: Functional ICT Labs",Table x.9 col (4)
Rajasthan,2021-22,"Upper Primary, Secondary and Higher Secondary",govt_aided_schools_total,0,count,UDISE_2021-2022.pdf,185,"Number of Government Aided Schools with Upper Primary, Secondary and Higher Secondary sections having: Total",Table x.9 col (5)
Rajasthan,2021-22,"Upper Primary, Secondary and Higher Secondary",govt_aided_schools_with_ict_lab,0,count,UDISE_2021-2022.pdf,185,"Number of Government Aided Schools with Upper Primary, Secondary and Higher Secondary sections having: ICT labs",Table x.9 col (6)
Rajasthan,2021-22,"Upper Primary, Secondary and Higher Secondary",govt_aided_schools_with_functional_ict_lab,0,count,UDISE_2021-2022.pdf,185,"Number of Government Aided Schools with Upper Primary, Secondary and Higher Secondary sections having: Functional ICT Labs",Table x.9 col (7)
Rajasthan,2021-22,"Upper Primary, Secondary and Higher Secondary",govt_schools_with_ict_lab,32.3,percent,UDISE_2021-2022.pdf,185,"Percentage of Government Schools with Upper Primary, Secondary and Higher Secondary sections having: ICT labs",Table x.9 col (8)
Rajasthan,2021-22,"Upper Primary, Secondary and Higher Secondary",govt_schools_with_functional_ict_lab,26.1,percent,UDISE_2021-2022.pdf,185,"Percentage of Government Schools with Upper Primary, Secondary and Higher Secondary sections having: Functional ICT Labs",Table x.9 col (9)
Rajasthan,2021-22,"Upper Primary, Secondary and Higher Secondary",govt_aided_schools_with_ict_lab,0.0,percent,UDISE_2021-2022.pdf,185,"Percentage of Government Aided Schools with Upper Primary, Secondary and Higher Secondary sections having: ICT labs",Table x.9 col (10)
Rajasthan,2021-22,"Upper Primary, Secondary and Higher Secondary",govt_aided_schools_with_functional_ict_lab,0.0,percent,UDISE_2021-2022.pdf,185,"Percentage of Government Aided Schools with Upper Primary, Secondary and Higher Secondary sections having: Functional ICT Labs",Table x.9 col (11)
Sikkim,2021-22,"Upper Primary, Secondary and Higher Secondary",govt_schools_total,389,count,UDISE_2021-2022.pdf,185,"Number of Government Schools with Upper Primary, Secondary and Higher Secondary sections having: Total",Table x.9 col (2)
Sikkim,2021-22,"Upper Primary, Secondary and Higher Secondary",govt_schools_with_ict_lab,229,count,UDISE_2021-2022.pdf,185,"Number of Government Schools with Upper Primary, Secondary and Higher Secondary sections having: ICT labs",Table x.9 col (3)
Sikkim,2021-22,"Upper Primary, Secondary and Higher Secondary",govt_schools_with_functional_ict_lab,216,count,UDISE_2021-2022.pdf,185,"Number of Government Schools with Upper Primary, Secondary and Higher Secondary sections having: Functional ICT Labs",Table x.9 col (4)
Sikkim,2021-22,"Upper Primary, Secondary and Higher Secondary",govt_aided_schools_total,13,count,UDISE_2021-2022.pdf,185,"Number of Government Aided Schools with Upper Primary, Secondary and Higher Secondary sections having: Total",Table x.9 col (5)
Sikkim,2021-22,"Upper Primary, Secondary and Higher Secondary",govt_aided_schools_with_ict_lab,7,count,UDISE_2021-2022.pdf,185,"Number of Government Aided Schools with Upper Primary, Secondary and Higher Secondary sections having: ICT labs",Table x.9 col (6)
Sikkim,2021-22,"Upper Primary, Secondary and Higher Secondary",govt_aided_schools_with_functional_ict_lab,5,count,UDISE_2021-2022.pdf,185,"Number of Government Aided Schools with Upper Primary, Secondary and Higher Secondary sections having: Functional ICT Labs",Table x.9 col (7)
Sikkim,2021-22,"Upper Primary, Secondary and Higher Secondary",govt_schools_with_ict_lab,58.9,percent,UDISE_2021-2022.pdf,185,"Percentage of Government Schools with Upper Primary, Secondary and Higher Secondary sections having: ICT labs",Table x.9 col (8)
Sikkim,2021-22,"Upper Primary, Secondary and Higher Secondary",govt_schools_with_functional_ict_lab,55.5,percent,UDISE_2021-2022.pdf,185,"Percentage of Government Schools with Upper Primary, Secondary and Higher Secondary sections having: Functional ICT Labs",Table x.9 col (9)
Sikkim,2021-22,"Upper Primary, Secondary and Higher Secondary",govt_aided_schools_with_ict_lab,53.9,percent,UDISE_2021-2022.pdf,185,"Percentage of Government Aided Schools with Upper Primary, Secondary and Higher Secondary sections having: ICT labs",Table x.9 col (10)
Sikkim,2021-22,"Upper Primary, Secondary and Higher Secondary",govt_aided_schools_with_functional_ict_lab,38.5,percent,UDISE_2021-2022.pdf,185,"Percentage of Government Aided Schools with Upper Primary, Secondary and Higher Secondary sections having: Functional ICT Labs",Table x.9 col (11)
Tamil Nadu,2021-22,"Upper Primary, Secondary and Higher Secondary",govt_schools_total,13361,count,UDISE_2021-2022.pdf,185,"Number of Government Schools with Upper Primary, Secondary and Higher Secondary sections having: Total",Table x.9 col (2)
Tamil Nadu,2021-22,"Upper Primary, Secondary and Higher Secondary",govt_schools_with_ict_lab,5815,count,UDISE_2021-2022.pdf,185,"Number of Government Schools with Upper Primary, Secondary and Higher Secondary sections having: ICT labs",Table x.9 col (3)
Tamil Nadu,2021-22,"Upper Primary, Secondary and Higher Secondary",govt_schools_with_functional_ict_lab,5815,count,UDISE_2021-2022.pdf,185,"Number of Government Schools with Upper Primary, Secondary and Higher Secondary sections having: Functional ICT Labs",Table x.9 col (4)
Tamil Nadu,2021-22,"Upper Primary, Secondary and Higher Secondary",govt_aided_schools_total,3324,count,UDISE_2021-2022.pdf,185,"Number of Government Aided Schools with Upper Primary, Secondary and Higher Secondary sections having: Total",Table x.9 col (5)
Tamil Nadu,2021-22,"Upper Primary, Secondary and Higher Secondary",govt_aided_schools_with_ict_lab,0,count,UDISE_2021-2022.pdf,185,"Number of Government Aided Schools with Upper Primary, Secondary and Higher Secondary sections having: ICT labs",Table x.9 col (6)
Tamil Nadu,2021-22,"Upper Primary, Secondary and Higher Secondary",govt_aided_schools_with_functional_ict_lab,0,count,UDISE_2021-2022.pdf,185,"Number of Government Aided Schools with Upper Primary, Secondary and Higher Secondary sections having: Functional ICT Labs",Table x.9 col (7)
Tamil Nadu,2021-22,"Upper Primary, Secondary and Higher Secondary",govt_schools_with_ict_lab,43.5,percent,UDISE_2021-2022.pdf,185,"Percentage of Government Schools with Upper Primary, Secondary and Higher Secondary sections having: ICT labs",Table x.9 col (8)
Tamil Nadu,2021-22,"Upper Primary, Secondary and Higher Secondary",govt_schools_with_functional_ict_lab,43.5,percent,UDISE_2021-2022.pdf,185,"Percentage of Government Schools with Upper Primary, Secondary and Higher Secondary sections having: Functional ICT Labs",Table x.9 col (9)
Tamil Nadu,2021-22,"Upper Primary, Secondary and Higher Secondary",govt_aided_schools_with_ict_lab,0.0,percent,UDISE_2021-2022.pdf,185,"Percentage of Government Aided Schools with Upper Primary, Secondary and Higher Secondary sections having: ICT labs",Table x.9 col (10)
Tamil Nadu,2021-22,"Upper Primary, Secondary and Higher Secondary",govt_aided_schools_with_functional_ict_lab,0.0,percent,UDISE_2021-2022.pdf,185,"Percentage of Government Aided Schools with Upper Primary, Secondary and Higher Secondary sections having: Functional ICT Labs",Table x.9 col (11)
Telangana,2021-22,"Upper Primary, Secondary and Higher Secondary",govt_schools_total,10231,count,UDISE_2021-2022.pdf,185,"Number of Government Schools with Upper Primary, Secondary and Higher Secondary sections having: Total",Table x.9 col (2)
Telangana,2021-22,"Upper Primary, Secondary and Higher Secondary",govt_schools_with_ict_lab,2679,count,UDISE_2021-2022.pdf,185,"Number of Government Schools with Upper Primary, Secondary and Higher Secondary sections having: ICT labs",Table x.9 col (3)
Telangana,2021-22,"Upper Primary, Secondary and Higher Secondary",govt_schools_with_functional_ict_lab,942,count,UDISE_2021-2022.pdf,185,"Number of Government Schools with Upper Primary, Secondary and Higher Secondary sections having: Functional ICT Labs",Table x.9 col (4)
Telangana,2021-22,"Upper Primary, Secondary and Higher Secondary",govt_aided_schools_total,412,count,UDISE_2021-2022.pdf,185,"Number of Government Aided Schools with Upper Primary, Secondary and Higher Secondary sections having: Total",Table x.9 col (5)
Telangana,2021-22,"Upper Primary, Secondary and Higher Secondary",govt_aided_schools_with_ict_lab,1,count,UDISE_2021-2022.pdf,185,"Number of Government Aided Schools with Upper Primary, Secondary and Higher Secondary sections having: ICT labs",Table x.9 col (6)
Telangana,2021-22,"Upper Primary, Secondary and Higher Secondary",govt_aided_schools_with_functional_ict_lab,0,count,UDISE_2021-2022.pdf,185,"Number of Government Aided Schools with Upper Primary, Secondary and Higher Secondary sections having: Functional ICT Labs",Table x.9 col (7)
Telangana,2021-22,"Upper Primary, Secondary and Higher Secondary",govt_schools_with_ict_lab,26.2,percent,UDISE_2021-2022.pdf,185,"Percentage of Government Schools with Upper Primary, Secondary and Higher Secondary sections having: ICT labs",Table x.9 col (8)
Telangana,2021-22,"Upper Primary, Secondary and Higher Secondary",govt_schools_with_functional_ict_lab,9.2,percent,UDISE_2021-2022.pdf,185,"Percentage of Government Schools with Upper Primary, Secondary and Higher Secondary sections having: Functional ICT Labs",Table x.9 col (9)
Telangana,2021-22,"Upper Primary, Secondary and Higher Secondary",govt_aided_schools_with_ict_lab,0.2,percent,UDISE_2021-2022.pdf,185,"Percentage of Government Aided Schools with Upper Primary, Secondary and Higher Secondary sections having: ICT labs",Table x.9 col (10)
Telangana,2021-22,"Upper Primary, Secondary and Higher Secondary",govt_aided_schools_with_functional_ict_lab,0.0,percent,UDISE_2021-2022.pdf,185,"Percentage of Government Aided Schools with Upper Primary, Secondary and Higher Secondary sections having: Functional ICT Labs",Table x.9 col (11)
Tripura,2021-22,"Upper Primary, Secondary and Higher Secondary",govt_schools_total,2133,count,UDISE_2021-2022.pdf,185,"Number of Government Schools with Upper Primary, Secondary and Higher Secondary sections having: Total",Table x.9 col (2)
Tripura,2021-22,"Upper Primary, Secondary and Higher Secondary",govt_schools_with_ict_lab,419,count,UDISE_2021-2022.pdf,185,"Number of Government Schools with Upper Primary, Secondary and Higher Secondary sections having: ICT labs",Table x.9 col (3)
Tripura,2021-22,"Upper Primary, Secondary and Higher Secondary",govt_schools_with_functional_ict_lab,372,count,UDISE_2021-2022.pdf,185,"Number of Government Schools with Upper Primary, Secondary and Higher Secondary sections having: Functional ICT Labs",Table x.9 col (4)
Tripura,2021-22,"Upper Primary, Secondary and Higher Secondary",govt_aided_schools_total,35,count,UDISE_2021-2022.pdf,185,"Number of Government Aided Schools with Upper Primary, Secondary and Higher Secondary sections having: Total",Table x.9 col (5)
Tripura,2021-22,"Upper Primary, Secondary and Higher Secondary",govt_aided_schools_with_ict_lab,7,count,UDISE_2021-2022.pdf,185,"Number of Government Aided Schools with Upper Primary, Secondary and Higher Secondary sections having: ICT labs",Table x.9 col (6)
Tripura,2021-22,"Upper Primary, Secondary and Higher Secondary",govt_aided_schools_with_functional_ict_lab,5,count,UDISE_2021-2022.pdf,185,"Number of Government Aided Schools with Upper Primary, Secondary and Higher Secondary sections having: Functional ICT Labs",Table x.9 col (7)
Tripura,2021-22,"Upper Primary, Secondary and Higher Secondary",govt_schools_with_ict_lab,19.6,percent,UDISE_2021-2022.pdf,185,"Percentage of Government Schools with Upper Primary, Secondary and Higher Secondary sections having: ICT labs",Table x.9 col (8)
Tripura,2021-22,"Upper Primary, Secondary and Higher Secondary",govt_schools_with_functional_ict_lab,17.4,percent,UDISE_2021-2022.pdf,185,"Percentage of Government Schools with Upper Primary, Secondary and Higher Secondary sections having: Functional ICT Labs",Table x.9 col (9)
Tripura,2021-22,"Upper Primary, Secondary and Higher Secondary",govt_aided_schools_with_ict_lab,20.0,percent,UDISE_2021-2022.pdf,185,"Percentage of Government Aided Schools with Upper Primary, Secondary and Higher Secondary sections having: ICT labs",Table x.9 col (10)
Tripura,2021-22,"Upper Primary, Secondary and Higher Secondary",govt_aided_schools_with_functional_ict_lab,14.3,percent,UDISE_2021-2022.pdf,185,"Percentage of Government Aided Schools with Upper Primary, Secondary and Higher Secondary sections having: Functional ICT Labs",Table x.9 col (11)
Uttar Pradesh,2021-22,"Upper Primary, Secondary and Higher Secondary",govt_schools_total,49213,count,UDISE_2021-2022.pdf,185,"Number of Government Schools with Upper Primary, Secondary and Higher Secondary sections having: Total",Table x.9 col (2)
Uttar Pradesh,2021-22,"Upper Primary, Secondary and Higher Secondary",govt_schools_with_ict_lab,1208,count,UDISE_2021-2022.pdf,185,"Number of Government Schools with Upper Primary, Secondary and Higher Secondary sections having: ICT labs",Table x.9 col (3)
Uttar Pradesh,2021-22,"Upper Primary, Secondary and Higher Secondary",govt_schools_with_functional_ict_lab,757,count,UDISE_2021-2022.pdf,185,"Number of Government Schools with Upper Primary, Secondary and Higher Secondary sections having: Functional ICT Labs",Table x.9 col (4)
Uttar Pradesh,2021-22,"Upper Primary, Secondary and Higher Secondary",govt_aided_schools_total,7960,count,UDISE_2021-2022.pdf,185,"Number of Government Aided Schools with Upper Primary, Secondary and Higher Secondary sections having: Total",Table x.9 col (5)
Uttar Pradesh,2021-22,"Upper Primary, Secondary and Higher Secondary",govt_aided_schools_with_ict_lab,1284,count,UDISE_2021-2022.pdf,185,"Number of Government Aided Schools with Upper Primary, Secondary and Higher Secondary sections having: ICT labs",Table x.9 col (6)
Uttar Pradesh,2021-22,"Upper Primary, Secondary and Higher Secondary",govt_aided_schools_with_functional_ict_lab,624,count,UDISE_2021-2022.pdf,185,"Number of Government Aided Schools with Upper Primary, Secondary and Higher Secondary sections having: Functional ICT Labs",Table x.9 col (7)
Uttar Pradesh,2021-22,"Upper Primary, Secondary and Higher Secondary",govt_schools_with_ict_lab,2.5,percent,UDISE_2021-2022.pdf,185,"Percentage of Government Schools with Upper Primary, Secondary and Higher Secondary sections having: ICT labs",Table x.9 col (8)
Uttar Pradesh,2021-22,"Upper Primary, Secondary and Higher Secondary",govt_schools_with_functional_ict_lab,1.5,percent,UDISE_2021-2022.pdf,185,"Percentage of Government Schools with Upper Primary, Secondary and Higher Secondary sections having: Functional ICT Labs",Table x.9 col (9)
Uttar Pradesh,2021-22,"Upper Primary, Secondary and Higher Secondary",govt_aided_schools_with_ict_lab,16.1,percent,UDISE_2021-2022.pdf,185,"Percentage of Government Aided Schools with Upper Primary, Secondary and Higher Secondary sections having: ICT labs",Table x.9 col (10)
Uttar Pradesh,2021-22,"Upper Primary, Secondary and Higher Secondary",govt_aided_schools_with_functional_ict_lab,7.8,percent,UDISE_2021-2022.pdf,185,"Percentage of Government Aided Schools with Upper Primary, Secondary and Higher Secondary sections having: Functional ICT Labs",Table x.9 col (11)
Uttarakhand,2021-22,"Upper Primary, Secondary and Higher Secondary",govt_schools_total,4982,count,UDISE_2021-2022.pdf,185,"Number of Government Schools with Upper Primary, Secondary and Higher Secondary sections having: Total",Table x.9 col (2)
Uttarakhand,2021-22,"Upper Primary, Secondary and Higher Secondary",govt_schools_with_ict_lab,621,count,UDISE_2021-2022.pdf,185,"Number of Government Schools with Upper Primary, Secondary and Higher Secondary sections having: ICT labs",Table x.9 col (3)
Uttarakhand,2021-22,"Upper Primary, Secondary and Higher Secondary",govt_schools_with_functional_ict_lab,549,count,UDISE_2021-2022.pdf,185,"Number of Government Schools with Upper Primary, Secondary and Higher Secondary sections having: Functional ICT Labs",Table x.9 col (4)
Uttarakhand,2021-22,"Upper Primary, Secondary and Higher Secondary",govt_aided_schools_total,599,count,UDISE_2021-2022.pdf,185,"Number of Government Aided Schools with Upper Primary, Secondary and Higher Secondary sections having: Total",Table x.9 col (5)
Uttarakhand,2021-22,"Upper Primary, Secondary and Higher Secondary",govt_aided_schools_with_ict_lab,58,count,UDISE_2021-2022.pdf,185,"Number of Government Aided Schools with Upper Primary, Secondary and Higher Secondary sections having: ICT labs",Table x.9 col (6)
Uttarakhand,2021-22,"Upper Primary, Secondary and Higher Secondary",govt_aided_schools_with_functional_ict_lab,40,count,UDISE_2021-2022.pdf,185,"Number of Government Aided Schools with Upper Primary, Secondary and Higher Secondary sections having: Functional ICT Labs",Table x.9 col (7)
Uttarakhand,2021-22,"Upper Primary, Secondary and Higher Secondary",govt_schools_with_ict_lab,12.5,percent,UDISE_2021-2022.pdf,185,"Percentage of Government Schools with Upper Primary, Secondary and Higher Secondary sections having: ICT labs",Table x.9 col (8)
Uttarakhand,2021-22,"Upper Primary, Secondary and Higher Secondary",govt_schools_with_functional_ict_lab,11.0,percent,UDISE_2021-2022.pdf,185,"Percentage of Government Schools with Upper Primary, Secondary and Higher Secondary sections having: Functional ICT Labs",Table x.9 col (9)
Uttarakhand,2021-22,"Upper Primary, Secondary and Higher Secondary",govt_aided_schools_with_ict_lab,9.7,percent,UDISE_2021-2022.pdf,185,"Percentage of Government Aided Schools with Upper Primary, Secondary and Higher Secondary sections having: ICT labs",Table x.9 col (10)
Uttarakhand,2021-22,"Upper Primary, Secondary and Higher Secondary",govt_aided_schools_with_functional_ict_lab,6.7,percent,UDISE_2021-2022.pdf,185,"Percentage of Government Aided Schools with Upper Primary, Secondary and Higher Secondary sections having: Functional ICT Labs",Table x.9 col (11)
West Bengal,2021-22,"Upper Primary, Secondary and Higher Secondary",govt_schools_total,16278,count,UDISE_2021-2022.pdf,185,"Number of Government Schools with Upper Primary, Secondary and Higher Secondary sections having: Total",Table x.9 col (2)
West Bengal,2021-22,"Upper Primary, Secondary and Higher Secondary",govt_schools_with_ict_lab,7602,count,UDISE_2021-2022.pdf,185,"Number of Government Schools with Upper Primary, Secondary and Higher Secondary sections having: ICT labs",Table x.9 col (3)
West Bengal,2021-22,"Upper Primary, Secondary and Higher Secondary",govt_schools_with_functional_ict_lab,7145,count,UDISE_2021-2022.pdf,185,"Number of Government Schools with Upper Primary, Secondary and Higher Secondary sections having: Functional ICT Labs",Table x.9 col (4)
West Bengal,2021-22,"Upper Primary, Secondary and Higher Secondary",govt_aided_schools_total,44,count,UDISE_2021-2022.pdf,185,"Number of Government Aided Schools with Upper Primary, Secondary and Higher Secondary sections having: Total",Table x.9 col (5)
West Bengal,2021-22,"Upper Primary, Secondary and Higher Secondary",govt_aided_schools_with_ict_lab,2,count,UDISE_2021-2022.pdf,185,"Number of Government Aided Schools with Upper Primary, Secondary and Higher Secondary sections having: ICT labs",Table x.9 col (6)
West Bengal,2021-22,"Upper Primary, Secondary and Higher Secondary",govt_aided_schools_with_functional_ict_lab,2,count,UDISE_2021-2022.pdf,185,"Number of Government Aided Schools with Upper Primary, Secondary and Higher Secondary sections having: Functional ICT Labs",Table x.9 col (7)
West Bengal,2021-22,"Upper Primary, Secondary and Higher Secondary",govt_schools_with_ict_lab,46.7,percent,UDISE_2021-2022.pdf,185,"Percentage of Government Schools with Upper Primary, Secondary and Higher Secondary sections having: ICT labs",Table x.9 col (8)
West Bengal,2021-22,"Upper Primary, Secondary and Higher Secondary",govt_schools_with_functional_ict_lab,43.9,percent,UDISE_2021-2022.pdf,185,"Percentage of Government Schools with Upper Primary, Secondary and Higher Secondary sections having: Functional ICT Labs",Table x.9 col (9)
West Bengal,2021-22,"Upper Primary, Secondary and Higher Secondary",govt_aided_schools_with_ict_lab,4.6,percent,UDISE_2021-2022.pdf,185,"Percentage of Government Aided Schools with Upper Primary, Secondary and Higher Secondary sections having: ICT labs",Table x.9 col (10)
West Bengal,2021-22,"Upper Primary, Secondary and Higher Secondary",govt_aided_schools_with_functional_ict_lab,4.6,percent,UDISE_2021-2022.pdf,185,"Percentage of Government Aided Schools with Upper Primary, Secondary and Higher Secondary sections having: Functional ICT Labs",Table x.9 col (11)
India,2022-23,All,schools_with_electricity,1344828,count,UDISE_2022-2023.pdf,108,Schools with electricity facility,"Table 7.1 col (7), All management"
India,2022-23,All,schools_with_functional_electricity,1312345,count,UDISE_2022-2023.pdf,108,Schools with functional electricity facility,"Table 7.1 col (12), All management"
Andaman & Nicobar Islands,2022-23,All,schools_with_electricity,383,count,UDISE_2022-2023.pdf,108,Schools with electricity facility,"Table 7.1 col (7), All management"
Andaman & Nicobar Islands,2022-23,All,schools_with_functional_electricity,378,count,UDISE_2022-2023.pdf,108,Schools with functional electricity facility,"Table 7.1 col (12), All management"
Andhra Pradesh,2022-23,All,schools_with_electricity,61509,count,UDISE_2022-2023.pdf,108,Schools with electricity facility,"Table 7.1 col (7), All management"
Andhra Pradesh,2022-23,All,schools_with_functional_electricity,61463,count,UDISE_2022-2023.pdf,108,Schools with functional electricity facility,"Table 7.1 col (12), All management"
Arunachal Pradesh,2022-23,All,schools_with_electricity,2426,count,UDISE_2022-2023.pdf,108,Schools with electricity facility,"Table 7.1 col (7), All management"
Arunachal Pradesh,2022-23,All,schools_with_functional_electricity,1980,count,UDISE_2022-2023.pdf,108,Schools with functional electricity facility,"Table 7.1 col (12), All management"
Assam,2022-23,All,schools_with_electricity,50268,count,UDISE_2022-2023.pdf,108,Schools with electricity facility,"Table 7.1 col (7), All management"
Assam,2022-23,All,schools_with_functional_electricity,49796,count,UDISE_2022-2023.pdf,108,Schools with functional electricity facility,"Table 7.1 col (12), All management"
Bihar,2022-23,All,schools_with_electricity,76731,count,UDISE_2022-2023.pdf,108,Schools with electricity facility,"Table 7.1 col (7), All management"
Bihar,2022-23,All,schools_with_functional_electricity,75083,count,UDISE_2022-2023.pdf,108,Schools with functional electricity facility,"Table 7.1 col (12), All management"
Chandigarh,2022-23,All,schools_with_electricity,230,count,UDISE_2022-2023.pdf,108,Schools with electricity facility,"Table 7.1 col (7), All management"
Chandigarh,2022-23,All,schools_with_functional_electricity,230,count,UDISE_2022-2023.pdf,108,Schools with functional electricity facility,"Table 7.1 col (12), All management"
Chhattisgarh,2022-23,All,schools_with_electricity,53878,count,UDISE_2022-2023.pdf,108,Schools with electricity facility,"Table 7.1 col (7), All management"
Chhattisgarh,2022-23,All,schools_with_functional_electricity,51727,count,UDISE_2022-2023.pdf,108,Schools with functional electricity facility,"Table 7.1 col (12), All management"
Dadra & Nagar Haveli and Daman & Diu,2022-23,All,schools_with_electricity,459,count,UDISE_2022-2023.pdf,108,Schools with electricity facility,"Table 7.1 col (7), All management"
Dadra & Nagar Haveli and Daman & Diu,2022-23,All,schools_with_functional_electricity,459,count,UDISE_2022-2023.pdf,108,Schools with functional electricity facility,"Table 7.1 col (12), All management"
Delhi,2022-23,All,schools_with_electricity,5488,count,UDISE_2022-2023.pdf,108,Schools with electricity facility,"Table 7.1 col (7), All management"
Delhi,2022-23,All,schools_with_functional_electricity,5488,count,UDISE_2022-2023.pdf,108,Schools with functional electricity facility,"Table 7.1 col (12), All management"
Goa,2022-23,All,schools_with_electricity,1504,count,UDISE_2022-2023.pdf,108,Schools with electricity facility,"Table 7.1 col (7), All management"
Goa,2022-23,All,schools_with_functional_electricity,1504,count,UDISE_2022-2023.pdf,108,Schools with functional electricity facility,"Table 7.1 col (12), All management"
Gujarat,2022-23,All,schools_with_electricity,53570,count,UDISE_2022-2023.pdf,108,Schools with electricity facility,"Table 7.1 col (7), All management"
Gujarat,2022-23,All,schools_with_functional_electricity,53564,count,UDISE_2022-2023.pdf,108,Schools with functional electricity facility,"Table 7.1 col (12), All management"
Haryana,2022-23,All,schools_with_electricity,23389,count,UDISE_2022-2023.pdf,108,Schools with electricity facility,"Table 7.1 col (7), All management"
Haryana,2022-23,All,schools_with_functional_electricity,23174,count,UDISE_2022-2023.pdf,108,Schools with functional electricity facility,"Table 7.1 col (12), All management"
Himachal Pradesh,2022-23,All,schools_with_electricity,17758,count,UDISE_2022-2023.pdf,108,Schools with electricity facility,"Table 7.1 col (7), All management"
Himachal Pradesh,2022-23,All,schools_with_functional_electricity,17588,count,UDISE_2022-2023.pdf,108,Schools with functional electricity facility,"Table 7.1 col (12), All management"
Jammu & Kashmir,2022-23,All,schools_with_electricity,22301,count,UDISE_2022-2023.pdf,108,Schools with electricity facility,"Table 7.1 col (7), All management"
Jammu & Kashmir,2022-23,All,schools_with_functional_electricity,21231,count,UDISE_2022-2023.pdf,108,Schools with functional electricity facility,"Table 7.1 col (12), All management"
Jharkhand,2022-23,All,schools_with_electricity,42740,count,UDISE_2022-2023.pdf,108,Schools with electricity facility,"Table 7.1 col (7), All management"
Jharkhand,2022-23,All,schools_with_functional_electricity,41460,count,UDISE_2022-2023.pdf,108,Schools with functional electricity facility,"Table 7.1 col (12), All management"
Karnataka,2022-23,All,schools_with_electricity,75427,count,UDISE_2022-2023.pdf,108,Schools with electricity facility,"Table 7.1 col (7), All management"
Karnataka,2022-23,All,schools_with_functional_electricity,75092,count,UDISE_2022-2023.pdf,108,Schools with functional electricity facility,"Table 7.1 col (12), All management"
Kerala,2022-23,All,schools_with_electricity,15919,count,UDISE_2022-2023.pdf,108,Schools with electricity facility,"Table 7.1 col (7), All management"
Kerala,2022-23,All,schools_with_functional_electricity,15914,count,UDISE_2022-2023.pdf,108,Schools with functional electricity facility,"Table 7.1 col (12), All management"
Ladakh,2022-23,All,schools_with_electricity,804,count,UDISE_2022-2023.pdf,108,Schools with electricity facility,"Table 7.1 col (7), All management"
Ladakh,2022-23,All,schools_with_functional_electricity,779,count,UDISE_2022-2023.pdf,108,Schools with functional electricity facility,"Table 7.1 col (12), All management"
Lakshadweep,2022-23,All,schools_with_electricity,37,count,UDISE_2022-2023.pdf,108,Schools with electricity facility,"Table 7.1 col (7), All management"
Lakshadweep,2022-23,All,schools_with_functional_electricity,37,count,UDISE_2022-2023.pdf,108,Schools with functional electricity facility,"Table 7.1 col (12), All management"
Madhya Pradesh,2022-23,All,schools_with_electricity,110628,count,UDISE_2022-2023.pdf,108,Schools with electricity facility,"Table 7.1 col (7), All management"
Madhya Pradesh,2022-23,All,schools_with_functional_electricity,105360,count,UDISE_2022-2023.pdf,108,Schools with functional electricity facility,"Table 7.1 col (12), All management"
Maharashtra,2022-23,All,schools_with_electricity,103110,count,UDISE_2022-2023.pdf,108,Schools with electricity facility,"Table 7.1 col (7), All management"
Maharashtra,2022-23,All,schools_with_functional_electricity,94428,count,UDISE_2022-2023.pdf,108,Schools with functional electricity facility,"Table 7.1 col (12), All management"
Manipur,2022-23,All,schools_with_electricity,3122,count,UDISE_2022-2023.pdf,108,Schools with electricity facility,"Table 7.1 col (7), All management"
Manipur,2022-23,All,schools_with_functional_electricity,2823,count,UDISE_2022-2023.pdf,108,Schools with functional electricity facility,"Table 7.1 col (12), All management"
Meghalaya,2022-23,All,schools_with_electricity,4048,count,UDISE_2022-2023.pdf,108,Schools with electricity facility,"Table 7.1 col (7), All management"
Meghalaya,2022-23,All,schools_with_functional_electricity,3741,count,UDISE_2022-2023.pdf,108,Schools with functional electricity facility,"Table 7.1 col (12), All management"
Mizoram,2022-23,All,schools_with_electricity,3427,count,UDISE_2022-2023.pdf,108,Schools with electricity facility,"Table 7.1 col (7), All management"
Mizoram,2022-23,All,schools_with_functional_electricity,3225,count,UDISE_2022-2023.pdf,108,Schools with functional electricity facility,"Table 7.1 col (12), All management"
Nagaland,2022-23,All,schools_with_electricity,2129,count,UDISE_2022-2023.pdf,108,Schools with electricity facility,"Table 7.1 col (7), All management"
Nagaland,2022-23,All,schools_with_functional_electricity,1895,count,UDISE_2022-2023.pdf,108,Schools with functional electricity facility,"Table 7.1 col (12), All management"
Odisha,2022-23,All,schools_with_electricity,57570,count,UDISE_2022-2023.pdf,108,Schools with electricity facility,"Table 7.1 col (7), All management"
Odisha,2022-23,All,schools_with_functional_electricity,56880,count,UDISE_2022-2023.pdf,108,Schools with functional electricity facility,"Table 7.1 col (12), All management"
Puducherry,2022-23,All,schools_with_electricity,729,count,UDISE_2022-2023.pdf,108,Schools with electricity facility,"Table 7.1 col (7), All management"
Puducherry,2022-23,All,schools_with_functional_electricity,729,count,UDISE_2022-2023.pdf,108,Schools with functional electricity facility,"Table 7.1 col (12), All management"
Punjab,2022-23,All,schools_with_electricity,27577,count,UDISE_2022-2023.pdf,108,Schools with electricity facility,"Table 7.1 col (7), All management"
Punjab,2022-23,All,schools_with_functional_electricity,27561,count,UDISE_2022-2023.pdf,108,Schools with functional electricity facility,"Table 7.1 col (12), All management"
Rajasthan,2022-23,All,schools_with_electricity,97411,count,UDISE_2022-2023.pdf,108,Schools with electricity facility,"Table 7.1 col (7), All management"
Rajasthan,2022-23,All,schools_with_functional_electricity,96016,count,UDISE_2022-2023.pdf,108,Schools with functional electricity facility,"Table 7.1 col (12), All management"
Sikkim,2022-23,All,schools_with_electricity,1239,count,UDISE_2022-2023.pdf,108,Schools with electricity facility,"Table 7.1 col (7), All management"
Sikkim,2022-23,All,schools_with_functional_electricity,1228,count,UDISE_2022-2023.pdf,108,Schools with functional electricity facility,"Table 7.1 col (12), All management"
Tamil Nadu,2022-23,All,schools_with_electricity,58150,count,UDISE_2022-2023.pdf,108,Schools with electricity facility,"Table 7.1 col (7), All management"
Tamil Nadu,2022-23,All,schools_with_functional_electricity,58150,count,UDISE_2022-2023.pdf,108,Schools with functional electricity facility,"Table 7.1 col (12), All management"
Telangana,2022-23,All,schools_with_electricity,40498,count,UDISE_2022-2023.pdf,108,Schools with electricity facility,"Table 7.1 col (7), All management"
Telangana,2022-23,All,schools_with_functional_electricity,39293,count,UDISE_2022-2023.pdf,108,Schools with functional electricity facility,"Table 7.1 col (12), All management"
Tripura,2022-23,All,schools_with_electricity,3098,count,UDISE_2022-2023.pdf,108,Schools with electricity facility,"Table 7.1 col (7), All management"
Tripura,2022-23,All,schools_with_functional_electricity,2967,count,UDISE_2022-2023.pdf,108,Schools with functional electricity facility,"Table 7.1 col (12), All management"
Uttar Pradesh,2022-23,All,schools_with_electricity,214251,count,UDISE_2022-2023.pdf,108,Schools with electricity facility,"Table 7.1 col (7), All management"
Uttar Pradesh,2022-23,All,schools_with_functional_electricity,209611,count,UDISE_2022-2023.pdf,108,Schools with functional electricity facility,"Table 7.1 col (12), All management"
Uttarakhand,2022-23,All,schools_with_electricity,20853,count,UDISE_2022-2023.pdf,108,Schools with electricity facility,"Table 7.1 col (7), All management"
Uttarakhand,2022-23,All,schools_with_functional_electricity,20337,count,UDISE_2022-2023.pdf,108,Schools with functional electricity facility,"Table 7.1 col (12), All management"
West Bengal,2022-23,All,schools_with_electricity,92167,count,UDISE_2022-2023.pdf,108,Schools with electricity facility,"Table 7.1 col (7), All management"
West Bengal,2022-23,All,schools_with_functional_electricity,91154,count,UDISE_2022-2023.pdf,108,Schools with functional electricity facility,"Table 7.1 col (12), All management"
India,2022-23,All,schools_with_electricity,91.7,percent,UDISE_2022-2023.pdf,109,Percentage of Schools with electricity connection,"Table 7.1 (continued) col (17), All management"
India,2022-23,All,schools_with_functional_electricity,89.5,percent,UDISE_2022-2023.pdf,109,Percentage of Schools with functional electricity connection,"Table 7.1 (continued) col (22), All management"
Andaman & Nicobar Islands,2022-23,All,schools_with_electricity,92.5,percent,UDISE_2022-2023.pdf,109,Percentage of Schools with electricity connection,"Table 7.1 (continued) col (17), All management"
Andaman & Nicobar Islands,2022-23,All,schools_with_functional_electricity,91.3,percent,UDISE_2022-2023.pdf,109,Percentage of Schools with functional electricity connection,"Table 7.1 (continued) col (22), All management"
Andhra Pradesh,2022-23,All,schools_with_electricity,99.7,percent,UDISE_2022-2023.pdf,109,Percentage of Schools with electricity connection,"Table 7.1 (continued) col (17), All management"
Andhra Pradesh,2022-23,All,schools_with_functional_electricity,99.6,percent,UDISE_2022-2023.pdf,109,Percentage of Schools with functional electricity connection,"Table 7.1 (continued) col (22), All management"
Arunachal Pradesh,2022-23,All,schools_with_electricity,68.5,percent,UDISE_2022-2023.pdf,109,Percentage of Schools with electricity connection,"Table 7.1 (continued) col (17), All management"
Arunachal Pradesh,2022-23,All,schools_with_functional_electricity,55.9,percent,UDISE_2022-2023.pdf,109,Percentage of Schools with functional electricity connection,"Table 7.1 (continued) col (22), All management"
Assam,2022-23,All,schools_with_electricity,85.4,percent,UDISE_2022-2023.pdf,109,Percentage of Schools with electricity connection,"Table 7.1 (continued) col (17), All management"
Assam,2022-23,All,schools_with_functional_electricity,84.6,percent,UDISE_2022-2023.pdf,109,Percentage of Schools with functional electricity connection,"Table 7.1 (continued) col (22), All management"
Bihar,2022-23,All,schools_with_electricity,83.9,percent,UDISE_2022-2023.pdf,109,Percentage of Schools with electricity connection,"Table 7.1 (continued) col (17), All management"
Bihar,2022-23,All,schools_with_functional_electricity,82.1,percent,UDISE_2022-2023.pdf,109,Percentage of Schools with functional electricity connection,"Table 7.1 (continued) col (22), All management"
Chandigarh,2022-23,All,schools_with_electricity,100,percent,UDISE_2022-2023.pdf,109,Percentage of Schools with electricity connection,"Table 7.1 (continued) col (17), All management"
Chandigarh,2022-23,All,schools_with_functional_electricity,100,percent,UDISE_2022-2023.pdf,109,Percentage of Schools with functional electricity connection,"Table 7.1 (continued) col (22), All management"
Chhattisgarh,2022-23,All,schools_with_electricity,95.6,percent,UDISE_2022-2023.pdf,109,Percentage of Schools with electricity connection,"Table 7.1 (continued) col (17), All management"
Chhattisgarh,2022-23,All,schools_with_functional_electricity,91.8,percent,UDISE_2022-2023.pdf,109,Percentage of Schools with functional electricity connection,"Table 7.1 (continued) col (22), All management"
Dadra & Nagar Haveli and Daman & Diu,2022-23,All,schools_with_electricity,100,percent,UDISE_2022-2023.pdf,109,Percentage of Schools with electricity connection,"Table 7.1 (continued) col (17), All management"
Dadra & Nagar Haveli and Daman & Diu,2022-23,All,schools_with_functional_electricity,100,percent,UDISE_2022-2023.pdf,109,Percentage of Schools with functional electricity connection,"Table 7.1 (continued) col (22), All management"
Delhi,2022-23,All,schools_with_electricity,100,percent,UDISE_2022-2023.pdf,109,Percentage of Schools with electricity connection,"Table 7.1 (continued) col (17), All management"
Delhi,2022-23,All,schools_with_functional_electricity,100,percent,UDISE_2022-2023.pdf,109,Percentage of Schools with functional electricity connection,"Table 7.1 (continued) col (22), All management"
Goa,2022-23,All,schools_with_electricity,100,percent,UDISE_2022-2023.pdf,109,Percentage of Schools with electricity connection,"Table 7.1 (continued) col (17), All management"
Goa,2022-23,All,schools_with_functional_electricity,100,percent,UDISE_2022-2023.pdf,109,Percentage of Schools with functional electricity connection,"Table 7.1 (continued) col (22), All management"
Gujarat,2022-23,All,schools_with_electricity,99.9,percent,UDISE_2022-2023.pdf,109,Percentage of Schools with electricity connection,"Table 7.1 (continued) col (17), All management"
Gujarat,2022-23,All,schools_with_functional_electricity,99.9,percent,UDISE_2022-2023.pdf,109,Percentage of Schools with functional electricity connection,"Table 7.1 (continued) col (22), All management"
Haryana,2022-23,All,schools_with_electricity,99.3,percent,UDISE_2022-2023.pdf,109,Percentage of Schools with electricity connection,"Table 7.1 (continued) col (17), All management"
Haryana,2022-23,All,schools_with_functional_electricity,98.4,percent,UDISE_2022-2023.pdf,109,Percentage of Schools with functional electricity connection,"Table 7.1 (continued) col (22), All management"
Himachal Pradesh,2022-23,All,schools_with_electricity,98.3,percent,UDISE_2022-2023.pdf,109,Percentage of Schools with electricity connection,"Table 7.1 (continued) col (17), All management"
Himachal Pradesh,2022-23,All,schools_with_functional_electricity,97.4,percent,UDISE_2022-2023.pdf,109,Percentage of Schools with functional electricity connection,"Table 7.1 (continued) col (22), All management"
Jammu & Kashmir,2022-23,All,schools_with_electricity,91.9,percent,UDISE_2022-2023.pdf,109,Percentage of Schools with electricity connection,"Table 7.1 (continued) col (17), All management"
Jammu & Kashmir,2022-23,All,schools_with_functional_electricity,87.4,percent,UDISE_2022-2023.pdf,109,Percentage of Schools with functional electricity connection,"Table 7.1 (continued) col (22), All management"
Jharkhand,2022-23,All,schools_with_electricity,95.8,percent,UDISE_2022-2023.pdf,109,Percentage of Schools with electricity connection,"Table 7.1 (continued) col (17), All management"
Jharkhand,2022-23,All,schools_with_functional_electricity,93,percent,UDISE_2022-2023.pdf,109,Percentage of Schools with functional electricity connection,"Table 7.1 (continued) col (22), All management"
Karnataka,2022-23,All,schools_with_electricity,99.1,percent,UDISE_2022-2023.pdf,109,Percentage of Schools with electricity connection,"Table 7.1 (continued) col (17), All management"
Karnataka,2022-23,All,schools_with_functional_electricity,98.7,percent,UDISE_2022-2023.pdf,109,Percentage of Schools with functional electricity connection,"Table 7.1 (continued) col (22), All management"
Kerala,2022-23,All,schools_with_electricity,99.9,percent,UDISE_2022-2023.pdf,109,Percentage of Schools with electricity connection,"Table 7.1 (continued) col (17), All management"
Kerala,2022-23,All,schools_with_functional_electricity,99.9,percent,UDISE_2022-2023.pdf,109,Percentage of Schools with functional electricity connection,"Table 7.1 (continued) col (22), All management"
Ladakh,2022-23,All,schools_with_electricity,82.1,percent,UDISE_2022-2023.pdf,109,Percentage of Schools with electricity connection,"Table 7.1 (continued) col (17), All management"
Ladakh,2022-23,All,schools_with_functional_electricity,79.6,percent,UDISE_2022-2023.pdf,109,Percentage of Schools with functional electricity connection,"Table 7.1 (continued) col (22), All management"
Lakshadweep,2022-23,All,schools_with_electricity,100,percent,UDISE_2022-2023.pdf,109,Percentage of Schools with electricity connection,"Table 7.1 (continued) col (17), All management"
Lakshadweep,2022-23,All,schools_with_functional_electricity,100,percent,UDISE_2022-2023.pdf,109,Percentage of Schools with functional electricity connection,"Table 7.1 (continued) col (22), All management"
Madhya Pradesh,2022-23,All,schools_with_electricity,90,percent,UDISE_2022-2023.pdf,109,Percentage of Schools with electricity connection,"Table 7.1 (continued) col (17), All management"
Madhya Pradesh,2022-23,All,schools_with_functional_electricity,85.7,percent,UDISE_2022-2023.pdf,109,Percentage of Schools with functional electricity connection,"Table 7.1 (continued) col (22), All management"
Maharashtra,2022-23,All,schools_with_electricity,95.1,percent,UDISE_2022-2023.pdf,109,Percentage of Schools with electricity connection,"Table 7.1 (continued) col (17), All management"
Maharashtra,2022-23,All,schools_with_functional_electricity,87.1,percent,UDISE_2022-2023.pdf,109,Percentage of Schools with functional electricity connection,"Table 7.1 (continued) col (22), All management"
Manipur,2022-23,All,schools_with_electricity,67.5,percent,UDISE_2022-2023.pdf,109,Percentage of Schools with electricity connection,"Table 7.1 (continued) col (17), All management"
Manipur,2022-23,All,schools_with_functional_electricity,61,percent,UDISE_2022-2023.pdf,109,Percentage of Schools with functional electricity connection,"Table 7.1 (continued) col (22), All management"
Meghalaya,2022-23,All,schools_with_electricity,27.7,percent,UDISE_2022-2023.pdf,109,Percentage of Schools with electricity connection,"Table 7.1 (continued) col (17), All management"
Meghalaya,2022-23,All,schools_with_functional_electricity,25.6,percent,UDISE_2022-2023.pdf,109,Percentage of Schools with functional electricity connection,"Table 7.1 (continued) col (22), All management"
Mizoram,2022-23,All,schools_with_electricity,88.1,percent,UDISE_2022-2023.pdf,109,Percentage of Schools with electricity connection,"Table 7.1 (continued) col (17), All management"
Mizoram,2022-23,All,schools_with_functional_electricity,82.9,percent,UDISE_2022-2023.pdf,109,Percentage of Schools with functional electricity connection,"Table 7.1 (continued) col (22), All management"
Nagaland,2022-23,All,schools_with_electricity,78.4,percent,UDISE_2022-2023.pdf,109,Percentage of Schools with electricity connection,"Table 7.1 (continued) col (17), All management"
Nagaland,2022-23,All,schools_with_functional_electricity,69.7,percent,UDISE_2022-2023.pdf,109,Percentage of Schools with functional electricity connection,"Table 7.1 (continued) col (22), All management"
Odisha,2022-23,All,schools_with_electricity,93,percent,UDISE_2022-2023.pdf,109,Percentage of Schools with electricity connection,"Table 7.1 (continued) col (17), All management"
Odisha,2022-23,All,schools_with_functional_electricity,91.9,percent,UDISE_2022-2023.pdf,109,Percentage of Schools with functional electricity connection,"Table 7.1 (continued) col (22), All management"
Puducherry,2022-23,All,schools_with_electricity,100,percent,UDISE_2022-2023.pdf,109,Percentage of Schools with electricity connection,"Table 7.1 (continued) col (17), All management"
Puducherry,2022-23,All,schools_with_functional_electricity,100,percent,UDISE_2022-2023.pdf,109,Percentage of Schools with functional electricity connection,"Table 7.1 (continued) col (22), All management"
Punjab,2022-23,All,schools_with_electricity,99.9,percent,UDISE_2022-2023.pdf,109,Percentage of Schools with electricity connection,"Table 7.1 (continued) col (17), All management"
Punjab,2022-23,All,schools_with_functional_electricity,99.9,percent,UDISE_2022-2023.pdf,109,Percentage of Schools with functional electricity connection,"Table 7.1 (continued) col (22), All management"
Rajasthan,2022-23,All,schools_with_electricity,91.3,percent,UDISE_2022-2023.pdf,109,Percentage of Schools with electricity connection,"Table 7.1 (continued) col (17), All management"
Rajasthan,2022-23,All,schools_with_functional_electricity,90,percent,UDISE_2022-2023.pdf,109,Percentage of Schools with functional electricity connection,"Table 7.1 (continued) col (22), All management"
Sikkim,2022-23,All,schools_with_electricity,99.1,percent,UDISE_2022-2023.pdf,109,Percentage of Schools with electricity connection,"Table 7.1 (continued) col (17), All management"
Sikkim,2022-23,All,schools_with_functional_electricity,98.2,percent,UDISE_2022-2023.pdf,109,Percentage of Schools with functional electricity connection,"Table 7.1 (continued) col (22), All management"
Tamil Nadu,2022-23,All,schools_with_electricity,100,percent,UDISE_2022-2023.pdf,109,Percentage of Schools with electricity connection,"Table 7.1 (continued) col (17), All management"
Tamil Nadu,2022-23,All,schools_with_functional_electricity,100,percent,UDISE_2022-2023.pdf,109,Percentage of Schools with functional electricity connection,"Table 7.1 (continued) col (22), All management"
Telangana,2022-23,All,schools_with_electricity,95.3,percent,UDISE_2022-2023.pdf,109,Percentage of Schools with electricity connection,"Table 7.1 (continued) col (17), All management"
Telangana,2022-23,All,schools_with_functional_electricity,92.5,percent,UDISE_2022-2023.pdf,109,Percentage of Schools with functional electricity connection,"Table 7.1 (continued) col (22), All management"
Tripura,2022-23,All,schools_with_electricity,63.1,percent,UDISE_2022-2023.pdf,109,Percentage of Schools with electricity connection,"Table 7.1 (continued) col (17), All management"
Tripura,2022-23,All,schools_with_functional_electricity,60.4,percent,UDISE_2022-2023.pdf,109,Percentage of Schools with functional electricity connection,"Table 7.1 (continued) col (22), All management"
Uttar Pradesh,2022-23,All,schools_with_electricity,85.3,percent,UDISE_2022-2023.pdf,109,Percentage of Schools with electricity connection,"Table 7.1 (continued) col (17), All management"
Uttar Pradesh,2022-23,All,schools_with_functional_electricity,83.5,percent,UDISE_2022-2023.pdf,109,Percentage of Schools with functional electricity connection,"Table 7.1 (continued) col (22), All management"
Uttarakhand,2022-23,All,schools_with_electricity,92.2,percent,UDISE_2022-2023.pdf,109,Percentage of Schools with electricity connection,"Table 7.1 (continued) col (17), All management"
Uttarakhand,2022-23,All,schools_with_functional_electricity,89.9,percent,UDISE_2022-2023.pdf,109,Percentage of Schools with functional electricity connection,"Table 7.1 (continued) col (22), All management"
West Bengal,2022-23,All,schools_with_electricity,97.6,percent,UDISE_2022-2023.pdf,109,Percentage of Schools with electricity connection,"Table 7.1 (continued) col (17), All management"
West Bengal,2022-23,All,schools_with_functional_electricity,96.6,percent,UDISE_2022-2023.pdf,109,Percentage of Schools with functional electricity connection,"Table 7.1 (continued) col (22), All management"
India,2022-23,All,schools_total,1466109,count,UDISE_2022-2023.pdf,121,Total Schools,"Table 7.9 col (2), All management"
India,2022-23,All,schools_with_computer,700023,count,UDISE_2022-2023.pdf,121,Schools with computer facility,"Table 7.9 col (7), All management"
India,2022-23,All,schools_with_computer,47.7,percent,UDISE_2022-2023.pdf,121,Percentage of Schools with computer facility,"Table 7.9 col (12), All management"
Andaman & Nicobar Islands,2022-23,All,schools_total,414,count,UDISE_2022-2023.pdf,121,Total Schools,"Table 7.9 col (2), All management"
Andaman & Nicobar Islands,2022-23,All,schools_with_computer,284,count,UDISE_2022-2023.pdf,121,Schools with computer facility,"Table 7.9 col (7), All management"
Andaman & Nicobar Islands,2022-23,All,schools_with_computer,68.6,percent,UDISE_2022-2023.pdf,121,Percentage of Schools with computer facility,"Table 7.9 col (12), All management"
Andhra Pradesh,2022-23,All,schools_total,61680,count,UDISE_2022-2023.pdf,121,Total Schools,"Table 7.9 col (2), All management"
Andhra Pradesh,2022-23,All,schools_with_computer,57855,count,UDISE_2022-2023.pdf,121,Schools with computer facility,"Table 7.9 col (7), All management"
Andhra Pradesh,2022-23,All,schools_with_computer,93.8,percent,UDISE_2022-2023.pdf,121,Percentage of Schools with computer facility,"Table 7.9 col (12), All management"
Arunachal Pradesh,2022-23,All,schools_total,3543,count,UDISE_2022-2023.pdf,121,Total Schools,"Table 7.9 col (2), All management"
Arunachal Pradesh,2022-23,All,schools_with_computer,1292,count,UDISE_2022-2023.pdf,121,Schools with computer facility,"Table 7.9 col (7), All management"
Arunachal Pradesh,2022-23,All,schools_with_computer,36.5,percent,UDISE_2022-2023.pdf,121,Percentage of Schools with computer facility,"Table 7.9 col (12), All management"
Assam,2022-23,All,schools_total,58876,count,UDISE_2022-2023.pdf,121,Total Schools,"Table 7.9 col (2), All management"
Assam,2022-23,All,schools_with_computer,10481,count,UDISE_2022-2023.pdf,121,Schools with computer facility,"Table 7.9 col (7), All management"
Assam,2022-23,All,schools_with_computer,17.8,percent,UDISE_2022-2023.pdf,121,Percentage of Schools with computer facility,"Table 7.9 col (12), All management"
Bihar,2022-23,All,schools_total,91447,count,UDISE_2022-2023.pdf,121,Total Schools,"Table 7.9 col (2), All management"
Bihar,2022-23,All,schools_with_computer,15411,count,UDISE_2022-2023.pdf,121,Schools with computer facility,"Table 7.9 col (7), All management"
Bihar,2022-23,All,schools_with_computer,16.9,percent,UDISE_2022-2023.pdf,121,Percentage of Schools with computer facility,"Table 7.9 col (12), All management"
Chandigarh,2022-23,All,schools_total,230,count,UDISE_2022-2023.pdf,121,Total Schools,"Table 7.9 col (2), All management"
Chandigarh,2022-23,All,schools_with_computer,230,count,UDISE_2022-2023.pdf,121,Schools with computer facility,"Table 7.9 col (7), All management"
Chandigarh,2022-23,All,schools_with_computer,100,percent,UDISE_2022-2023.pdf,121,Percentage of Schools with computer facility,"Table 7.9 col (12), All management"
Chhattisgarh,2022-23,All,schools_total,56333,count,UDISE_2022-2023.pdf,121,Total Schools,"Table 7.9 col (2), All management"
Chhattisgarh,2022-23,All,schools_with_computer,36778,count,UDISE_2022-2023.pdf,121,Schools with computer facility,"Table 7.9 col (7), All management"
Chhattisgarh,2022-23,All,schools_with_computer,65.3,percent,UDISE_2022-2023.pdf,121,Percentage of Schools with computer facility,"Table 7.9 col (12), All management"
Dadra & Nagar Haveli and Daman & Diu,2022-23,All,schools_total,459,count,UDISE_2022-2023.pdf,121,Total Schools,"Table 7.9 col (2), All management"
Dadra & Nagar Haveli and Daman & Diu,2022-23,All,schools_with_computer,437,count,UDISE_2022-2023.pdf,121,Schools with computer facility,"Table 7.9 col (7), All management"
Dadra & Nagar Haveli and Daman & Diu,2022-23,All,schools_with_computer,95.2,percent,UDISE_2022-2023.pdf,121,Percentage of Schools with computer facility,"Table 7.9 col (12), All management"
Delhi,2022-23,All,schools_total,5488,count,UDISE_2022-2023.pdf,121,Total Schools,"Table 7.9 col (2), All management"
Delhi,2022-23,All,schools_with_computer,5463,count,UDISE_2022-2023.pdf,121,Schools with computer facility,"Table 7.9 col (7), All management"
Delhi,2022-23,All,schools_with_computer,99.5,percent,UDISE_2022-2023.pdf,121,Percentage of Schools with computer facility,"Table 7.9 col (12), All management"
Goa,2022-23,All,schools_total,1504,count,UDISE_2022-2023.pdf,121,Total Schools,"Table 7.9 col (2), All management"
Goa,2022-23,All,schools_with_computer,817,count,UDISE_2022-2023.pdf,121,Schools with computer facility,"Table 7.9 col (7), All management"
Goa,2022-23,All,schools_with_computer,54.3,percent,UDISE_2022-2023.pdf,121,Percentage of Schools with computer facility,"Table 7.9 col (12), All management"
Gujarat,2022-23,All,schools_total,53603,count,UDISE_2022-2023.pdf,121,Total Schools,"Table 7.9 col (2), All management"
Gujarat,2022-23,All,schools_with_computer,52268,count,UDISE_2022-2023.pdf,121,Schools with computer facility,"Table 7.9 col (7), All management"
Gujarat,2022-23,All,schools_with_computer,97.5,percent,UDISE_2022-2023.pdf,121,Percentage of Schools with computer facility,"Table 7.9 col (12), All management"
Haryana,2022-23,All,schools_total,23561,count,UDISE_2022-2023.pdf,121,Total Schools,"Table 7.9 col (2), All management"
Haryana,2022-23,All,schools_with_computer,22475,count,UDISE_2022-2023.pdf,121,Schools with computer facility,"Table 7.9 col (7), All management"
Haryana,2022-23,All,schools_with_computer,95.4,percent,UDISE_2022-2023.pdf,121,Percentage of Schools with computer facility,"Table 7.9 col (12), All management"
Himachal Pradesh,2022-23,All,schools_total,18062,count,UDISE_2022-2023.pdf,121,Total Schools,"Table 7.9 col (2), All management"
Himachal Pradesh,2022-23,All,schools_with_computer,7340,count,UDISE_2022-2023.pdf,121,Schools with computer facility,"Table 7.9 col (7), All management"
Himachal Pradesh,2022-23,All,schools_with_computer,40.6,percent,UDISE_2022-2023.pdf,121,Percentage of Schools with computer facility,"Table 7.9 col (12), All management"
Jammu & Kashmir,2022-23,All,schools_total,24278,count,UDISE_2022-2023.pdf,121,Total Schools,"Table 7.9 col (2), All management"
Jammu & Kashmir,2022-23,All,schools_with_computer,9442,count,UDISE_2022-2023.pdf,121,Schools with computer facility,"Table 7.9 col (7), All management"
Jammu & Kashmir,2022-23,All,schools_with_computer,38.9,percent,UDISE_2022-2023.pdf,121,Percentage of Schools with computer facility,"Table 7.9 col (12), All management"
Jharkhand,2022-23,All,schools_total,44596,count,UDISE_2022-2023.pdf,121,Total Schools,"Table 7.9 col (2), All management"
Jharkhand,2022-23,All,schools_with_computer,31524,count,UDISE_2022-2023.pdf,121,Schools with computer facility,"Table 7.9 col (7), All management"
Jharkhand,2022-23,All,schools_with_computer,70.7,percent,UDISE_2022-2023.pdf,121,Percentage of Schools with computer facility,"Table 7.9 col (12), All management"
Karnataka,2022-23,All,schools_total,76090,count,UDISE_2022-2023.pdf,121,Total Schools,"Table 7.9 col (2), All management"
Karnataka,2022-23,All,schools_with_computer,37471,count,UDISE_2022-2023.pdf,121,Schools with computer facility,"Table 7.9 col (7), All management"
Karnataka,2022-23,All,schools_with_computer,49.2,percent,UDISE_2022-2023.pdf,121,Percentage of Schools with computer facility,"Table 7.9 col (12), All management"
Kerala,2022-23,All,schools_total,15934,count,UDISE_2022-2023.pdf,121,Total Schools,"Table 7.9 col (2), All management"
Kerala,2022-23,All,schools_with_computer,15821,count,UDISE_2022-2023.pdf,121,Schools with computer facility,"Table 7.9 col (7), All management"
Kerala,2022-23,All,schools_with_computer,99.3,percent,UDISE_2022-2023.pdf,121,Percentage of Schools with computer facility,"Table 7.9 col (12), All management"
Ladakh,2022-23,All,schools_total,979,count,UDISE_2022-2023.pdf,121,Total Schools,"Table 7.9 col (2), All management"
Ladakh,2022-23,All,schools_with_computer,458,count,UDISE_2022-2023.pdf,121,Schools with computer facility,"Table 7.9 col (7), All management"
Ladakh,2022-23,All,schools_with_computer,46.8,percent,UDISE_2022-2023.pdf,121,Percentage of Schools with computer facility,"Table 7.9 col (12), All management"
Lakshadweep,2022-23,All,schools_total,37,count,UDISE_2022-2023.pdf,121,Total Schools,"Table 7.9 col (2), All management"
Lakshadweep,2022-23,All,schools_with_computer,37,count,UDISE_2022-2023.pdf,121,Schools with computer facility,"Table 7.9 col (7), All management"
Lakshadweep,2022-23,All,schools_with_computer,100,percent,UDISE_2022-2023.pdf,121,Percentage of Schools with computer facility,"Table 7.9 col (12), All management"
Madhya Pradesh,2022-23,All,schools_total,122937,count,UDISE_2022-2023.pdf,121,Total Schools,"Table 7.9 col (2), All management"
Madhya Pradesh,2022-23,All,schools_with_computer,33686,count,UDISE_2022-2023.pdf,121,Schools with computer facility,"Table 7.9 col (7), All management"
Madhya Pradesh,2022-23,All,schools_with_computer,27.4,percent,UDISE_2022-2023.pdf,121,Percentage of Schools with computer facility,"Table 7.9 col (12), All management"
Maharashtra,2022-23,All,schools_total,108451,count,UDISE_2022-2023.pdf,121,Total Schools,"Table 7.9 col (2), All management"
Maharashtra,2022-23,All,schools_with_computer,86020,count,UDISE_2022-2023.pdf,121,Schools with computer facility,"Table 7.9 col (7), All management"
Maharashtra,2022-23,All,schools_with_computer,79.3,percent,UDISE_2022-2023.pdf,121,Percentage of Schools with computer facility,"Table 7.9 col (12), All management"
Manipur,2022-23,All,schools_total,4627,count,UDISE_2022-2023.pdf,121,Total Schools,"Table 7.9 col (2), All management"
Manipur,2022-23,All,schools_with_computer,1491,count,UDISE_2022-2023.pdf,121,Schools with computer facility,"Table 7.9 col (7), All management"
Manipur,2022-23,All,schools_with_computer,32.2,percent,UDISE_2022-2023.pdf,121,Percentage of Schools with computer facility,"Table 7.9 col (12), All management"
Meghalaya,2022-23,All,schools_total,14588,count,UDISE_2022-2023.pdf,121,Total Schools,"Table 7.9 col (2), All management"
Meghalaya,2022-23,All,schools_with_computer,2478,count,UDISE_2022-2023.pdf,121,Schools with computer facility,"Table 7.9 col (7), All management"
Meghalaya,2022-23,All,schools_with_computer,17,percent,UDISE_2022-2023.pdf,121,Percentage of Schools with computer facility,"Table 7.9 col (12), All management"
Mizoram,2022-23,All,schools_total,3891,count,UDISE_2022-2023.pdf,121,Total Schools,"Table 7.9 col (2), All management"
Mizoram,2022-23,All,schools_with_computer,1532,count,UDISE_2022-2023.pdf,121,Schools with computer facility,"Table 7.9 col (7), All management"
Mizoram,2022-23,All,schools_with_computer,39.4,percent,UDISE_2022-2023.pdf,121,Percentage of Schools with computer facility,"Table 7.9 col (12), All management"
Nagaland,2022-23,All,schools_total,2717,count,UDISE_2022-2023.pdf,121,Total Schools,"Table 7.9 col (2), All management"
Nagaland,2022-23,All,schools_with_computer,1629,count,UDISE_2022-2023.pdf,121,Schools with computer facility,"Table 7.9 col (7), All management"
Nagaland,2022-23,All,schools_with_computer,60,percent,UDISE_2022-2023.pdf,121,Percentage of Schools with computer facility,"Table 7.9 col (12), All management"
Odisha,2022-23,All,schools_total,61891,count,UDISE_2022-2023.pdf,121,Total Schools,"Table 7.9 col (2), All management"
Odisha,2022-23,All,schools_with_computer,21296,count,UDISE_2022-2023.pdf,121,Schools with computer facility,"Table 7.9 col (7), All management"
Odisha,2022-23,All,schools_with_computer,34.4,percent,UDISE_2022-2023.pdf,121,Percentage of Schools with computer facility,"Table 7.9 col (12), All management"
Puducherry,2022-23,All,schools_total,729,count,UDISE_2022-2023.pdf,121,Total Schools,"Table 7.9 col (2), All management"
Puducherry,2022-23,All,schools_with_computer,729,count,UDISE_2022-2023.pdf,121,Schools with computer facility,"Table 7.9 col (7), All management"
Puducherry,2022-23,All,schools_with_computer,100,percent,UDISE_2022-2023.pdf,121,Percentage of Schools with computer facility,"Table 7.9 col (12), All management"
Punjab,2022-23,All,schools_total,27592,count,UDISE_2022-2023.pdf,121,Total Schools,"Table 7.9 col (2), All management"
Punjab,2022-23,All,schools_with_computer,27157,count,UDISE_2022-2023.pdf,121,Schools with computer facility,"Table 7.9 col (7), All management"
Punjab,2022-23,All,schools_with_computer,98.4,percent,UDISE_2022-2023.pdf,121,Percentage of Schools with computer facility,"Table 7.9 col (12), All management"
Rajasthan,2022-23,All,schools_total,106670,count,UDISE_2022-2023.pdf,121,Total Schools,"Table 7.9 col (2), All management"
Rajasthan,2022-23,All,schools_with_computer,51900,count,UDISE_2022-2023.pdf,121,Schools with computer facility,"Table 7.9 col (7), All management"
Rajasthan,2022-23,All,schools_with_computer,48.7,percent,UDISE_2022-2023.pdf,121,Percentage of Schools with computer facility,"Table 7.9 col (12), All management"
Sikkim,2022-23,All,schools_total,1250,count,UDISE_2022-2023.pdf,121,Total Schools,"Table 7.9 col (2), All management"
Sikkim,2022-23,All,schools_with_computer,1130,count,UDISE_2022-2023.pdf,121,Schools with computer facility,"Table 7.9 col (7), All management"
Sikkim,2022-23,All,schools_with_computer,90.4,percent,UDISE_2022-2023.pdf,121,Percentage of Schools with computer facility,"Table 7.9 col (12), All management"
Tamil Nadu,2022-23,All,schools_total,58150,count,UDISE_2022-2023.pdf,121,Total Schools,"Table 7.9 col (2), All management"
Tamil Nadu,2022-23,All,schools_with_computer,42869,count,UDISE_2022-2023.pdf,121,Schools with computer facility,"Table 7.9 col (7), All management"
Tamil Nadu,2022-23,All,schools_with_computer,73.7,percent,UDISE_2022-2023.pdf,121,Percentage of Schools with computer facility,"Table 7.9 col (12), All management"
Telangana,2022-23,All,schools_total,42476,count,UDISE_2022-2023.pdf,121,Total Schools,"Table 7.9 col (2), All management"
Telangana,2022-23,All,schools_with_computer,18449,count,UDISE_2022-2023.pdf,121,Schools with computer facility,"Table 7.9 col (7), All management"
Telangana,2022-23,All,schools_with_computer,43.4,percent,UDISE_2022-2023.pdf,121,Percentage of Schools with computer facility,"Table 7.9 col (12), All management"
Tripura,2022-23,All,schools_total,4912,count,UDISE_2022-2023.pdf,121,Total Schools,"Table 7.9 col (2), All management"
Tripura,2022-23,All,schools_with_computer,1811,count,UDISE_2022-2023.pdf,121,Schools with computer facility,"Table 7.9 col (7), All management"
Tripura,2022-23,All,schools_with_computer,36.9,percent,UDISE_2022-2023.pdf,121,Percentage of Schools with computer facility,"Table 7.9 col (12), All management"
Uttar Pradesh,2022-23,All,schools_total,251094,count,UDISE_2022-2023.pdf,121,Total Schools,"Table 7.9 col (2), All management"
Uttar Pradesh,2022-23,All,schools_with_computer,67319,count,UDISE_2022-2023.pdf,121,Schools with computer facility,"Table 7.9 col (7), All management"
Uttar Pradesh,2022-23,All,schools_with_computer,26.8,percent,UDISE_2022-2023.pdf,121,Percentage of Schools with computer facility,"Table 7.9 col (12), All management"
Uttarakhand,2022-23,All,schools_total,22618,count,UDISE_2022-2023.pdf,121,Total Schools,"Table 7.9 col (2), All management"
Uttarakhand,2022-23,All,schools_with_computer,15366,count,UDISE_2022-2023.pdf,121,Schools with computer facility,"Table 7.9 col (7), All management"
Uttarakhand,2022-23,All,schools_with_computer,67.9,percent,UDISE_2022-2023.pdf,121,Percentage of Schools with computer facility,"Table 7.9 col (12), All management"
West Bengal,2022-23,All,schools_total,94402,count,UDISE_2022-2023.pdf,121,Total Schools,"Table 7.9 col (2), All management"
West Bengal,2022-23,All,schools_with_computer,19277,count,UDISE_2022-2023.pdf,121,Schools with computer facility,"Table 7.9 col (7), All management"
West Bengal,2022-23,All,schools_with_computer,20.4,percent,UDISE_2022-2023.pdf,121,Percentage of Schools with computer facility,"Table 7.9 col (12), All management"
India,2022-23,All,schools_with_functional_computer,636425,count,UDISE_2022-2023.pdf,122,Schools with functional computer facility for pedagogical purpose,"Table 7.10 col (7), All management"
India,2022-23,All,schools_with_functional_computer,43.4,percent,UDISE_2022-2023.pdf,122,Percentage of Schools with functional computer facility for pedagogical purpose,"Table 7.10 col (12), All management"
Andaman & Nicobar Islands,2022-23,All,schools_with_functional_computer,277,count,UDISE_2022-2023.pdf,122,Schools with functional computer facility for pedagogical purpose,"Table 7.10 col (7), All management"
Andaman & Nicobar Islands,2022-23,All,schools_with_functional_computer,66.9,percent,UDISE_2022-2023.pdf,122,Percentage of Schools with functional computer facility for pedagogical purpose,"Table 7.10 col (12), All management"
Andhra Pradesh,2022-23,All,schools_with_functional_computer,56522,count,UDISE_2022-2023.pdf,122,Schools with functional computer facility for pedagogical purpose,"Table 7.10 col (7), All management"
Andhra Pradesh,2022-23,All,schools_with_functional_computer,91.6,percent,UDISE_2022-2023.pdf,122,Percentage of Schools with functional computer facility for pedagogical purpose,"Table 7.10 col (12), All management"
Arunachal Pradesh,2022-23,All,schools_with_functional_computer,1161,count,UDISE_2022-2023.pdf,122,Schools with functional computer facility for pedagogical purpose,"Table 7.10 col (7), All management"
Arunachal Pradesh,2022-23,All,schools_with_functional_computer,32.8,percent,UDISE_2022-2023.pdf,122,Percentage of Schools with functional computer facility for pedagogical purpose,"Table 7.10 col (12), All management"
Assam,2022-23,All,schools_with_functional_computer,9051,count,UDISE_2022-2023.pdf,122,Schools with functional computer facility for pedagogical purpose,"Table 7.10 col (7), All management"
Assam,2022-23,All,schools_with_functional_computer,15.4,percent,UDISE_2022-2023.pdf,122,Percentage of Schools with functional computer facility for pedagogical purpose,"Table 7.10 col (12), All management"
Bihar,2022-23,All,schools_with_functional_computer,14860,count,UDISE_2022-2023.pdf,122,Schools with functional computer facility for pedagogical purpose,"Table 7.10 col (7), All management"
Bihar,2022-23,All,schools_with_functional_computer,16.2,percent,UDISE_2022-2023.pdf,122,Percentage of Schools with functional computer facility for pedagogical purpose,"Table 7.10 col (12), All management"
Chandigarh,2022-23,All,schools_with_functional_computer,230,count,UDISE_2022-2023.pdf,122,Schools with functional computer facility for pedagogical purpose,"Table 7.10 col (7), All management"
Chandigarh,2022-23,All,schools_with_functional_computer,100,percent,UDISE_2022-2023.pdf,122,Percentage of Schools with functional computer facility for pedagogical purpose,"Table 7.10 col (12), All management"
Chhattisgarh,2022-23,All,schools_with_functional_computer,21183,count,UDISE_2022-2023.pdf,122,Schools with functional computer facility for pedagogical purpose,"Table 7.10 col (7), All management"
Chhattisgarh,2022-23,All,schools_with_functional_computer,37.6,percent,UDISE_2022-2023.pdf,122,Percentage of Schools with functional computer facility for pedagogical purpose,"Table 7.10 col (12), All management"
Dadra & Nagar Haveli and Daman & Diu,2022-23,All,schools_with_functional_computer,436,count,UDISE_2022-2023.pdf,122,Schools with functional computer facility for pedagogical purpose,"Table 7.10 col (7), All management"
Dadra & Nagar Haveli and Daman & Diu,2022-23,All,schools_with_functional_computer,95,percent,UDISE_2022-2023.pdf,122,Percentage of Schools with functional computer facility for pedagogical purpose,"Table 7.10 col (12), All management"
Delhi,2022-23,All,schools_with_functional_computer,5449,count,UDISE_2022-2023.pdf,122,Schools with functional computer facility for pedagogical purpose,"Table 7.10 col (7), All management"
Delhi,2022-23,All,schools_with_functional_computer,99.3,percent,UDISE_2022-2023.pdf,122,Percentage of Schools with functional computer facility for pedagogical purpose,"Table 7.10 col (12), All management"
Goa,2022-23,All,schools_with_functional_computer,799,count,UDISE_2022-2023.pdf,122,Schools with functional computer facility for pedagogical purpose,"Table 7.10 col (7), All management"
Goa,2022-23,All,schools_with_functional_computer,53.1,percent,UDISE_2022-2023.pdf,122,Percentage of Schools with functional computer facility for pedagogical purpose,"Table 7.10 col (12), All management"
Gujarat,2022-23,All,schools_with_functional_computer,51576,count,UDISE_2022-2023.pdf,122,Schools with functional computer facility for pedagogical purpose,"Table 7.10 col (7), All management"
Gujarat,2022-23,All,schools_with_functional_computer,96.2,percent,UDISE_2022-2023.pdf,122,Percentage of Schools with functional computer facility for pedagogical purpose,"Table 7.10 col (12), All management"
Haryana,2022-23,All,schools_with_functional_computer,22118,count,UDISE_2022-2023.pdf,122,Schools with functional computer facility for pedagogical purpose,"Table 7.10 col (7), All management"
Haryana,2022-23,All,schools_with_functional_computer,93.9,percent,UDISE_2022-2023.pdf,122,Percentage of Schools with functional computer facility for pedagogical purpose,"Table 7.10 col (12), All management"
Himachal Pradesh,2022-23,All,schools_with_functional_computer,6874,count,UDISE_2022-2023.pdf,122,Schools with functional computer facility for pedagogical purpose,"Table 7.10 col (7), All management"
Himachal Pradesh,2022-23,All,schools_with_functional_computer,38.1,percent,UDISE_2022-2023.pdf,122,Percentage of Schools with functional computer facility for pedagogical purpose,"Table 7.10 col (12), All management"
Jammu & Kashmir,2022-23,All,schools_with_functional_computer,8352,count,UDISE_2022-2023.pdf,122,Schools with functional computer facility for pedagogical purpose,"Table 7.10 col (7), All management"
Jammu & Kashmir,2022-23,All,schools_with_functional_computer,34.4,percent,UDISE_2022-2023.pdf,122,Percentage of Schools with functional computer facility for pedagogical purpose,"Table 7.10 col (12), All management"
Jharkhand,2022-23,All,schools_with_functional_computer,18582,count,UDISE_2022-2023.pdf,122,Schools with functional computer facility for pedagogical purpose,"Table 7.10 col (7), All management"
Jharkhand,2022-23,All,schools_with_functional_computer,41.7,percent,UDISE_2022-2023.pdf,122,Percentage of Schools with functional computer facility for pedagogical purpose,"Table 7.10 col (12), All management"
Karnataka,2022-23,All,schools_with_functional_computer,34718,count,UDISE_2022-2023.pdf,122,Schools with functional computer facility for pedagogical purpose,"Table 7.10 col (7), All management"
Karnataka,2022-23,All,schools_with_functional_computer,45.6,percent,UDISE_2022-2023.pdf,122,Percentage of Schools with functional computer facility for pedagogical purpose,"Table 7.10 col (12), All management"
Kerala,2022-23,All,schools_with_functional_computer,15782,count,UDISE_2022-2023.pdf,122,Schools with functional computer facility for pedagogical purpose,"Table 7.10 col (7), All management"
Kerala,2022-23,All,schools_with_functional_computer,99,percent,UDISE_2022-2023.pdf,122,Percentage of Schools with functional computer facility for pedagogical purpose,"Table 7.10 col (12), All management"
Ladakh,2022-23,All,schools_with_functional_computer,426,count,UDISE_2022-2023.pdf,122,Schools with functional computer facility for pedagogical purpose,"Table 7.10 col (7), All management"
Ladakh,2022-23,All,schools_with_functional_computer,43.5,percent,UDISE_2022-2023.pdf,122,Percentage of Schools with functional computer facility for pedagogical purpose,"Table 7.10 col (12), All management"
Lakshadweep,2022-23,All,schools_with_functional_computer,36,count,UDISE_2022-2023.pdf,122,Schools with functional computer facility for pedagogical purpose,"Table 7.10 col (7), All management"
Lakshadweep,2022-23,All,schools_with_functional_computer,97.3,percent,UDISE_2022-2023.pdf,122,Percentage of Schools with functional computer facility for pedagogical purpose,"Table 7.10 col (12), All management"
Madhya Pradesh,2022-23,All,schools_with_functional_computer,31542,count,UDISE_2022-2023.pdf,122,Schools with functional computer facility for pedagogical purpose,"Table 7.10 col (7), All management"
Madhya Pradesh,2022-23,All,schools_with_functional_computer,25.7,percent,UDISE_2022-2023.pdf,122,Percentage of Schools with functional computer facility for pedagogical purpose,"Table 7.10 col (12), All management"
Maharashtra,2022-23,All,schools_with_functional_computer,80085,count,UDISE_2022-2023.pdf,122,Schools with functional computer facility for pedagogical purpose,"Table 7.10 col (7), All management"
Maharashtra,2022-23,All,schools_with_functional_computer,73.8,percent,UDISE_2022-2023.pdf,122,Percentage of Schools with functional computer facility for pedagogical purpose,"Table 7.10 col (12), All management"
Manipur,2022-23,All,schools_with_functional_computer,1376,count,UDISE_2022-2023.pdf,122,Schools with functional computer facility for pedagogical purpose,"Table 7.10 col (7), All management"
Manipur,2022-23,All,schools_with_functional_computer,29.7,percent,UDISE_2022-2023.pdf,122,Percentage of Schools with functional computer facility for pedagogical purpose,"Table 7.10 col (12), All management"
Meghalaya,2022-23,All,schools_with_functional_computer,2253,count,UDISE_2022-2023.pdf,122,Schools with functional computer facility for pedagogical purpose,"Table 7.10 col (7), All management"
Meghalaya,2022-23,All,schools_with_functional_computer,15.4,percent,UDISE_2022-2023.pdf,122,Percentage of Schools with functional computer facility for pedagogical purpose,"Table 7.10 col (12), All management"
Mizoram,2022-23,All,schools_with_functional_computer,1401,count,UDISE_2022-2023.pdf,122,Schools with functional computer facility for pedagogical purpose,"Table 7.10 col (7), All management"
Mizoram,2022-23,All,schools_with_functional_computer,36,percent,UDISE_2022-2023.pdf,122,Percentage of Schools with functional computer facility for pedagogical purpose,"Table 7.10 col (12), All management"
Nagaland,2022-23,All,schools_with_functional_computer,1385,count,UDISE_2022-2023.pdf,122,Schools with functional computer facility for pedagogical purpose,"Table 7.10 col (7), All management"
Nagaland,2022-23,All,schools_with_functional_computer,51,percent,UDISE_2022-2023.pdf,122,Percentage of Schools with functional computer facility for pedagogical purpose,"Table 7.10 col (12), All management"
Odisha,2022-23,All,schools_with_functional_computer,20087,count,UDISE_2022-2023.pdf,122,Schools with functional computer facility for pedagogical purpose,"Table 7.10 col (7), All management"
Odisha,2022-23,All,schools_with_functional_computer,32.5,percent,UDISE_2022-2023.pdf,122,Percentage of Schools with functional computer facility for pedagogical purpose,"Table 7.10 col (12), All management"
Puducherry,2022-23,All,schools_with_functional_computer,728,count,UDISE_2022-2023.pdf,122,Schools with functional computer facility for pedagogical purpose,"Table 7.10 col (7), All management"
Puducherry,2022-23,All,schools_with_functional_computer,99.9,percent,UDISE_2022-2023.pdf,122,Percentage of Schools with functional computer facility for pedagogical purpose,"Table 7.10 col (12), All management"
Punjab,2022-23,All,schools_with_functional_computer,26538,count,UDISE_2022-2023.pdf,122,Schools with functional computer facility for pedagogical purpose,"Table 7.10 col (7), All management"
Punjab,2022-23,All,schools_with_functional_computer,96.2,percent,UDISE_2022-2023.pdf,122,Percentage of Schools with functional computer facility for pedagogical purpose,"Table 7.10 col (12), All management"
Rajasthan,2022-23,All,schools_with_functional_computer,46270,count,UDISE_2022-2023.pdf,122,Schools with functional computer facility for pedagogical purpose,"Table 7.10 col (7), All management"
Rajasthan,2022-23,All,schools_with_functional_computer,43.4,percent,UDISE_2022-2023.pdf,122,Percentage of Schools with functional computer facility for pedagogical purpose,"Table 7.10 col (12), All management"
Sikkim,2022-23,All,schools_with_functional_computer,1082,count,UDISE_2022-2023.pdf,122,Schools with functional computer facility for pedagogical purpose,"Table 7.10 col (7), All management"
Sikkim,2022-23,All,schools_with_functional_computer,86.6,percent,UDISE_2022-2023.pdf,122,Percentage of Schools with functional computer facility for pedagogical purpose,"Table 7.10 col (12), All management"
Tamil Nadu,2022-23,All,schools_with_functional_computer,42648,count,UDISE_2022-2023.pdf,122,Schools with functional computer facility for pedagogical purpose,"Table 7.10 col (7), All management"
Tamil Nadu,2022-23,All,schools_with_functional_computer,73.3,percent,UDISE_2022-2023.pdf,122,Percentage of Schools with functional computer facility for pedagogical purpose,"Table 7.10 col (12), All management"
Telangana,2022-23,All,schools_with_functional_computer,17102,count,UDISE_2022-2023.pdf,122,Schools with functional computer facility for pedagogical purpose,"Table 7.10 col (7), All management"
Telangana,2022-23,All,schools_with_functional_computer,40.3,percent,UDISE_2022-2023.pdf,122,Percentage of Schools with functional computer facility for pedagogical purpose,"Table 7.10 col (12), All management"
Tripura,2022-23,All,schools_with_functional_computer,1656,count,UDISE_2022-2023.pdf,122,Schools with functional computer facility for pedagogical purpose,"Table 7.10 col (7), All management"
Tripura,2022-23,All,schools_with_functional_computer,33.7,percent,UDISE_2022-2023.pdf,122,Percentage of Schools with functional computer facility for pedagogical purpose,"Table 7.10 col (12), All management"
Uttar Pradesh,2022-23,All,schools_with_functional_computer,61130,count,UDISE_2022-2023.pdf,122,Schools with functional computer facility for pedagogical purpose,"Table 7.10 col (7), All management"
Uttar Pradesh,2022-23,All,schools_with_functional_computer,24.3,percent,UDISE_2022-2023.pdf,122,Percentage of Schools with functional computer facility for pedagogical purpose,"Table 7.10 col (12), All management"
Uttarakhand,2022-23,All,schools_with_functional_computer,13822,count,UDISE_2022-2023.pdf,122,Schools with functional computer facility for pedagogical purpose,"Table 7.10 col (7), All management"
Uttarakhand,2022-23,All,schools_with_functional_computer,61.1,percent,UDISE_2022-2023.pdf,122,Percentage of Schools with functional computer facility for pedagogical purpose,"Table 7.10 col (12), All management"
West Bengal,2022-23,All,schools_with_functional_computer,18888,count,UDISE_2022-2023.pdf,122,Schools with functional computer facility for pedagogical purpose,"Table 7.10 col (7), All management"
West Bengal,2022-23,All,schools_with_functional_computer,20,percent,UDISE_2022-2023.pdf,122,Percentage of Schools with functional computer facility for pedagogical purpose,"Table 7.10 col (12), All management"
India,2022-23,All,schools_with_internet,728042,count,UDISE_2022-2023.pdf,123,Schools with internet facility available,"Table 7.11 col (7), All management"
India,2022-23,All,schools_with_internet,49.7,percent,UDISE_2022-2023.pdf,123,Percentage of Schools with internet facility available,"Table 7.11 col (12), All management"
Andaman & Nicobar Islands,2022-23,All,schools_with_internet,209,count,UDISE_2022-2023.pdf,123,Schools with internet facility available,"Table 7.11 col (7), All management"
Andaman & Nicobar Islands,2022-23,All,schools_with_internet,50.5,percent,UDISE_2022-2023.pdf,123,Percentage of Schools with internet facility available,"Table 7.11 col (12), All management"
Andhra Pradesh,2022-23,All,schools_with_internet,61422,count,UDISE_2022-2023.pdf,123,Schools with internet facility available,"Table 7.11 col (7), All management"
Andhra Pradesh,2022-23,All,schools_with_internet,99.6,percent,UDISE_2022-2023.pdf,123,Percentage of Schools with internet facility available,"Table 7.11 col (12), All management"
Arunachal Pradesh,2022-23,All,schools_with_internet,935,count,UDISE_2022-2023.pdf,123,Schools with internet facility available,"Table 7.11 col (7), All management"
Arunachal Pradesh,2022-23,All,schools_with_internet,26.4,percent,UDISE_2022-2023.pdf,123,Percentage of Schools with internet facility available,"Table 7.11 col (12), All management"
Assam,2022-23,All,schools_with_internet,9415,count,UDISE_2022-2023.pdf,123,Schools with internet facility available,"Table 7.11 col (7), All management"
Assam,2022-23,All,schools_with_internet,16,percent,UDISE_2022-2023.pdf,123,Percentage of Schools with internet facility available,"Table 7.11 col (12), All management"
Bihar,2022-23,All,schools_with_internet,15381,count,UDISE_2022-2023.pdf,123,Schools with internet facility available,"Table 7.11 col (7), All management"
Bihar,2022-23,All,schools_with_internet,16.8,percent,UDISE_2022-2023.pdf,123,Percentage of Schools with internet facility available,"Table 7.11 col (12), All management"
Chandigarh,2022-23,All,schools_with_internet,228,count,UDISE_2022-2023.pdf,123,Schools with internet facility available,"Table 7.11 col (7), All management"
Chandigarh,2022-23,All,schools_with_internet,99.1,percent,UDISE_2022-2023.pdf,123,Percentage of Schools with internet facility available,"Table 7.11 col (12), All management"
Chhattisgarh,2022-23,All,schools_with_internet,34356,count,UDISE_2022-2023.pdf,123,Schools with internet facility available,"Table 7.11 col (7), All management"
Chhattisgarh,2022-23,All,schools_with_internet,61,percent,UDISE_2022-2023.pdf,123,Percentage of Schools with internet facility available,"Table 7.11 col (12), All management"
Dadra & Nagar Haveli and Daman & Diu,2022-23,All,schools_with_internet,400,count,UDISE_2022-2023.pdf,123,Schools with internet facility available,"Table 7.11 col (7), All management"
Dadra & Nagar Haveli and Daman & Diu,2022-23,All,schools_with_internet,87.1,percent,UDISE_2022-2023.pdf,123,Percentage of Schools with internet facility available,"Table 7.11 col (12), All management"
Delhi,2022-23,All,schools_with_internet,5488,count,UDISE_2022-2023.pdf,123,Schools with internet facility available,"Table 7.11 col (7), All management"
Delhi,2022-23,All,schools_with_internet,100,percent,UDISE_2022-2023.pdf,123,Percentage of Schools with internet facility available,"Table 7.11 col (12), All management"
Goa,2022-23,All,schools_with_internet,1428,count,UDISE_2022-2023.pdf,123,Schools with internet facility available,"Table 7.11 col (7), All management"
Goa,2022-23,All,schools_with_internet,94.9,percent,UDISE_2022-2023.pdf,123,Percentage of Schools with internet facility available,"Table 7.11 col (12), All management"
Gujarat,2022-23,All,schools_with_internet,50606,count,UDISE_2022-2023.pdf,123,Schools with internet facility available,"Table 7.11 col (7), All management"
Gujarat,2022-23,All,schools_with_internet,94.4,percent,UDISE_2022-2023.pdf,123,Percentage of Schools with internet facility available,"Table 7.11 col (12), All management"
Haryana,2022-23,All,schools_with_internet,13461,count,UDISE_2022-2023.pdf,123,Schools with internet facility available,"Table 7.11 col (7), All management"
Haryana,2022-23,All,schools_with_internet,57.1,percent,UDISE_2022-2023.pdf,123,Percentage of Schools with internet facility available,"Table 7.11 col (12), All management"
Himachal Pradesh,2022-23,All,schools_with_internet,6432,count,UDISE_2022-2023.pdf,123,Schools with internet facility available,"Table 7.11 col (7), All management"
Himachal Pradesh,2022-23,All,schools_with_internet,35.6,percent,UDISE_2022-2023.pdf,123,Percentage of Schools with internet facility available,"Table 7.11 col (12), All management"
Jammu & Kashmir,2022-23,All,schools_with_internet,9815,count,UDISE_2022-2023.pdf,123,Schools with internet facility available,"Table 7.11 col (7), All management"
Jammu & Kashmir,2022-23,All,schools_with_internet,40.4,percent,UDISE_2022-2023.pdf,123,Percentage of Schools with internet facility available,"Table 7.11 col (12), All management"
Jharkhand,2022-23,All,schools_with_internet,21330,count,UDISE_2022-2023.pdf,123,Schools with internet facility available,"Table 7.11 col (7), All management"
Jharkhand,2022-23,All,schools_with_internet,47.8,percent,UDISE_2022-2023.pdf,123,Percentage of Schools with internet facility available,"Table 7.11 col (12), All management"
Karnataka,2022-23,All,schools_with_internet,31355,count,UDISE_2022-2023.pdf,123,Schools with internet facility available,"Table 7.11 col (7), All management"
Karnataka,2022-23,All,schools_with_internet,41.2,percent,UDISE_2022-2023.pdf,123,Percentage of Schools with internet facility available,"Table 7.11 col (12), All management"
Kerala,2022-23,All,schools_with_internet,15525,count,UDISE_2022-2023.pdf,123,Schools with internet facility available,"Table 7.11 col (7), All management"
Kerala,2022-23,All,schools_with_internet,97.4,percent,UDISE_2022-2023.pdf,123,Percentage of Schools with internet facility available,"Table 7.11 col (12), All management"
Ladakh,2022-23,All,schools_with_internet,430,count,UDISE_2022-2023.pdf,123,Schools with internet facility available,"Table 7.11 col (7), All management"
Ladakh,2022-23,All,schools_with_internet,43.9,percent,UDISE_2022-2023.pdf,123,Percentage of Schools with internet facility available,"Table 7.11 col (12), All management"
Lakshadweep,2022-23,All,schools_with_internet,35,count,UDISE_2022-2023.pdf,123,Schools with internet facility available,"Table 7.11 col (7), All management"
Lakshadweep,2022-23,All,schools_with_internet,94.6,percent,UDISE_2022-2023.pdf,123,Percentage of Schools with internet facility available,"Table 7.11 col (12), All management"
Madhya Pradesh,2022-23,All,schools_with_internet,48873,count,UDISE_2022-2023.pdf,123,Schools with internet facility available,"Table 7.11 col (7), All management"
Madhya Pradesh,2022-23,All,schools_with_internet,39.8,percent,UDISE_2022-2023.pdf,123,Percentage of Schools with internet facility available,"Table 7.11 col (12), All management"
Maharashtra,2022-23,All,schools_with_internet,67839,count,UDISE_2022-2023.pdf,123,Schools with internet facility available,"Table 7.11 col (7), All management"
Maharashtra,2022-23,All,schools_with_internet,62.6,percent,UDISE_2022-2023.pdf,123,Percentage of Schools with internet facility available,"Table 7.11 col (12), All management"
Manipur,2022-23,All,schools_with_internet,1292,count,UDISE_2022-2023.pdf,123,Schools with internet facility available,"Table 7.11 col (7), All management"
Manipur,2022-23,All,schools_with_internet,27.9,percent,UDISE_2022-2023.pdf,123,Percentage of Schools with internet facility available,"Table 7.11 col (12), All management"
Meghalaya,2022-23,All,schools_with_internet,3282,count,UDISE_2022-2023.pdf,123,Schools with internet facility available,"Table 7.11 col (7), All management"
Meghalaya,2022-23,All,schools_with_internet,22.5,percent,UDISE_2022-2023.pdf,123,Percentage of Schools with internet facility available,"Table 7.11 col (12), All management"
Mizoram,2022-23,All,schools_with_internet,498,count,UDISE_2022-2023.pdf,123,Schools with internet facility available,"Table 7.11 col (7), All management"
Mizoram,2022-23,All,schools_with_internet,12.8,percent,UDISE_2022-2023.pdf,123,Percentage of Schools with internet facility available,"Table 7.11 col (12), All management"
Nagaland,2022-23,All,schools_with_internet,1507,count,UDISE_2022-2023.pdf,123,Schools with internet facility available,"Table 7.11 col (7), All management"
Nagaland,2022-23,All,schools_with_internet,55.5,percent,UDISE_2022-2023.pdf,123,Percentage of Schools with internet facility available,"Table 7.11 col (12), All management"
Odisha,2022-23,All,schools_with_internet,45607,count,UDISE_2022-2023.pdf,123,Schools with internet facility available,"Table 7.11 col (7), All management"
Odisha,2022-23,All,schools_with_internet,73.7,percent,UDISE_2022-2023.pdf,123,Percentage of Schools with internet facility available,"Table 7.11 col (12), All management"
Puducherry,2022-23,All,schools_with_internet,729,count,UDISE_2022-2023.pdf,123,Schools with internet facility available,"Table 7.11 col (7), All management"
Puducherry,2022-23,All,schools_with_internet,100,percent,UDISE_2022-2023.pdf,123,Percentage of Schools with internet facility available,"Table 7.11 col (12), All management"
Punjab,2022-23,All,schools_with_internet,18395,count,UDISE_2022-2023.pdf,123,Schools with internet facility available,"Table 7.11 col (7), All management"
Punjab,2022-23,All,schools_with_internet,66.7,percent,UDISE_2022-2023.pdf,123,Percentage of Schools with internet facility available,"Table 7.11 col (12), All management"
Rajasthan,2022-23,All,schools_with_internet,70074,count,UDISE_2022-2023.pdf,123,Schools with internet facility available,"Table 7.11 col (7), All management"
Rajasthan,2022-23,All,schools_with_internet,65.7,percent,UDISE_2022-2023.pdf,123,Percentage of Schools with internet facility available,"Table 7.11 col (12), All management"
Sikkim,2022-23,All,schools_with_internet,570,count,UDISE_2022-2023.pdf,123,Schools with internet facility available,"Table 7.11 col (7), All management"
Sikkim,2022-23,All,schools_with_internet,45.6,percent,UDISE_2022-2023.pdf,123,Percentage of Schools with internet facility available,"Table 7.11 col (12), All management"
Tamil Nadu,2022-23,All,schools_with_internet,58150,count,UDISE_2022-2023.pdf,123,Schools with internet facility available,"Table 7.11 col (7), All management"
Tamil Nadu,2022-23,All,schools_with_internet,100,percent,UDISE_2022-2023.pdf,123,Percentage of Schools with internet facility available,"Table 7.11 col (12), All management"
Telangana,2022-23,All,schools_with_internet,13125,count,UDISE_2022-2023.pdf,123,Schools with internet facility available,"Table 7.11 col (7), All management"
Telangana,2022-23,All,schools_with_internet,30.9,percent,UDISE_2022-2023.pdf,123,Percentage of Schools with internet facility available,"Table 7.11 col (12), All management"
Tripura,2022-23,All,schools_with_internet,1475,count,UDISE_2022-2023.pdf,123,Schools with internet facility available,"Table 7.11 col (7), All management"
Tripura,2022-23,All,schools_with_internet,30,percent,UDISE_2022-2023.pdf,123,Percentage of Schools with internet facility available,"Table 7.11 col (12), All management"
Uttar Pradesh,2022-23,All,schools_with_internet,87186,count,UDISE_2022-2023.pdf,123,Schools with internet facility available,"Table 7.11 col (7), All management"
Uttar Pradesh,2022-23,All,schools_with_internet,34.7,percent,UDISE_2022-2023.pdf,123,Percentage of Schools with internet facility available,"Table 7.11 col (12), All management"
Uttarakhand,2022-23,All,schools_with_internet,16192,count,UDISE_2022-2023.pdf,123,Schools with internet facility available,"Table 7.11 col (7), All management"
Uttarakhand,2022-23,All,schools_with_internet,71.6,percent,UDISE_2022-2023.pdf,123,Percentage of Schools with internet facility available,"Table 7.11 col (12), All management"
West Bengal,2022-23,All,schools_with_internet,14997,count,UDISE_2022-2023.pdf,123,Schools with internet facility available,"Table 7.11 col (7), All management"
West Bengal,2022-23,All,schools_with_internet,15.9,percent,UDISE_2022-2023.pdf,123,Percentage of Schools with internet facility available,"Table 7.11 col (12), All management"
India,2022-23,All,schools_with_smart_classroom,305279,count,UDISE_2022-2023.pdf,160,Schools having functional Smart Classrooms used for teaching with Digital Boards/ Smart Boards/ Virtual Classrooms/ Smart TV availability,"Table x.6 col (7), All management"
India,2022-23,All,schools_with_smart_classroom,20.8,percent,UDISE_2022-2023.pdf,160,Percentage of Schools having functional Smart Classrooms used for teaching with Digital Boards/ Smart Boards/ Virtual Classrooms/ Smart TV availability,"Table x.6 col (12), All management"
Andaman & Nicobar Islands,2022-23,All,schools_with_smart_classroom,183,count,UDISE_2022-2023.pdf,160,Schools having functional Smart Classrooms used for teaching with Digital Boards/ Smart Boards/ Virtual Classrooms/ Smart TV availability,"Table x.6 col (7), All management"
Andaman & Nicobar Islands,2022-23,All,schools_with_smart_classroom,44.2,percent,UDISE_2022-2023.pdf,160,Percentage of Schools having functional Smart Classrooms used for teaching with Digital Boards/ Smart Boards/ Virtual Classrooms/ Smart TV availability,"Table x.6 col (12), All management"
Andhra Pradesh,2022-23,All,schools_with_smart_classroom,24004,count,UDISE_2022-2023.pdf,160,Schools having functional Smart Classrooms used for teaching with Digital Boards/ Smart Boards/ Virtual Classrooms/ Smart TV availability,"Table x.6 col (7), All management"
Andhra Pradesh,2022-23,All,schools_with_smart_classroom,38.9,percent,UDISE_2022-2023.pdf,160,Percentage of Schools having functional Smart Classrooms used for teaching with Digital Boards/ Smart Boards/ Virtual Classrooms/ Smart TV availability,"Table x.6 col (12), All management"
Arunachal Pradesh,2022-23,All,schools_with_smart_classroom,633,count,UDISE_2022-2023.pdf,160,Schools having functional Smart Classrooms used for teaching with Digital Boards/ Smart Boards/ Virtual Classrooms/ Smart TV availability,"Table x.6 col (7), All management"
Arunachal Pradesh,2022-23,All,schools_with_smart_classroom,17.9,percent,UDISE_2022-2023.pdf,160,Percentage of Schools having functional Smart Classrooms used for teaching with Digital Boards/ Smart Boards/ Virtual Classrooms/ Smart TV availability,"Table x.6 col (12), All management"
Assam,2022-23,All,schools_with_smart_classroom,2786,count,UDISE_2022-2023.pdf,160,Schools having functional Smart Classrooms used for teaching with Digital Boards/ Smart Boards/ Virtual Classrooms/ Smart TV availability,"Table x.6 col (7), All management"
Assam,2022-23,All,schools_with_smart_classroom,4.7,percent,UDISE_2022-2023.pdf,160,Percentage of Schools having functional Smart Classrooms used for teaching with Digital Boards/ Smart Boards/ Virtual Classrooms/ Smart TV availability,"Table x.6 col (12), All management"
Bihar,2022-23,All,schools_with_smart_classroom,9396,count,UDISE_2022-2023.pdf,160,Schools having functional Smart Classrooms used for teaching with Digital Boards/ Smart Boards/ Virtual Classrooms/ Smart TV availability,"Table x.6 col (7), All management"
Bihar,2022-23,All,schools_with_smart_classroom,10.3,percent,UDISE_2022-2023.pdf,160,Percentage of Schools having functional Smart Classrooms used for teaching with Digital Boards/ Smart Boards/ Virtual Classrooms/ Smart TV availability,"Table x.6 col (12), All management"
Chandigarh,2022-23,All,schools_with_smart_classroom,191,count,UDISE_2022-2023.pdf,160,Schools having functional Smart Classrooms used for teaching with Digital Boards/ Smart Boards/ Virtual Classrooms/ Smart TV availability,"Table x.6 col (7), All management"
Chandigarh,2022-23,All,schools_with_smart_classroom,83,percent,UDISE_2022-2023.pdf,160,Percentage of Schools having functional Smart Classrooms used for teaching with Digital Boards/ Smart Boards/ Virtual Classrooms/ Smart TV availability,"Table x.6 col (12), All management"
Chhattisgarh,2022-23,All,schools_with_smart_classroom,9338,count,UDISE_2022-2023.pdf,160,Schools having functional Smart Classrooms used for teaching with Digital Boards/ Smart Boards/ Virtual Classrooms/ Smart TV availability,"Table x.6 col (7), All management"
Chhattisgarh,2022-23,All,schools_with_smart_classroom,16.6,percent,UDISE_2022-2023.pdf,160,Percentage of Schools having functional Smart Classrooms used for teaching with Digital Boards/ Smart Boards/ Virtual Classrooms/ Smart TV availability,"Table x.6 col (12), All management"
Dadra & Nagar Haveli and Daman & Diu,2022-23,All,schools_with_smart_classroom,264,count,UDISE_2022-2023.pdf,160,Schools having functional Smart Classrooms used for teaching with Digital Boards/ Smart Boards/ Virtual Classrooms/ Smart TV availability,"Table x.6 col (7), All management"
Dadra & Nagar Haveli and Daman & Diu,2022-23,All,schools_with_smart_classroom,57.5,percent,UDISE_2022-2023.pdf,160,Percentage of Schools having functional Smart Classrooms used for teaching with Digital Boards/ Smart Boards/ Virtual Classrooms/ Smart TV availability,"Table x.6 col (12), All management"
Delhi,2022-23,All,schools_with_smart_classroom,3277,count,UDISE_2022-2023.pdf,160,Schools having functional Smart Classrooms used for teaching with Digital Boards/ Smart Boards/ Virtual Classrooms/ Smart TV availability,"Table x.6 col (7), All management"
Delhi,2022-23,All,schools_with_smart_classroom,59.7,percent,UDISE_2022-2023.pdf,160,Percentage of Schools having functional Smart Classrooms used for teaching with Digital Boards/ Smart Boards/ Virtual Classrooms/ Smart TV availability,"Table x.6 col (12), All management"
Goa,2022-23,All,schools_with_smart_classroom,317,count,UDISE_2022-2023.pdf,160,Schools having functional Smart Classrooms used for teaching with Digital Boards/ Smart Boards/ Virtual Classrooms/ Smart TV availability,"Table x.6 col (7), All management"
Goa,2022-23,All,schools_with_smart_classroom,21.1,percent,UDISE_2022-2023.pdf,160,Percentage of Schools having functional Smart Classrooms used for teaching with Digital Boards/ Smart Boards/ Virtual Classrooms/ Smart TV availability,"Table x.6 col (12), All management"
Gujarat,2022-23,All,schools_with_smart_classroom,29559,count,UDISE_2022-2023.pdf,160,Schools having functional Smart Classrooms used for teaching with Digital Boards/ Smart Boards/ Virtual Classrooms/ Smart TV availability,"Table x.6 col (7), All management"
Gujarat,2022-23,All,schools_with_smart_classroom,55.1,percent,UDISE_2022-2023.pdf,160,Percentage of Schools having functional Smart Classrooms used for teaching with Digital Boards/ Smart Boards/ Virtual Classrooms/ Smart TV availability,"Table x.6 col (12), All management"
Haryana,2022-23,All,schools_with_smart_classroom,9544,count,UDISE_2022-2023.pdf,160,Schools having functional Smart Classrooms used for teaching with Digital Boards/ Smart Boards/ Virtual Classrooms/ Smart TV availability,"Table x.6 col (7), All management"
Haryana,2022-23,All,schools_with_smart_classroom,40.5,percent,UDISE_2022-2023.pdf,160,Percentage of Schools having functional Smart Classrooms used for teaching with Digital Boards/ Smart Boards/ Virtual Classrooms/ Smart TV availability,"Table x.6 col (12), All management"
Himachal Pradesh,2022-23,All,schools_with_smart_classroom,4109,count,UDISE_2022-2023.pdf,160,Schools having functional Smart Classrooms used for teaching with Digital Boards/ Smart Boards/ Virtual Classrooms/ Smart TV availability,"Table x.6 col (7), All management"
Himachal Pradesh,2022-23,All,schools_with_smart_classroom,22.7,percent,UDISE_2022-2023.pdf,160,Percentage of Schools having functional Smart Classrooms used for teaching with Digital Boards/ Smart Boards/ Virtual Classrooms/ Smart TV availability,"Table x.6 col (12), All management"
Jammu & Kashmir,2022-23,All,schools_with_smart_classroom,2984,count,UDISE_2022-2023.pdf,160,Schools having functional Smart Classrooms used for teaching with Digital Boards/ Smart Boards/ Virtual Classrooms/ Smart TV availability,"Table x.6 col (7), All management"
Jammu & Kashmir,2022-23,All,schools_with_smart_classroom,12.3,percent,UDISE_2022-2023.pdf,160,Percentage of Schools having functional Smart Classrooms used for teaching with Digital Boards/ Smart Boards/ Virtual Classrooms/ Smart TV availability,"Table x.6 col (12), All management"
Jharkhand,2022-23,All,schools_with_smart_classroom,4033,count,UDISE_2022-2023.pdf,160,Schools having functional Smart Classrooms used for teaching with Digital Boards/ Smart Boards/ Virtual Classrooms/ Smart TV availability,"Table x.6 col (7), All management"
Jharkhand,2022-23,All,schools_with_smart_classroom,9,percent,UDISE_2022-2023.pdf,160,Percentage of Schools having functional Smart Classrooms used for teaching with Digital Boards/ Smart Boards/ Virtual Classrooms/ Smart TV availability,"Table x.6 col (12), All management"
Karnataka,2022-23,All,schools_with_smart_classroom,14028,count,UDISE_2022-2023.pdf,160,Schools having functional Smart Classrooms used for teaching with Digital Boards/ Smart Boards/ Virtual Classrooms/ Smart TV availability,"Table x.6 col (7), All management"
Karnataka,2022-23,All,schools_with_smart_classroom,18.4,percent,UDISE_2022-2023.pdf,160,Percentage of Schools having functional Smart Classrooms used for teaching with Digital Boards/ Smart Boards/ Virtual Classrooms/ Smart TV availability,"Table x.6 col (12), All management"
Kerala,2022-23,All,schools_with_smart_classroom,8742,count,UDISE_2022-2023.pdf,160,Schools having functional Smart Classrooms used for teaching with Digital Boards/ Smart Boards/ Virtual Classrooms/ Smart TV availability,"Table x.6 col (7), All management"
Kerala,2022-23,All,schools_with_smart_classroom,54.9,percent,UDISE_2022-2023.pdf,160,Percentage of Schools having functional Smart Classrooms used for teaching with Digital Boards/ Smart Boards/ Virtual Classrooms/ Smart TV availability,"Table x.6 col (12), All management"
Ladakh,2022-23,All,schools_with_smart_classroom,221,count,UDISE_2022-2023.pdf,160,Schools having functional Smart Classrooms used for teaching with Digital Boards/ Smart Boards/ Virtual Classrooms/ Smart TV availability,"Table x.6 col (7), All management"
Ladakh,2022-23,All,schools_with_smart_classroom,22.6,percent,UDISE_2022-2023.pdf,160,Percentage of Schools having functional Smart Classrooms used for teaching with Digital Boards/ Smart Boards/ Virtual Classrooms/ Smart TV availability,"Table x.6 col (12), All management"
Lakshadweep,2022-23,All,schools_with_smart_classroom,19,count,UDISE_2022-2023.pdf,160,Schools having functional Smart Classrooms used for teaching with Digital Boards/ Smart Boards/ Virtual Classrooms/ Smart TV availability,"Table x.6 col (7), All management"
Lakshadweep,2022-23,All,schools_with_smart_classroom,51.4,percent,UDISE_2022-2023.pdf,160,Percentage of Schools having functional Smart Classrooms used for teaching with Digital Boards/ Smart Boards/ Virtual Classrooms/ Smart TV availability,"Table x.6 col (12), All management"
Madhya Pradesh,2022-23,All,schools_with_smart_classroom,18825,count,UDISE_2022-2023.pdf,160,Schools having functional Smart Classrooms used for teaching with Digital Boards/ Smart Boards/ Virtual Classrooms/ Smart TV availability,"Table x.6 col (7), All management"
Madhya Pradesh,2022-23,All,schools_with_smart_classroom,15.3,percent,UDISE_2022-2023.pdf,160,Percentage of Schools having functional Smart Classrooms used for teaching with Digital Boards/ Smart Boards/ Virtual Classrooms/ Smart TV availability,"Table x.6 col (12), All management"
Maharashtra,2022-23,All,schools_with_smart_classroom,61094,count,UDISE_2022-2023.pdf,160,Schools having functional Smart Classrooms used for teaching with Digital Boards/ Smart Boards/ Virtual Classrooms/ Smart TV availability,"Table x.6 col (7), All management"
Maharashtra,2022-23,All,schools_with_smart_classroom,56.3,percent,UDISE_2022-2023.pdf,160,Percentage of Schools having functional Smart Classrooms used for teaching with Digital Boards/ Smart Boards/ Virtual Classrooms/ Smart TV availability,"Table x.6 col (12), All management"
Manipur,2022-23,All,schools_with_smart_classroom,508,count,UDISE_2022-2023.pdf,160,Schools having functional Smart Classrooms used for teaching with Digital Boards/ Smart Boards/ Virtual Classrooms/ Smart TV availability,"Table x.6 col (7), All management"
Manipur,2022-23,All,schools_with_smart_classroom,11,percent,UDISE_2022-2023.pdf,160,Percentage of Schools having functional Smart Classrooms used for teaching with Digital Boards/ Smart Boards/ Virtual Classrooms/ Smart TV availability,"Table x.6 col (12), All management"
Meghalaya,2022-23,All,schools_with_smart_classroom,472,count,UDISE_2022-2023.pdf,160,Schools having functional Smart Classrooms used for teaching with Digital Boards/ Smart Boards/ Virtual Classrooms/ Smart TV availability,"Table x.6 col (7), All management"
Meghalaya,2022-23,All,schools_with_smart_classroom,3.2,percent,UDISE_2022-2023.pdf,160,Percentage of Schools having functional Smart Classrooms used for teaching with Digital Boards/ Smart Boards/ Virtual Classrooms/ Smart TV availability,"Table x.6 col (12), All management"
Mizoram,2022-23,All,schools_with_smart_classroom,139,count,UDISE_2022-2023.pdf,160,Schools having functional Smart Classrooms used for teaching with Digital Boards/ Smart Boards/ Virtual Classrooms/ Smart TV availability,"Table x.6 col (7), All management"
Mizoram,2022-23,All,schools_with_smart_classroom,3.6,percent,UDISE_2022-2023.pdf,160,Percentage of Schools having functional Smart Classrooms used for teaching with Digital Boards/ Smart Boards/ Virtual Classrooms/ Smart TV availability,"Table x.6 col (12), All management"
Nagaland,2022-23,All,schools_with_smart_classroom,713,count,UDISE_2022-2023.pdf,160,Schools having functional Smart Classrooms used for teaching with Digital Boards/ Smart Boards/ Virtual Classrooms/ Smart TV availability,"Table x.6 col (7), All management"
Nagaland,2022-23,All,schools_with_smart_classroom,26.2,percent,UDISE_2022-2023.pdf,160,Percentage of Schools having functional Smart Classrooms used for teaching with Digital Boards/ Smart Boards/ Virtual Classrooms/ Smart TV availability,"Table x.6 col (12), All management"
Odisha,2022-23,All,schools_with_smart_classroom,13455,count,UDISE_2022-2023.pdf,160,Schools having functional Smart Classrooms used for teaching with Digital Boards/ Smart Boards/ Virtual Classrooms/ Smart TV availability,"Table x.6 col (7), All management"
Odisha,2022-23,All,schools_with_smart_classroom,21.7,percent,UDISE_2022-2023.pdf,160,Percentage of Schools having functional Smart Classrooms used for teaching with Digital Boards/ Smart Boards/ Virtual Classrooms/ Smart TV availability,"Table x.6 col (12), All management"
Puducherry,2022-23,All,schools_with_smart_classroom,417,count,UDISE_2022-2023.pdf,160,Schools having functional Smart Classrooms used for teaching with Digital Boards/ Smart Boards/ Virtual Classrooms/ Smart TV availability,"Table x.6 col (7), All management"
Puducherry,2022-23,All,schools_with_smart_classroom,57.2,percent,UDISE_2022-2023.pdf,160,Percentage of Schools having functional Smart Classrooms used for teaching with Digital Boards/ Smart Boards/ Virtual Classrooms/ Smart TV availability,"Table x.6 col (12), All management"
Punjab,2022-23,All,schools_with_smart_classroom,20551,count,UDISE_2022-2023.pdf,160,Schools having functional Smart Classrooms used for teaching with Digital Boards/ Smart Boards/ Virtual Classrooms/ Smart TV availability,"Table x.6 col (7), All management"
Punjab,2022-23,All,schools_with_smart_classroom,74.5,percent,UDISE_2022-2023.pdf,160,Percentage of Schools having functional Smart Classrooms used for teaching with Digital Boards/ Smart Boards/ Virtual Classrooms/ Smart TV availability,"Table x.6 col (12), All management"
Rajasthan,2022-23,All,schools_with_smart_classroom,15761,count,UDISE_2022-2023.pdf,160,Schools having functional Smart Classrooms used for teaching with Digital Boards/ Smart Boards/ Virtual Classrooms/ Smart TV availability,"Table x.6 col (7), All management"
Rajasthan,2022-23,All,schools_with_smart_classroom,14.8,percent,UDISE_2022-2023.pdf,160,Percentage of Schools having functional Smart Classrooms used for teaching with Digital Boards/ Smart Boards/ Virtual Classrooms/ Smart TV availability,"Table x.6 col (12), All management"
Sikkim,2022-23,All,schools_with_smart_classroom,476,count,UDISE_2022-2023.pdf,160,Schools having functional Smart Classrooms used for teaching with Digital Boards/ Smart Boards/ Virtual Classrooms/ Smart TV availability,"Table x.6 col (7), All management"
Sikkim,2022-23,All,schools_with_smart_classroom,38.1,percent,UDISE_2022-2023.pdf,160,Percentage of Schools having functional Smart Classrooms used for teaching with Digital Boards/ Smart Boards/ Virtual Classrooms/ Smart TV availability,"Table x.6 col (12), All management"
Tamil Nadu,2022-23,All,schools_with_smart_classroom,4580,count,UDISE_2022-2023.pdf,160,Schools having functional Smart Classrooms used for teaching with Digital Boards/ Smart Boards/ Virtual Classrooms/ Smart TV availability,"Table x.6 col (7), All management"
Tamil Nadu,2022-23,All,schools_with_smart_classroom,7.9,percent,UDISE_2022-2023.pdf,160,Percentage of Schools having functional Smart Classrooms used for teaching with Digital Boards/ Smart Boards/ Virtual Classrooms/ Smart TV availability,"Table x.6 col (12), All management"
Telangana,2022-23,All,schools_with_smart_classroom,8215,count,UDISE_2022-2023.pdf,160,Schools having functional Smart Classrooms used for teaching with Digital Boards/ Smart Boards/ Virtual Classrooms/ Smart TV availability,"Table x.6 col (7), All management"
Telangana,2022-23,All,schools_with_smart_classroom,19.3,percent,UDISE_2022-2023.pdf,160,Percentage of Schools having functional Smart Classrooms used for teaching with Digital Boards/ Smart Boards/ Virtual Classrooms/ Smart TV availability,"Table x.6 col (12), All management"
Tripura,2022-23,All,schools_with_smart_classroom,332,count,UDISE_2022-2023.pdf,160,Schools having functional Smart Classrooms used for teaching with Digital Boards/ Smart Boards/ Virtual Classrooms/ Smart TV availability,"Table x.6 col (7), All management"
Tripura,2022-23,All,schools_with_smart_classroom,6.8,percent,UDISE_2022-2023.pdf,160,Percentage of Schools having functional Smart Classrooms used for teaching with Digital Boards/ Smart Boards/ Virtual Classrooms/ Smart TV availability,"Table x.6 col (12), All management"
Uttar Pradesh,2022-23,All,schools_with_smart_classroom,27711,count,UDISE_2022-2023.pdf,160,Schools having functional Smart Classrooms used for teaching with Digital Boards/ Smart Boards/ Virtual Classrooms/ Smart TV availability,"Table x.6 col (7), All management"
Uttar Pradesh,2022-23,All,schools_with_smart_classroom,11,percent,UDISE_2022-2023.pdf,160,Percentage of Schools having functional Smart Classrooms used for teaching with Digital Boards/ Smart Boards/ Virtual Classrooms/ Smart TV availability,"Table x.6 col (12), All management"
Uttarakhand,2022-23,All,schools_with_smart_classroom,4789,count,UDISE_2022-2023.pdf,160,Schools having functional Smart Classrooms used for teaching with Digital Boards/ Smart Boards/ Virtual Classrooms/ Smart TV availability,"Table x.6 col (7), All management"
Uttarakhand,2022-23,All,schools_with_smart_classroom,21.2,percent,UDISE_2022-2023.pdf,160,Percentage of Schools having functional Smart Classrooms used for teaching with Digital Boards/ Smart Boards/ Virtual Classrooms/ Smart TV availability,"Table x.6 col (12), All management"
West Bengal,2022-23,All,schools_with_smart_classroom,3613,count,UDISE_2022-2023.pdf,160,Schools having functional Smart Classrooms used for teaching with Digital Boards/ Smart Boards/ Virtual Classrooms/ Smart TV availability,"Table x.6 col (7), All management"
West Bengal,2022-23,All,schools_with_smart_classroom,3.8,percent,UDISE_2022-2023.pdf,160,Percentage of Schools having functional Smart Classrooms used for teaching with Digital Boards/ Smart Boards/ Virtual Classrooms/ Smart TV availability,"Table x.6 col (12), All management"
India,2022-23,All,schools_with_digital_library,107886,count,UDISE_2022-2023.pdf,162,Schools having Digital Library availability,"Table x.8 col (7), All management"
India,2022-23,All,schools_with_digital_library,7.4,percent,UDISE_2022-2023.pdf,162,Percentage of Schools having Digital Library availability,"Table x.8 col (12), All management"
Andaman & Nicobar Islands,2022-23,All,schools_with_digital_library,8,count,UDISE_2022-2023.pdf,162,Schools having Digital Library availability,"Table x.8 col (7), All management"
Andaman & Nicobar Islands,2022-23,All,schools_with_digital_library,1.9,percent,UDISE_2022-2023.pdf,162,Percentage of Schools having Digital Library availability,"Table x.8 col (12), All management"
Andhra Pradesh,2022-23,All,schools_with_digital_library,8079,count,UDISE_2022-2023.pdf,162,Schools having Digital Library availability,"Table x.8 col (7), All management"
Andhra Pradesh,2022-23,All,schools_with_digital_library,13.1,percent,UDISE_2022-2023.pdf,162,Percentage of Schools having Digital Library availability,"Table x.8 col (12), All management"
Arunachal Pradesh,2022-23,All,schools_with_digital_library,32,count,UDISE_2022-2023.pdf,162,Schools having Digital Library availability,"Table x.8 col (7), All management"
Arunachal Pradesh,2022-23,All,schools_with_digital_library,0.9,percent,UDISE_2022-2023.pdf,162,Percentage of Schools having Digital Library availability,"Table x.8 col (12), All management"
Assam,2022-23,All,schools_with_digital_library,300,count,UDISE_2022-2023.pdf,162,Schools having Digital Library availability,"Table x.8 col (7), All management"
Assam,2022-23,All,schools_with_digital_library,0.5,percent,UDISE_2022-2023.pdf,162,Percentage of Schools having Digital Library availability,"Table x.8 col (12), All management"
Bihar,2022-23,All,schools_with_digital_library,1061,count,UDISE_2022-2023.pdf,162,Schools having Digital Library availability,"Table x.8 col (7), All management"
Bihar,2022-23,All,schools_with_digital_library,1.2,percent,UDISE_2022-2023.pdf,162,Percentage of Schools having Digital Library availability,"Table x.8 col (12), All management"
Chandigarh,2022-23,All,schools_with_digital_library,24,count,UDISE_2022-2023.pdf,162,Schools having Digital Library availability,"Table x.8 col (7), All management"
Chandigarh,2022-23,All,schools_with_digital_library,10.4,percent,UDISE_2022-2023.pdf,162,Percentage of Schools having Digital Library availability,"Table x.8 col (12), All management"
Chhattisgarh,2022-23,All,schools_with_digital_library,896,count,UDISE_2022-2023.pdf,162,Schools having Digital Library availability,"Table x.8 col (7), All management"
Chhattisgarh,2022-23,All,schools_with_digital_library,1.6,percent,UDISE_2022-2023.pdf,162,Percentage of Schools having Digital Library availability,"Table x.8 col (12), All management"
Dadra & Nagar Haveli and Daman & Diu,2022-23,All,schools_with_digital_library,5,count,UDISE_2022-2023.pdf,162,Schools having Digital Library availability,"Table x.8 col (7), All management"
Dadra & Nagar Haveli and Daman & Diu,2022-23,All,schools_with_digital_library,1.1,percent,UDISE_2022-2023.pdf,162,Percentage of Schools having Digital Library availability,"Table x.8 col (12), All management"
Delhi,2022-23,All,schools_with_digital_library,283,count,UDISE_2022-2023.pdf,162,Schools having Digital Library availability,"Table x.8 col (7), All management"
Delhi,2022-23,All,schools_with_digital_library,5.2,percent,UDISE_2022-2023.pdf,162,Percentage of Schools having Digital Library availability,"Table x.8 col (12), All management"
Goa,2022-23,All,schools_with_digital_library,31,count,UDISE_2022-2023.pdf,162,Schools having Digital Library availability,"Table x.8 col (7), All management"
Goa,2022-23,All,schools_with_digital_library,2.1,percent,UDISE_2022-2023.pdf,162,Percentage of Schools having Digital Library availability,"Table x.8 col (12), All management"
Gujarat,2022-23,All,schools_with_digital_library,1197,count,UDISE_2022-2023.pdf,162,Schools having Digital Library availability,"Table x.8 col (7), All management"
Gujarat,2022-23,All,schools_with_digital_library,2.2,percent,UDISE_2022-2023.pdf,162,Percentage of Schools having Digital Library availability,"Table x.8 col (12), All management"
Haryana,2022-23,All,schools_with_digital_library,705,count,UDISE_2022-2023.pdf,162,Schools having Digital Library availability,"Table x.8 col (7), All management"
Haryana,2022-23,All,schools_with_digital_library,3,percent,UDISE_2022-2023.pdf,162,Percentage of Schools having Digital Library availability,"Table x.8 col (12), All management"
Himachal Pradesh,2022-23,All,schools_with_digital_library,209,count,UDISE_2022-2023.pdf,162,Schools having Digital Library availability,"Table x.8 col (7), All management"
Himachal Pradesh,2022-23,All,schools_with_digital_library,1.2,percent,UDISE_2022-2023.pdf,162,Percentage of Schools having Digital Library availability,"Table x.8 col (12), All management"
Jammu & Kashmir,2022-23,All,schools_with_digital_library,343,count,UDISE_2022-2023.pdf,162,Schools having Digital Library availability,"Table x.8 col (7), All management"
Jammu & Kashmir,2022-23,All,schools_with_digital_library,1.4,percent,UDISE_2022-2023.pdf,162,Percentage of Schools having Digital Library availability,"Table x.8 col (12), All management"
Jharkhand,2022-23,All,schools_with_digital_library,776,count,UDISE_2022-2023.pdf,162,Schools having Digital Library availability,"Table x.8 col (7), All management"
Jharkhand,2022-23,All,schools_with_digital_library,1.7,percent,UDISE_2022-2023.pdf,162,Percentage of Schools having Digital Library availability,"Table x.8 col (12), All management"
Karnataka,2022-23,All,schools_with_digital_library,2887,count,UDISE_2022-2023.pdf,162,Schools having Digital Library availability,"Table x.8 col (7), All management"
Karnataka,2022-23,All,schools_with_digital_library,3.8,percent,UDISE_2022-2023.pdf,162,Percentage of Schools having Digital Library availability,"Table x.8 col (12), All management"
Kerala,2022-23,All,schools_with_digital_library,4699,count,UDISE_2022-2023.pdf,162,Schools having Digital Library availability,"Table x.8 col (7), All management"
Kerala,2022-23,All,schools_with_digital_library,29.5,percent,UDISE_2022-2023.pdf,162,Percentage of Schools having Digital Library availability,"Table x.8 col (12), All management"
Ladakh,2022-23,All,schools_with_digital_library,46,count,UDISE_2022-2023.pdf,162,Schools having Digital Library availability,"Table x.8 col (7), All management"
Ladakh,2022-23,All,schools_with_digital_library,4.7,percent,UDISE_2022-2023.pdf,162,Percentage of Schools having Digital Library availability,"Table x.8 col (12), All management"
Lakshadweep,2022-23,All,schools_with_digital_library,2,count,UDISE_2022-2023.pdf,162,Schools having Digital Library availability,"Table x.8 col (7), All management"
Lakshadweep,2022-23,All,schools_with_digital_library,5.4,percent,UDISE_2022-2023.pdf,162,Percentage of Schools having Digital Library availability,"Table x.8 col (12), All management"
Madhya Pradesh,2022-23,All,schools_with_digital_library,2435,count,UDISE_2022-2023.pdf,162,Schools having Digital Library availability,"Table x.8 col (7), All management"
Madhya Pradesh,2022-23,All,schools_with_digital_library,2,percent,UDISE_2022-2023.pdf,162,Percentage of Schools having Digital Library availability,"Table x.8 col (12), All management"
Maharashtra,2022-23,All,schools_with_digital_library,8436,count,UDISE_2022-2023.pdf,162,Schools having Digital Library availability,"Table x.8 col (7), All management"
Maharashtra,2022-23,All,schools_with_digital_library,7.8,percent,UDISE_2022-2023.pdf,162,Percentage of Schools having Digital Library availability,"Table x.8 col (12), All management"
Manipur,2022-23,All,schools_with_digital_library,59,count,UDISE_2022-2023.pdf,162,Schools having Digital Library availability,"Table x.8 col (7), All management"
Manipur,2022-23,All,schools_with_digital_library,1.3,percent,UDISE_2022-2023.pdf,162,Percentage of Schools having Digital Library availability,"Table x.8 col (12), All management"
Meghalaya,2022-23,All,schools_with_digital_library,104,count,UDISE_2022-2023.pdf,162,Schools having Digital Library availability,"Table x.8 col (7), All management"
Meghalaya,2022-23,All,schools_with_digital_library,0.7,percent,UDISE_2022-2023.pdf,162,Percentage of Schools having Digital Library availability,"Table x.8 col (12), All management"
Mizoram,2022-23,All,schools_with_digital_library,4,count,UDISE_2022-2023.pdf,162,Schools having Digital Library availability,"Table x.8 col (7), All management"
Mizoram,2022-23,All,schools_with_digital_library,0.1,percent,UDISE_2022-2023.pdf,162,Percentage of Schools having Digital Library availability,"Table x.8 col (12), All management"
Nagaland,2022-23,All,schools_with_digital_library,34,count,UDISE_2022-2023.pdf,162,Schools having Digital Library availability,"Table x.8 col (7), All management"
Nagaland,2022-23,All,schools_with_digital_library,1.3,percent,UDISE_2022-2023.pdf,162,Percentage of Schools having Digital Library availability,"Table x.8 col (12), All management"
Odisha,2022-23,All,schools_with_digital_library,7900,count,UDISE_2022-2023.pdf,162,Schools having Digital Library availability,"Table x.8 col (7), All management"
Odisha,2022-23,All,schools_with_digital_library,12.8,percent,UDISE_2022-2023.pdf,162,Percentage of Schools having Digital Library availability,"Table x.8 col (12), All management"
Puducherry,2022-23,All,schools_with_digital_library,33,count,UDISE_2022-2023.pdf,162,Schools having Digital Library availability,"Table x.8 col (7), All management"
Puducherry,2022-23,All,schools_with_digital_library,4.5,percent,UDISE_2022-2023.pdf,162,Percentage of Schools having Digital Library availability,"Table x.8 col (12), All management"
Punjab,2022-23,All,schools_with_digital_library,1661,count,UDISE_2022-2023.pdf,162,Schools having Digital Library availability,"Table x.8 col (7), All management"
Punjab,2022-23,All,schools_with_digital_library,6,percent,UDISE_2022-2023.pdf,162,Percentage of Schools having Digital Library availability,"Table x.8 col (12), All management"
Rajasthan,2022-23,All,schools_with_digital_library,1830,count,UDISE_2022-2023.pdf,162,Schools having Digital Library availability,"Table x.8 col (7), All management"
Rajasthan,2022-23,All,schools_with_digital_library,1.7,percent,UDISE_2022-2023.pdf,162,Percentage of Schools having Digital Library availability,"Table x.8 col (12), All management"
Sikkim,2022-23,All,schools_with_digital_library,60,count,UDISE_2022-2023.pdf,162,Schools having Digital Library availability,"Table x.8 col (7), All management"
Sikkim,2022-23,All,schools_with_digital_library,4.8,percent,UDISE_2022-2023.pdf,162,Percentage of Schools having Digital Library availability,"Table x.8 col (12), All management"
Tamil Nadu,2022-23,All,schools_with_digital_library,58150,count,UDISE_2022-2023.pdf,162,Schools having Digital Library availability,"Table x.8 col (7), All management"
Tamil Nadu,2022-23,All,schools_with_digital_library,100,percent,UDISE_2022-2023.pdf,162,Percentage of Schools having Digital Library availability,"Table x.8 col (12), All management"
Telangana,2022-23,All,schools_with_digital_library,1013,count,UDISE_2022-2023.pdf,162,Schools having Digital Library availability,"Table x.8 col (7), All management"
Telangana,2022-23,All,schools_with_digital_library,2.4,percent,UDISE_2022-2023.pdf,162,Percentage of Schools having Digital Library availability,"Table x.8 col (12), All management"
Tripura,2022-23,All,schools_with_digital_library,45,count,UDISE_2022-2023.pdf,162,Schools having Digital Library availability,"Table x.8 col (7), All management"
Tripura,2022-23,All,schools_with_digital_library,0.9,percent,UDISE_2022-2023.pdf,162,Percentage of Schools having Digital Library availability,"Table x.8 col (12), All management"
Uttar Pradesh,2022-23,All,schools_with_digital_library,3864,count,UDISE_2022-2023.pdf,162,Schools having Digital Library availability,"Table x.8 col (7), All management"
Uttar Pradesh,2022-23,All,schools_with_digital_library,1.5,percent,UDISE_2022-2023.pdf,162,Percentage of Schools having Digital Library availability,"Table x.8 col (12), All management"
Uttarakhand,2022-23,All,schools_with_digital_library,303,count,UDISE_2022-2023.pdf,162,Schools having Digital Library availability,"Table x.8 col (7), All management"
Uttarakhand,2022-23,All,schools_with_digital_library,1.3,percent,UDISE_2022-2023.pdf,162,Percentage of Schools having Digital Library availability,"Table x.8 col (12), All management"
West Bengal,2022-23,All,schools_with_digital_library,372,count,UDISE_2022-2023.pdf,162,Schools having Digital Library availability,"Table x.8 col (7), All management"
West Bengal,2022-23,All,schools_with_digital_library,0.4,percent,UDISE_2022-2023.pdf,162,Percentage of Schools having Digital Library availability,"Table x.8 col (12), All management"
India,2022-23,Middle and Secondary,govt_schools_total,389545,count,UDISE_2022-2023.pdf,163,Number of Government Schools with Middle and Secondary sections having: Total,Table x.9 col (2)
India,2022-23,Middle and Secondary,govt_schools_with_ict_lab,75951,count,UDISE_2022-2023.pdf,163,Number of Government Schools with Middle and Secondary sections having: ICT labs,Table x.9 col (3)
India,2022-23,Middle and Secondary,govt_schools_with_functional_ict_lab,62258,count,UDISE_2022-2023.pdf,163,Number of Government Schools with Middle and Secondary sections having: Functional ICT Labs,Table x.9 col (4)
India,2022-23,Middle and Secondary,govt_aided_schools_total,64270,count,UDISE_2022-2023.pdf,163,Number of Government Aided Schools with Middle and Secondary sections having: Total,Table x.9 col (5)
India,2022-23,Middle and Secondary,govt_aided_schools_with_ict_lab,18974,count,UDISE_2022-2023.pdf,163,Number of Government Aided Schools with Middle and Secondary sections having: ICT labs,Table x.9 col (6)
India,2022-23,Middle and Secondary,govt_aided_schools_with_functional_ict_lab,14869,count,UDISE_2022-2023.pdf,163,Number of Government Aided Schools with Middle and Secondary sections having: Functional ICT Labs,Table x.9 col (7)
India,2022-23,Middle and Secondary,govt_schools_with_ict_lab,19.5,percent,UDISE_2022-2023.pdf,163,Percentage of Government Schools with Middle and Secondary sections having: ICT labs,Table x.9 col (8)
India,2022-23,Middle and Secondary,govt_schools_with_functional_ict_lab,16,percent,UDISE_2022-2023.pdf,163,Percentage of Government Schools with Middle and Secondary sections having: Functional ICT Labs,Table x.9 col (9)
India,2022-23,Middle and Secondary,govt_aided_schools_with_ict_lab,29.5,percent,UDISE_2022-2023.pdf,163,Percentage of Government Aided Schools with Middle and Secondary sections having: ICT labs,Table x.9 col (10)
India,2022-23,Middle and Secondary,govt_aided_schools_with_functional_ict_lab,23.1,percent,UDISE_2022-2023.pdf,163,Percentage of Government Aided Schools with Middle and Secondary sections having: Functional ICT Labs,Table x.9 col (11)
Andaman & Nicobar Islands,2022-23,Middle and Secondary,govt_schools_total,157,count,UDISE_2022-2023.pdf,163,Number of Government Schools with Middle and Secondary sections having: Total,Table x.9 col (2)
Andaman & Nicobar Islands,2022-23,Middle and Secondary,govt_schools_with_ict_lab,133,count,UDISE_2022-2023.pdf,163,Number of Government Schools with Middle and Secondary sections having: ICT labs,Table x.9 col (3)
Andaman & Nicobar Islands,2022-23,Middle and Secondary,govt_schools_with_functional_ict_lab,131,count,UDISE_2022-2023.pdf,163,Number of Government Schools with Middle and Secondary sections having: Functional ICT Labs,Table x.9 col (4)
Andaman & Nicobar Islands,2022-23,Middle and Secondary,govt_aided_schools_total,2,count,UDISE_2022-2023.pdf,163,Number of Government Aided Schools with Middle and Secondary sections having: Total,Table x.9 col (5)
Andaman & Nicobar Islands,2022-23,Middle and Secondary,govt_aided_schools_with_ict_lab,0,count,UDISE_2022-2023.pdf,163,Number of Government Aided Schools with Middle and Secondary sections having: ICT labs,Table x.9 col (6)
Andaman & Nicobar Islands,2022-23,Middle and Secondary,govt_aided_schools_with_functional_ict_lab,0,count,UDISE_2022-2023.pdf,163,Number of Government Aided Schools with Middle and Secondary sections having: Functional ICT Labs,Table x.9 col (7)
Andaman & Nicobar Islands,2022-23,Middle and Secondary,govt_schools_with_ict_lab,84.7,percent,UDISE_2022-2023.pdf,163,Percentage of Government Schools with Middle and Secondary sections having: ICT labs,Table x.9 col (8)
Andaman & Nicobar Islands,2022-23,Middle and Secondary,govt_schools_with_functional_ict_lab,83.4,percent,UDISE_2022-2023.pdf,163,Percentage of Government Schools with Middle and Secondary sections having: Functional ICT Labs,Table x.9 col (9)
Andaman & Nicobar Islands,2022-23,Middle and Secondary,govt_aided_schools_with_ict_lab,0,percent,UDISE_2022-2023.pdf,163,Percentage of Government Aided Schools with Middle and Secondary sections having: ICT labs,Table x.9 col (10)
Andaman & Nicobar Islands,2022-23,Middle and Secondary,govt_aided_schools_with_functional_ict_lab,0,percent,UDISE_2022-2023.pdf,163,Percentage of Government Aided Schools with Middle and Secondary sections having: Functional ICT Labs,Table x.9 col (11)
Andhra Pradesh,2022-23,Middle and Secondary,govt_schools_total,11285,count,UDISE_2022-2023.pdf,163,Number of Government Schools with Middle and Secondary sections having: Total,Table x.9 col (2)
Andhra Pradesh,2022-23,Middle and Secondary,govt_schools_with_ict_lab,2462,count,UDISE_2022-2023.pdf,163,Number of Government Schools with Middle and Secondary sections having: ICT labs,Table x.9 col (3)
Andhra Pradesh,2022-23,Middle and Secondary,govt_schools_with_functional_ict_lab,1838,count,UDISE_2022-2023.pdf,163,Number of Government Schools with Middle and Secondary sections having: Functional ICT Labs,Table x.9 col (4)
Andhra Pradesh,2022-23,Middle and Secondary,govt_aided_schools_total,574,count,UDISE_2022-2023.pdf,163,Number of Government Aided Schools with Middle and Secondary sections having: Total,Table x.9 col (5)
Andhra Pradesh,2022-23,Middle and Secondary,govt_aided_schools_with_ict_lab,137,count,UDISE_2022-2023.pdf,163,Number of Government Aided Schools with Middle and Secondary sections having: ICT labs,Table x.9 col (6)
Andhra Pradesh,2022-23,Middle and Secondary,govt_aided_schools_with_functional_ict_lab,118,count,UDISE_2022-2023.pdf,163,Number of Government Aided Schools with Middle and Secondary sections having: Functional ICT Labs,Table x.9 col (7)
Andhra Pradesh,2022-23,Middle and Secondary,govt_schools_with_ict_lab,21.8,percent,UDISE_2022-2023.pdf,163,Percentage of Government Schools with Middle and Secondary sections having: ICT labs,Table x.9 col (8)
Andhra Pradesh,2022-23,Middle and Secondary,govt_schools_with_functional_ict_lab,16.3,percent,UDISE_2022-2023.pdf,163,Percentage of Government Schools with Middle and Secondary sections having: Functional ICT Labs,Table x.9 col (9)
Andhra Pradesh,2022-23,Middle and Secondary,govt_aided_schools_with_ict_lab,23.9,percent,UDISE_2022-2023.pdf,163,Percentage of Government Aided Schools with Middle and Secondary sections having: ICT labs,Table x.9 col (10)
Andhra Pradesh,2022-23,Middle and Secondary,govt_aided_schools_with_functional_ict_lab,20.6,percent,UDISE_2022-2023.pdf,163,Percentage of Government Aided Schools with Middle and Secondary sections having: Functional ICT Labs,Table x.9 col (11)
Arunachal Pradesh,2022-23,Middle and Secondary,govt_schools_total,1312,count,UDISE_2022-2023.pdf,163,Number of Government Schools with Middle and Secondary sections having: Total,Table x.9 col (2)
Arunachal Pradesh,2022-23,Middle and Secondary,govt_schools_with_ict_lab,135,count,UDISE_2022-2023.pdf,163,Number of Government Schools with Middle and Secondary sections having: ICT labs,Table x.9 col (3)
Arunachal Pradesh,2022-23,Middle and Secondary,govt_schools_with_functional_ict_lab,101,count,UDISE_2022-2023.pdf,163,Number of Government Schools with Middle and Secondary sections having: Functional ICT Labs,Table x.9 col (4)
Arunachal Pradesh,2022-23,Middle and Secondary,govt_aided_schools_total,60,count,UDISE_2022-2023.pdf,163,Number of Government Aided Schools with Middle and Secondary sections having: Total,Table x.9 col (5)
Arunachal Pradesh,2022-23,Middle and Secondary,govt_aided_schools_with_ict_lab,15,count,UDISE_2022-2023.pdf,163,Number of Government Aided Schools with Middle and Secondary sections having: ICT labs,Table x.9 col (6)
Arunachal Pradesh,2022-23,Middle and Secondary,govt_aided_schools_with_functional_ict_lab,14,count,UDISE_2022-2023.pdf,163,Number of Government Aided Schools with Middle and Secondary sections having: Functional ICT Labs,Table x.9 col (7)
Arunachal Pradesh,2022-23,Middle and Secondary,govt_schools_with_ict_lab,10.3,percent,UDISE_2022-2023.pdf,163,Percentage of Government Schools with Middle and Secondary sections having: ICT labs,Table x.9 col (8)
Arunachal Pradesh,2022-23,Middle and Secondary,govt_schools_with_functional_ict_lab,7.7,percent,UDISE_2022-2023.pdf,163,Percentage of Government Schools with Middle and Secondary sections having: Functional ICT Labs,Table x.9 col (9)
Arunachal Pradesh,2022-23,Middle and Secondary,govt_aided_schools_with_ict_lab,25,percent,UDISE_2022-2023.pdf,163,Percentage of Government Aided Schools with Middle and Secondary sections having: ICT labs,Table x.9 col (10)
Arunachal Pradesh,2022-23,Middle and Secondary,govt_aided_schools_with_functional_ict_lab,23.3,percent,UDISE_2022-2023.pdf,163,Percentage of Government Aided Schools with Middle and Secondary sections having: Functional ICT Labs,Table x.9 col (11)
Assam,2022-23,Middle and Secondary,govt_schools_total,10531,count,UDISE_2022-2023.pdf,163,Number of Government Schools with Middle and Secondary sections having: Total,Table x.9 col (2)
Assam,2022-23,Middle and Secondary,govt_schools_with_ict_lab,3463,count,UDISE_2022-2023.pdf,163,Number of Government Schools with Middle and Secondary sections having: ICT labs,Table x.9 col (3)
Assam,2022-23,Middle and Secondary,govt_schools_with_functional_ict_lab,2561,count,UDISE_2022-2023.pdf,163,Number of Government Schools with Middle and Secondary sections having: Functional ICT Labs,Table x.9 col (4)
Assam,2022-23,Middle and Secondary,govt_aided_schools_total,3385,count,UDISE_2022-2023.pdf,163,Number of Government Aided Schools with Middle and Secondary sections having: Total,Table x.9 col (5)
Assam,2022-23,Middle and Secondary,govt_aided_schools_with_ict_lab,55,count,UDISE_2022-2023.pdf,163,Number of Government Aided Schools with Middle and Secondary sections having: ICT labs,Table x.9 col (6)
Assam,2022-23,Middle and Secondary,govt_aided_schools_with_functional_ict_lab,22,count,UDISE_2022-2023.pdf,163,Number of Government Aided Schools with Middle and Secondary sections having: Functional ICT Labs,Table x.9 col (7)
Assam,2022-23,Middle and Secondary,govt_schools_with_ict_lab,32.9,percent,UDISE_2022-2023.pdf,163,Percentage of Government Schools with Middle and Secondary sections having: ICT labs,Table x.9 col (8)
Assam,2022-23,Middle and Secondary,govt_schools_with_functional_ict_lab,24.3,percent,UDISE_2022-2023.pdf,163,Percentage of Government Schools with Middle and Secondary sections having: Functional ICT Labs,Table x.9 col (9)
Assam,2022-23,Middle and Secondary,govt_aided_schools_with_ict_lab,1.6,percent,UDISE_2022-2023.pdf,163,Percentage of Government Aided Schools with Middle and Secondary sections having: ICT labs,Table x.9 col (10)
Assam,2022-23,Middle and Secondary,govt_aided_schools_with_functional_ict_lab,0.6,percent,UDISE_2022-2023.pdf,163,Percentage of Government Aided Schools with Middle and Secondary sections having: Functional ICT Labs,Table x.9 col (11)
Bihar,2022-23,Middle and Secondary,govt_schools_total,35043,count,UDISE_2022-2023.pdf,163,Number of Government Schools with Middle and Secondary sections having: Total,Table x.9 col (2)
Bihar,2022-23,Middle and Secondary,govt_schools_with_ict_lab,1553,count,UDISE_2022-2023.pdf,163,Number of Government Schools with Middle and Secondary sections having: ICT labs,Table x.9 col (3)
Bihar,2022-23,Middle and Secondary,govt_schools_with_functional_ict_lab,1361,count,UDISE_2022-2023.pdf,163,Number of Government Schools with Middle and Secondary sections having: Functional ICT Labs,Table x.9 col (4)
Bihar,2022-23,Middle and Secondary,govt_aided_schools_total,687,count,UDISE_2022-2023.pdf,163,Number of Government Aided Schools with Middle and Secondary sections having: Total,Table x.9 col (5)
Bihar,2022-23,Middle and Secondary,govt_aided_schools_with_ict_lab,12,count,UDISE_2022-2023.pdf,163,Number of Government Aided Schools with Middle and Secondary sections having: ICT labs,Table x.9 col (6)
Bihar,2022-23,Middle and Secondary,govt_aided_schools_with_functional_ict_lab,12,count,UDISE_2022-2023.pdf,163,Number of Government Aided Schools with Middle and Secondary sections having: Functional ICT Labs,Table x.9 col (7)
Bihar,2022-23,Middle and Secondary,govt_schools_with_ict_lab,4.4,percent,UDISE_2022-2023.pdf,163,Percentage of Government Schools with Middle and Secondary sections having: ICT labs,Table x.9 col (8)
Bihar,2022-23,Middle and Secondary,govt_schools_with_functional_ict_lab,3.9,percent,UDISE_2022-2023.pdf,163,Percentage of Government Schools with Middle and Secondary sections having: Functional ICT Labs,Table x.9 col (9)
Bihar,2022-23,Middle and Secondary,govt_aided_schools_with_ict_lab,1.7,percent,UDISE_2022-2023.pdf,163,Percentage of Government Aided Schools with Middle and Secondary sections having: ICT labs,Table x.9 col (10)
Bihar,2022-23,Middle and Secondary,govt_aided_schools_with_functional_ict_lab,1.7,percent,UDISE_2022-2023.pdf,163,Percentage of Government Aided Schools with Middle and Secondary sections having: Functional ICT Labs,Table x.9 col (11)
Chandigarh,2022-23,Middle and Secondary,govt_schools_total,115,count,UDISE_2022-2023.pdf,163,Number of Government Schools with Middle and Secondary sections having: Total,Table x.9 col (2)
Chandigarh,2022-23,Middle and Secondary,govt_schools_with_ict_lab,114,count,UDISE_2022-2023.pdf,163,Number of Government Schools with Middle and Secondary sections having: ICT labs,Table x.9 col (3)
Chandigarh,2022-23,Middle and Secondary,govt_schools_with_functional_ict_lab,112,count,UDISE_2022-2023.pdf,163,Number of Government Schools with Middle and Secondary sections having: Functional ICT Labs,Table x.9 col (4)
Chandigarh,2022-23,Middle and Secondary,govt_aided_schools_total,7,count,UDISE_2022-2023.pdf,163,Number of Government Aided Schools with Middle and Secondary sections having: Total,Table x.9 col (5)
Chandigarh,2022-23,Middle and Secondary,govt_aided_schools_with_ict_lab,7,count,UDISE_2022-2023.pdf,163,Number of Government Aided Schools with Middle and Secondary sections having: ICT labs,Table x.9 col (6)
Chandigarh,2022-23,Middle and Secondary,govt_aided_schools_with_functional_ict_lab,7,count,UDISE_2022-2023.pdf,163,Number of Government Aided Schools with Middle and Secondary sections having: Functional ICT Labs,Table x.9 col (7)
Chandigarh,2022-23,Middle and Secondary,govt_schools_with_ict_lab,99.1,percent,UDISE_2022-2023.pdf,163,Percentage of Government Schools with Middle and Secondary sections having: ICT labs,Table x.9 col (8)
Chandigarh,2022-23,Middle and Secondary,govt_schools_with_functional_ict_lab,97.4,percent,UDISE_2022-2023.pdf,163,Percentage of Government Schools with Middle and Secondary sections having: Functional ICT Labs,Table x.9 col (9)
Chandigarh,2022-23,Middle and Secondary,govt_aided_schools_with_ict_lab,100,percent,UDISE_2022-2023.pdf,163,Percentage of Government Aided Schools with Middle and Secondary sections having: ICT labs,Table x.9 col (10)
Chandigarh,2022-23,Middle and Secondary,govt_aided_schools_with_functional_ict_lab,100,percent,UDISE_2022-2023.pdf,163,Percentage of Government Aided Schools with Middle and Secondary sections having: Functional ICT Labs,Table x.9 col (11)
Chhattisgarh,2022-23,Middle and Secondary,govt_schools_total,18038,count,UDISE_2022-2023.pdf,163,Number of Government Schools with Middle and Secondary sections having: Total,Table x.9 col (2)
Chhattisgarh,2022-23,Middle and Secondary,govt_schools_with_ict_lab,2131,count,UDISE_2022-2023.pdf,163,Number of Government Schools with Middle and Secondary sections having: ICT labs,Table x.9 col (3)
Chhattisgarh,2022-23,Middle and Secondary,govt_schools_with_functional_ict_lab,1457,count,UDISE_2022-2023.pdf,163,Number of Government Schools with Middle and Secondary sections having: Functional ICT Labs,Table x.9 col (4)
Chhattisgarh,2022-23,Middle and Secondary,govt_aided_schools_total,212,count,UDISE_2022-2023.pdf,163,Number of Government Aided Schools with Middle and Secondary sections having: Total,Table x.9 col (5)
Chhattisgarh,2022-23,Middle and Secondary,govt_aided_schools_with_ict_lab,6,count,UDISE_2022-2023.pdf,163,Number of Government Aided Schools with Middle and Secondary sections having: ICT labs,Table x.9 col (6)
Chhattisgarh,2022-23,Middle and Secondary,govt_aided_schools_with_functional_ict_lab,6,count,UDISE_2022-2023.pdf,163,Number of Government Aided Schools with Middle and Secondary sections having: Functional ICT Labs,Table x.9 col (7)
Chhattisgarh,2022-23,Middle and Secondary,govt_schools_with_ict_lab,11.8,percent,UDISE_2022-2023.pdf,163,Percentage of Government Schools with Middle and Secondary sections having: ICT labs,Table x.9 col (8)
Chhattisgarh,2022-23,Middle and Secondary,govt_schools_with_functional_ict_lab,8.1,percent,UDISE_2022-2023.pdf,163,Percentage of Government Schools with Middle and Secondary sections having: Functional ICT Labs,Table x.9 col (9)
Chhattisgarh,2022-23,Middle and Secondary,govt_aided_schools_with_ict_lab,2.8,percent,UDISE_2022-2023.pdf,163,Percentage of Government Aided Schools with Middle and Secondary sections having: ICT labs,Table x.9 col (10)
Chhattisgarh,2022-23,Middle and Secondary,govt_aided_schools_with_functional_ict_lab,2.8,percent,UDISE_2022-2023.pdf,163,Percentage of Government Aided Schools with Middle and Secondary sections having: Functional ICT Labs,Table x.9 col (11)
Dadra & Nagar Haveli and Daman & Diu,2022-23,Middle and Secondary,govt_schools_total,221,count,UDISE_2022-2023.pdf,163,Number of Government Schools with Middle and Secondary sections having: Total,Table x.9 col (2)
Dadra & Nagar Haveli and Daman & Diu,2022-23,Middle and Secondary,govt_schools_with_ict_lab,117,count,UDISE_2022-2023.pdf,163,Number of Government Schools with Middle and Secondary sections having: ICT labs,Table x.9 col (3)
Dadra & Nagar Haveli and Daman & Diu,2022-23,Middle and Secondary,govt_schools_with_functional_ict_lab,114,count,UDISE_2022-2023.pdf,163,Number of Government Schools with Middle and Secondary sections having: Functional ICT Labs,Table x.9 col (4)
Dadra & Nagar Haveli and Daman & Diu,2022-23,Middle and Secondary,govt_aided_schools_total,8,count,UDISE_2022-2023.pdf,163,Number of Government Aided Schools with Middle and Secondary sections having: Total,Table x.9 col (5)
Dadra & Nagar Haveli and Daman & Diu,2022-23,Middle and Secondary,govt_aided_schools_with_ict_lab,7,count,UDISE_2022-2023.pdf,163,Number of Government Aided Schools with Middle and Secondary sections having: ICT labs,Table x.9 col (6)
Dadra & Nagar Haveli and Daman & Diu,2022-23,Middle and Secondary,govt_aided_schools_with_functional_ict_lab,7,count,UDISE_2022-2023.pdf,163,Number of Government Aided Schools with Middle and Secondary sections having: Functional ICT Labs,Table x.9 col (7)
Dadra & Nagar Haveli and Daman & Diu,2022-23,Middle and Secondary,govt_schools_with_ict_lab,52.9,percent,UDISE_2022-2023.pdf,163,Percentage of Government Schools with Middle and Secondary sections having: ICT labs,Table x.9 col (8)
Dadra & Nagar Haveli and Daman & Diu,2022-23,Middle and Secondary,govt_schools_with_functional_ict_lab,51.6,percent,UDISE_2022-2023.pdf,163,Percentage of Government Schools with Middle and Secondary sections having: Functional ICT Labs,Table x.9 col (9)
Dadra & Nagar Haveli and Daman & Diu,2022-23,Middle and Secondary,govt_aided_schools_with_ict_lab,87.5,percent,UDISE_2022-2023.pdf,163,Percentage of Government Aided Schools with Middle and Secondary sections having: ICT labs,Table x.9 col (10)
Dadra & Nagar Haveli and Daman & Diu,2022-23,Middle and Secondary,govt_aided_schools_with_functional_ict_lab,87.5,percent,UDISE_2022-2023.pdf,163,Percentage of Government Aided Schools with Middle and Secondary sections having: Functional ICT Labs,Table x.9 col (11)
Delhi,2022-23,Middle and Secondary,govt_schools_total,1128,count,UDISE_2022-2023.pdf,163,Number of Government Schools with Middle and Secondary sections having: Total,Table x.9 col (2)
Delhi,2022-23,Middle and Secondary,govt_schools_with_ict_lab,1006,count,UDISE_2022-2023.pdf,163,Number of Government Schools with Middle and Secondary sections having: ICT labs,Table x.9 col (3)
Delhi,2022-23,Middle and Secondary,govt_schools_with_functional_ict_lab,949,count,UDISE_2022-2023.pdf,163,Number of Government Schools with Middle and Secondary sections having: Functional ICT Labs,Table x.9 col (4)
Delhi,2022-23,Middle and Secondary,govt_aided_schools_total,200,count,UDISE_2022-2023.pdf,163,Number of Government Aided Schools with Middle and Secondary sections having: Total,Table x.9 col (5)
Delhi,2022-23,Middle and Secondary,govt_aided_schools_with_ict_lab,141,count,UDISE_2022-2023.pdf,163,Number of Government Aided Schools with Middle and Secondary sections having: ICT labs,Table x.9 col (6)
Delhi,2022-23,Middle and Secondary,govt_aided_schools_with_functional_ict_lab,75,count,UDISE_2022-2023.pdf,163,Number of Government Aided Schools with Middle and Secondary sections having: Functional ICT Labs,Table x.9 col (7)
Delhi,2022-23,Middle and Secondary,govt_schools_with_ict_lab,89.2,percent,UDISE_2022-2023.pdf,163,Percentage of Government Schools with Middle and Secondary sections having: ICT labs,Table x.9 col (8)
Delhi,2022-23,Middle and Secondary,govt_schools_with_functional_ict_lab,84.1,percent,UDISE_2022-2023.pdf,163,Percentage of Government Schools with Middle and Secondary sections having: Functional ICT Labs,Table x.9 col (9)
Delhi,2022-23,Middle and Secondary,govt_aided_schools_with_ict_lab,70.5,percent,UDISE_2022-2023.pdf,163,Percentage of Government Aided Schools with Middle and Secondary sections having: ICT labs,Table x.9 col (10)
Delhi,2022-23,Middle and Secondary,govt_aided_schools_with_functional_ict_lab,37.5,percent,UDISE_2022-2023.pdf,163,Percentage of Government Aided Schools with Middle and Secondary sections having: Functional ICT Labs,Table x.9 col (11)
Goa,2022-23,Middle and Secondary,govt_schools_total,133,count,UDISE_2022-2023.pdf,163,Number of Government Schools with Middle and Secondary sections having: Total,Table x.9 col (2)
Goa,2022-23,Middle and Secondary,govt_schools_with_ict_lab,73,count,UDISE_2022-2023.pdf,163,Number of Government Schools with Middle and Secondary sections having: ICT labs,Table x.9 col (3)
Goa,2022-23,Middle and Secondary,govt_schools_with_functional_ict_lab,70,count,UDISE_2022-2023.pdf,163,Number of Government Schools with Middle and Secondary sections having: Functional ICT Labs,Table x.9 col (4)
Goa,2022-23,Middle and Secondary,govt_aided_schools_total,445,count,UDISE_2022-2023.pdf,163,Number of Government Aided Schools with Middle and Secondary sections having: Total,Table x.9 col (5)
Goa,2022-23,Middle and Secondary,govt_aided_schools_with_ict_lab,292,count,UDISE_2022-2023.pdf,163,Number of Government Aided Schools with Middle and Secondary sections having: ICT labs,Table x.9 col (6)
Goa,2022-23,Middle and Secondary,govt_aided_schools_with_functional_ict_lab,283,count,UDISE_2022-2023.pdf,163,Number of Government Aided Schools with Middle and Secondary sections having: Functional ICT Labs,Table x.9 col (7)
Goa,2022-23,Middle and Secondary,govt_schools_with_ict_lab,54.9,percent,UDISE_2022-2023.pdf,163,Percentage of Government Schools with Middle and Secondary sections having: ICT labs,Table x.9 col (8)
Goa,2022-23,Middle and Secondary,govt_schools_with_functional_ict_lab,52.6,percent,UDISE_2022-2023.pdf,163,Percentage of Government Schools with Middle and Secondary sections having: Functional ICT Labs,Table x.9 col (9)
Goa,2022-23,Middle and Secondary,govt_aided_schools_with_ict_lab,65.6,percent,UDISE_2022-2023.pdf,163,Percentage of Government Aided Schools with Middle and Secondary sections having: ICT labs,Table x.9 col (10)
Goa,2022-23,Middle and Secondary,govt_aided_schools_with_functional_ict_lab,63.6,percent,UDISE_2022-2023.pdf,163,Percentage of Government Aided Schools with Middle and Secondary sections having: Functional ICT Labs,Table x.9 col (11)
Gujarat,2022-23,Middle and Secondary,govt_schools_total,22231,count,UDISE_2022-2023.pdf,163,Number of Government Schools with Middle and Secondary sections having: Total,Table x.9 col (2)
Gujarat,2022-23,Middle and Secondary,govt_schools_with_ict_lab,2208,count,UDISE_2022-2023.pdf,163,Number of Government Schools with Middle and Secondary sections having: ICT labs,Table x.9 col (3)
Gujarat,2022-23,Middle and Secondary,govt_schools_with_functional_ict_lab,1691,count,UDISE_2022-2023.pdf,163,Number of Government Schools with Middle and Secondary sections having: Functional ICT Labs,Table x.9 col (4)
Gujarat,2022-23,Middle and Secondary,govt_aided_schools_total,5499,count,UDISE_2022-2023.pdf,163,Number of Government Aided Schools with Middle and Secondary sections having: Total,Table x.9 col (5)
Gujarat,2022-23,Middle and Secondary,govt_aided_schools_with_ict_lab,2630,count,UDISE_2022-2023.pdf,163,Number of Government Aided Schools with Middle and Secondary sections having: ICT labs,Table x.9 col (6)
Gujarat,2022-23,Middle and Secondary,govt_aided_schools_with_functional_ict_lab,1831,count,UDISE_2022-2023.pdf,163,Number of Government Aided Schools with Middle and Secondary sections having: Functional ICT Labs,Table x.9 col (7)
Gujarat,2022-23,Middle and Secondary,govt_schools_with_ict_lab,9.9,percent,UDISE_2022-2023.pdf,163,Percentage of Government Schools with Middle and Secondary sections having: ICT labs,Table x.9 col (8)
Gujarat,2022-23,Middle and Secondary,govt_schools_with_functional_ict_lab,7.6,percent,UDISE_2022-2023.pdf,163,Percentage of Government Schools with Middle and Secondary sections having: Functional ICT Labs,Table x.9 col (9)
Gujarat,2022-23,Middle and Secondary,govt_aided_schools_with_ict_lab,47.8,percent,UDISE_2022-2023.pdf,163,Percentage of Government Aided Schools with Middle and Secondary sections having: ICT labs,Table x.9 col (10)
Gujarat,2022-23,Middle and Secondary,govt_aided_schools_with_functional_ict_lab,33.3,percent,UDISE_2022-2023.pdf,163,Percentage of Government Aided Schools with Middle and Secondary sections having: Functional ICT Labs,Table x.9 col (11)
Haryana,2022-23,Middle and Secondary,govt_schools_total,5763,count,UDISE_2022-2023.pdf,163,Number of Government Schools with Middle and Secondary sections having: Total,Table x.9 col (2)
Haryana,2022-23,Middle and Secondary,govt_schools_with_ict_lab,2893,count,UDISE_2022-2023.pdf,163,Number of Government Schools with Middle and Secondary sections having: ICT labs,Table x.9 col (3)
Haryana,2022-23,Middle and Secondary,govt_schools_with_functional_ict_lab,2280,count,UDISE_2022-2023.pdf,163,Number of Government Schools with Middle and Secondary sections having: Functional ICT Labs,Table x.9 col (4)
Haryana,2022-23,Middle and Secondary,govt_aided_schools_total,5,count,UDISE_2022-2023.pdf,163,Number of Government Aided Schools with Middle and Secondary sections having: Total,Table x.9 col (5)
Haryana,2022-23,Middle and Secondary,govt_aided_schools_with_ict_lab,1,count,UDISE_2022-2023.pdf,163,Number of Government Aided Schools with Middle and Secondary sections having: ICT labs,Table x.9 col (6)
Haryana,2022-23,Middle and Secondary,govt_aided_schools_with_functional_ict_lab,1,count,UDISE_2022-2023.pdf,163,Number of Government Aided Schools with Middle and Secondary sections having: Functional ICT Labs,Table x.9 col (7)
Haryana,2022-23,Middle and Secondary,govt_schools_with_ict_lab,50.2,percent,UDISE_2022-2023.pdf,163,Percentage of Government Schools with Middle and Secondary sections having: ICT labs,Table x.9 col (8)
Haryana,2022-23,Middle and Secondary,govt_schools_with_functional_ict_lab,39.6,percent,UDISE_2022-2023.pdf,163,Percentage of Government Schools with Middle and Secondary sections having: Functional ICT Labs,Table x.9 col (9)
Haryana,2022-23,Middle and Secondary,govt_aided_schools_with_ict_lab,20,percent,UDISE_2022-2023.pdf,163,Percentage of Government Aided Schools with Middle and Secondary sections having: ICT labs,Table x.9 col (10)
Haryana,2022-23,Middle and Secondary,govt_aided_schools_with_functional_ict_lab,20,percent,UDISE_2022-2023.pdf,163,Percentage of Government Aided Schools with Middle and Secondary sections having: Functional ICT Labs,Table x.9 col (11)
Himachal Pradesh,2022-23,Middle and Secondary,govt_schools_total,4889,count,UDISE_2022-2023.pdf,163,Number of Government Schools with Middle and Secondary sections having: Total,Table x.9 col (2)
Himachal Pradesh,2022-23,Middle and Secondary,govt_schools_with_ict_lab,2196,count,UDISE_2022-2023.pdf,163,Number of Government Schools with Middle and Secondary sections having: ICT labs,Table x.9 col (3)
Himachal Pradesh,2022-23,Middle and Secondary,govt_schools_with_functional_ict_lab,2100,count,UDISE_2022-2023.pdf,163,Number of Government Schools with Middle and Secondary sections having: Functional ICT Labs,Table x.9 col (4)
Himachal Pradesh,2022-23,Middle and Secondary,govt_aided_schools_total,0,count,UDISE_2022-2023.pdf,163,Number of Government Aided Schools with Middle and Secondary sections having: Total,Table x.9 col (5)
Himachal Pradesh,2022-23,Middle and Secondary,govt_aided_schools_with_ict_lab,0,count,UDISE_2022-2023.pdf,163,Number of Government Aided Schools with Middle and Secondary sections having: ICT labs,Table x.9 col (6)
Himachal Pradesh,2022-23,Middle and Secondary,govt_aided_schools_with_functional_ict_lab,0,count,UDISE_2022-2023.pdf,163,Number of Government Aided Schools with Middle and Secondary sections having: Functional ICT Labs,Table x.9 col (7)
Himachal Pradesh,2022-23,Middle and Secondary,govt_schools_with_ict_lab,44.9,percent,UDISE_2022-2023.pdf,163,Percentage of Government Schools with Middle and Secondary sections having: ICT labs,Table x.9 col (8)
Himachal Pradesh,2022-23,Middle and Secondary,govt_schools_with_functional_ict_lab,43,percent,UDISE_2022-2023.pdf,163,Percentage of Government Schools with Middle and Secondary sections having: Functional ICT Labs,Table x.9 col (9)
Himachal Pradesh,2022-23,Middle and Secondary,govt_aided_schools_with_ict_lab,0,percent,UDISE_2022-2023.pdf,163,Percentage of Government Aided Schools with Middle and Secondary sections having: ICT labs,Table x.9 col (10)
Himachal Pradesh,2022-23,Middle and Secondary,govt_aided_schools_with_functional_ict_lab,0,percent,UDISE_2022-2023.pdf,163,Percentage of Government Aided Schools with Middle and Secondary sections having: Functional ICT Labs,Table x.9 col (11)
Jammu & Kashmir,2022-23,Middle and Secondary,govt_schools_total,9818,count,UDISE_2022-2023.pdf,163,Number of Government Schools with Middle and Secondary sections having: Total,Table x.9 col (2)
Jammu & Kashmir,2022-23,Middle and Secondary,govt_schools_with_ict_lab,2513,count,UDISE_2022-2023.pdf,163,Number of Government Schools with Middle and Secondary sections having: ICT labs,Table x.9 col (3)
Jammu & Kashmir,2022-23,Middle and Secondary,govt_schools_with_functional_ict_lab,2161,count,UDISE_2022-2023.pdf,163,Number of Government Schools with Middle and Secondary sections having: Functional ICT Labs,Table x.9 col (4)
Jammu & Kashmir,2022-23,Middle and Secondary,govt_aided_schools_total,1,count,UDISE_2022-2023.pdf,163,Number of Government Aided Schools with Middle and Secondary sections having: Total,Table x.9 col (5)
Jammu & Kashmir,2022-23,Middle and Secondary,govt_aided_schools_with_ict_lab,0,count,UDISE_2022-2023.pdf,163,Number of Government Aided Schools with Middle and Secondary sections having: ICT labs,Table x.9 col (6)
Jammu & Kashmir,2022-23,Middle and Secondary,govt_aided_schools_with_functional_ict_lab,0,count,UDISE_2022-2023.pdf,163,Number of Government Aided Schools with Middle and Secondary sections having: Functional ICT Labs,Table x.9 col (7)
Jammu & Kashmir,2022-23,Middle and Secondary,govt_schools_with_ict_lab,25.6,percent,UDISE_2022-2023.pdf,163,Percentage of Government Schools with Middle and Secondary sections having: ICT labs,Table x.9 col (8)
Jammu & Kashmir,2022-23,Middle and Secondary,govt_schools_with_functional_ict_lab,22,percent,UDISE_2022-2023.pdf,163,Percentage of Government Schools with Middle and Secondary sections having: Functional ICT Labs,Table x.9 col (9)
Jammu & Kashmir,2022-23,Middle and Secondary,govt_aided_schools_with_ict_lab,0,percent,UDISE_2022-2023.pdf,163,Percentage of Government Aided Schools with Middle and Secondary sections having: ICT labs,Table x.9 col (10)
Jammu & Kashmir,2022-23,Middle and Secondary,govt_aided_schools_with_functional_ict_lab,0,percent,UDISE_2022-2023.pdf,163,Percentage of Government Aided Schools with Middle and Secondary sections having: Functional ICT Labs,Table x.9 col (11)
Jharkhand,2022-23,Middle and Secondary,govt_schools_total,14520,count,UDISE_2022-2023.pdf,163,Number of Government Schools with Middle and Secondary sections having: Total,Table x.9 col (2)
Jharkhand,2022-23,Middle and Secondary,govt_schools_with_ict_lab,2277,count,UDISE_2022-2023.pdf,163,Number of Government Schools with Middle and Secondary sections having: ICT labs,Table x.9 col (3)
Jharkhand,2022-23,Middle and Secondary,govt_schools_with_functional_ict_lab,1980,count,UDISE_2022-2023.pdf,163,Number of Government Schools with Middle and Secondary sections having: Functional ICT Labs,Table x.9 col (4)
Jharkhand,2022-23,Middle and Secondary,govt_aided_schools_total,676,count,UDISE_2022-2023.pdf,163,Number of Government Aided Schools with Middle and Secondary sections having: Total,Table x.9 col (5)
Jharkhand,2022-23,Middle and Secondary,govt_aided_schools_with_ict_lab,33,count,UDISE_2022-2023.pdf,163,Number of Government Aided Schools with Middle and Secondary sections having: ICT labs,Table x.9 col (6)
Jharkhand,2022-23,Middle and Secondary,govt_aided_schools_with_functional_ict_lab,31,count,UDISE_2022-2023.pdf,163,Number of Government Aided Schools with Middle and Secondary sections having: Functional ICT Labs,Table x.9 col (7)
Jharkhand,2022-23,Middle and Secondary,govt_schools_with_ict_lab,15.7,percent,UDISE_2022-2023.pdf,163,Percentage of Government Schools with Middle and Secondary sections having: ICT labs,Table x.9 col (8)
Jharkhand,2022-23,Middle and Secondary,govt_schools_with_functional_ict_lab,13.6,percent,UDISE_2022-2023.pdf,163,Percentage of Government Schools with Middle and Secondary sections having: Functional ICT Labs,Table x.9 col (9)
Jharkhand,2022-23,Middle and Secondary,govt_aided_schools_with_ict_lab,4.9,percent,UDISE_2022-2023.pdf,163,Percentage of Government Aided Schools with Middle and Secondary sections having: ICT labs,Table x.9 col (10)
Jharkhand,2022-23,Middle and Secondary,govt_aided_schools_with_functional_ict_lab,4.6,percent,UDISE_2022-2023.pdf,163,Percentage of Government Aided Schools with Middle and Secondary sections having: Functional ICT Labs,Table x.9 col (11)
Karnataka,2022-23,Middle and Secondary,govt_schools_total,28644,count,UDISE_2022-2023.pdf,163,Number of Government Schools with Middle and Secondary sections having: Total,Table x.9 col (2)
Karnataka,2022-23,Middle and Secondary,govt_schools_with_ict_lab,3986,count,UDISE_2022-2023.pdf,163,Number of Government Schools with Middle and Secondary sections having: ICT labs,Table x.9 col (3)
Karnataka,2022-23,Middle and Secondary,govt_schools_with_functional_ict_lab,2252,count,UDISE_2022-2023.pdf,163,Number of Government Schools with Middle and Secondary sections having: Functional ICT Labs,Table x.9 col (4)
Karnataka,2022-23,Middle and Secondary,govt_aided_schools_total,6844,count,UDISE_2022-2023.pdf,163,Number of Government Aided Schools with Middle and Secondary sections having: Total,Table x.9 col (5)
Karnataka,2022-23,Middle and Secondary,govt_aided_schools_with_ict_lab,1146,count,UDISE_2022-2023.pdf,163,Number of Government Aided Schools with Middle and Secondary sections having: ICT labs,Table x.9 col (6)
Karnataka,2022-23,Middle and Secondary,govt_aided_schools_with_functional_ict_lab,288,count,UDISE_2022-2023.pdf,163,Number of Government Aided Schools with Middle and Secondary sections having: Functional ICT Labs,Table x.9 col (7)
Karnataka,2022-23,Middle and Secondary,govt_schools_with_ict_lab,13.9,percent,UDISE_2022-2023.pdf,163,Percentage of Government Schools with Middle and Secondary sections having: ICT labs,Table x.9 col (8)
Karnataka,2022-23,Middle and Secondary,govt_schools_with_functional_ict_lab,7.9,percent,UDISE_2022-2023.pdf,163,Percentage of Government Schools with Middle and Secondary sections having: Functional ICT Labs,Table x.9 col (9)
Karnataka,2022-23,Middle and Secondary,govt_aided_schools_with_ict_lab,16.7,percent,UDISE_2022-2023.pdf,163,Percentage of Government Aided Schools with Middle and Secondary sections having: ICT labs,Table x.9 col (10)
Karnataka,2022-23,Middle and Secondary,govt_aided_schools_with_functional_ict_lab,4.2,percent,UDISE_2022-2023.pdf,163,Percentage of Government Aided Schools with Middle and Secondary sections having: Functional ICT Labs,Table x.9 col (11)
Kerala,2022-23,Middle and Secondary,govt_schools_total,2418,count,UDISE_2022-2023.pdf,163,Number of Government Schools with Middle and Secondary sections having: Total,Table x.9 col (2)
Kerala,2022-23,Middle and Secondary,govt_schools_with_ict_lab,2168,count,UDISE_2022-2023.pdf,163,Number of Government Schools with Middle and Secondary sections having: ICT labs,Table x.9 col (3)
Kerala,2022-23,Middle and Secondary,govt_schools_with_functional_ict_lab,2064,count,UDISE_2022-2023.pdf,163,Number of Government Schools with Middle and Secondary sections having: Functional ICT Labs,Table x.9 col (4)
Kerala,2022-23,Middle and Secondary,govt_aided_schools_total,3807,count,UDISE_2022-2023.pdf,163,Number of Government Aided Schools with Middle and Secondary sections having: Total,Table x.9 col (5)
Kerala,2022-23,Middle and Secondary,govt_aided_schools_with_ict_lab,3509,count,UDISE_2022-2023.pdf,163,Number of Government Aided Schools with Middle and Secondary sections having: ICT labs,Table x.9 col (6)
Kerala,2022-23,Middle and Secondary,govt_aided_schools_with_functional_ict_lab,3357,count,UDISE_2022-2023.pdf,163,Number of Government Aided Schools with Middle and Secondary sections having: Functional ICT Labs,Table x.9 col (7)
Kerala,2022-23,Middle and Secondary,govt_schools_with_ict_lab,89.7,percent,UDISE_2022-2023.pdf,163,Percentage of Government Schools with Middle and Secondary sections having: ICT labs,Table x.9 col (8)
Kerala,2022-23,Middle and Secondary,govt_schools_with_functional_ict_lab,85.4,percent,UDISE_2022-2023.pdf,163,Percentage of Government Schools with Middle and Secondary sections having: Functional ICT Labs,Table x.9 col (9)
Kerala,2022-23,Middle and Secondary,govt_aided_schools_with_ict_lab,92.2,percent,UDISE_2022-2023.pdf,163,Percentage of Government Aided Schools with Middle and Secondary sections having: ICT labs,Table x.9 col (10)
Kerala,2022-23,Middle and Secondary,govt_aided_schools_with_functional_ict_lab,88.2,percent,UDISE_2022-2023.pdf,163,Percentage of Government Aided Schools with Middle and Secondary sections having: Functional ICT Labs,Table x.9 col (11)
Ladakh,2022-23,Middle and Secondary,govt_schools_total,507,count,UDISE_2022-2023.pdf,163,Number of Government Schools with Middle and Secondary sections having: Total,Table x.9 col (2)
Ladakh,2022-23,Middle and Secondary,govt_schools_with_ict_lab,147,count,UDISE_2022-2023.pdf,163,Number of Government Schools with Middle and Secondary sections having: ICT labs,Table x.9 col (3)
Ladakh,2022-23,Middle and Secondary,govt_schools_with_functional_ict_lab,134,count,UDISE_2022-2023.pdf,163,Number of Government Schools with Middle and Secondary sections having: Functional ICT Labs,Table x.9 col (4)
Ladakh,2022-23,Middle and Secondary,govt_aided_schools_total,4,count,UDISE_2022-2023.pdf,163,Number of Government Aided Schools with Middle and Secondary sections having: Total,Table x.9 col (5)
Ladakh,2022-23,Middle and Secondary,govt_aided_schools_with_ict_lab,0,count,UDISE_2022-2023.pdf,163,Number of Government Aided Schools with Middle and Secondary sections having: ICT labs,Table x.9 col (6)
Ladakh,2022-23,Middle and Secondary,govt_aided_schools_with_functional_ict_lab,0,count,UDISE_2022-2023.pdf,163,Number of Government Aided Schools with Middle and Secondary sections having: Functional ICT Labs,Table x.9 col (7)
Ladakh,2022-23,Middle and Secondary,govt_schools_with_ict_lab,29,percent,UDISE_2022-2023.pdf,163,Percentage of Government Schools with Middle and Secondary sections having: ICT labs,Table x.9 col (8)
Ladakh,2022-23,Middle and Secondary,govt_schools_with_functional_ict_lab,26.4,percent,UDISE_2022-2023.pdf,163,Percentage of Government Schools with Middle and Secondary sections having: Functional ICT Labs,Table x.9 col (9)
Ladakh,2022-23,Middle and Secondary,govt_aided_schools_with_ict_lab,0,percent,UDISE_2022-2023.pdf,163,Percentage of Government Aided Schools with Middle and Secondary sections having: ICT labs,Table x.9 col (10)
Ladakh,2022-23,Middle and Secondary,govt_aided_schools_with_functional_ict_lab,0,percent,UDISE_2022-2023.pdf,163,Percentage of Government Aided Schools with Middle and Secondary sections having: Functional ICT Labs,Table x.9 col (11)
Lakshadweep,2022-23,Middle and Secondary,govt_schools_total,22,count,UDISE_2022-2023.pdf,163,Number of Government Schools with Middle and Secondary sections having: Total,Table x.9 col (2)
Lakshadweep,2022-23,Middle and Secondary,govt_schools_with_ict_lab,11,count,UDISE_2022-2023.pdf,163,Number of Government Schools with Middle and Secondary sections having: ICT labs,Table x.9 col (3)
Lakshadweep,2022-23,Middle and Secondary,govt_schools_with_functional_ict_lab,11,count,UDISE_2022-2023.pdf,163,Number of Government Schools with Middle and Secondary sections having: Functional ICT Labs,Table x.9 col (4)
Lakshadweep,2022-23,Middle and Secondary,govt_aided_schools_total,0,count,UDISE_2022-2023.pdf,163,Number of Government Aided Schools with Middle and Secondary sections having: Total,Table x.9 col (5)
Lakshadweep,2022-23,Middle and Secondary,govt_aided_schools_with_ict_lab,0,count,UDISE_2022-2023.pdf,163,Number of Government Aided Schools with Middle and Secondary sections having: ICT labs,Table x.9 col (6)
Lakshadweep,2022-23,Middle and Secondary,govt_aided_schools_with_functional_ict_lab,0,count,UDISE_2022-2023.pdf,163,Number of Government Aided Schools with Middle and Secondary sections having: Functional ICT Labs,Table x.9 col (7)
Lakshadweep,2022-23,Middle and Secondary,govt_schools_with_ict_lab,50,percent,UDISE_2022-2023.pdf,163,Percentage of Government Schools with Middle and Secondary sections having: ICT labs,Table x.9 col (8)
Lakshadweep,2022-23,Middle and Secondary,govt_schools_with_functional_ict_lab,50,percent,UDISE_2022-2023.pdf,163,Percentage of Government Schools with Middle and Secondary sections having: Functional ICT Labs,Table x.9 col (9)
Lakshadweep,2022-23,Middle and Secondary,govt_aided_schools_with_ict_lab,0,percent,UDISE_2022-2023.pdf,163,Percentage of Government Aided Schools with Middle and Secondary sections having: ICT labs,Table x.9 col (10)
Lakshadweep,2022-23,Middle and Secondary,govt_aided_schools_with_functional_ict_lab,0,percent,UDISE_2022-2023.pdf,163,Percentage of Government Aided Schools with Middle and Secondary sections having: Functional ICT Labs,Table x.9 col (11)
Madhya Pradesh,2022-23,Middle and Secondary,govt_schools_total,34210,count,UDISE_2022-2023.pdf,163,Number of Government Schools with Middle and Secondary sections having: Total,Table x.9 col (2)
Madhya Pradesh,2022-23,Middle and Secondary,govt_schools_with_ict_lab,480,count,UDISE_2022-2023.pdf,163,Number of Government Schools with Middle and Secondary sections having: ICT labs,Table x.9 col (3)
Madhya Pradesh,2022-23,Middle and Secondary,govt_schools_with_functional_ict_lab,425,count,UDISE_2022-2023.pdf,163,Number of Government Schools with Middle and Secondary sections having: Functional ICT Labs,Table x.9 col (4)
Madhya Pradesh,2022-23,Middle and Secondary,govt_aided_schools_total,401,count,UDISE_2022-2023.pdf,163,Number of Government Aided Schools with Middle and Secondary sections having: Total,Table x.9 col (5)
Madhya Pradesh,2022-23,Middle and Secondary,govt_aided_schools_with_ict_lab,5,count,UDISE_2022-2023.pdf,163,Number of Government Aided Schools with Middle and Secondary sections having: ICT labs,Table x.9 col (6)
Madhya Pradesh,2022-23,Middle and Secondary,govt_aided_schools_with_functional_ict_lab,2,count,UDISE_2022-2023.pdf,163,Number of Government Aided Schools with Middle and Secondary sections having: Functional ICT Labs,Table x.9 col (7)
Madhya Pradesh,2022-23,Middle and Secondary,govt_schools_with_ict_lab,1.4,percent,UDISE_2022-2023.pdf,163,Percentage of Government Schools with Middle and Secondary sections having: ICT labs,Table x.9 col (8)
Madhya Pradesh,2022-23,Middle and Secondary,govt_schools_with_functional_ict_lab,1.2,percent,UDISE_2022-2023.pdf,163,Percentage of Government Schools with Middle and Secondary sections having: Functional ICT Labs,Table x.9 col (9)
Madhya Pradesh,2022-23,Middle and Secondary,govt_aided_schools_with_ict_lab,1.2,percent,UDISE_2022-2023.pdf,163,Percentage of Government Aided Schools with Middle and Secondary sections having: ICT labs,Table x.9 col (10)
Madhya Pradesh,2022-23,Middle and Secondary,govt_aided_schools_with_functional_ict_lab,0.5,percent,UDISE_2022-2023.pdf,163,Percentage of Government Aided Schools with Middle and Secondary sections having: Functional ICT Labs,Table x.9 col (11)
Maharashtra,2022-23,Middle and Secondary,govt_schools_total,22564,count,UDISE_2022-2023.pdf,163,Number of Government Schools with Middle and Secondary sections having: Total,Table x.9 col (2)
Maharashtra,2022-23,Middle and Secondary,govt_schools_with_ict_lab,1835,count,UDISE_2022-2023.pdf,163,Number of Government Schools with Middle and Secondary sections having: ICT labs,Table x.9 col (3)
Maharashtra,2022-23,Middle and Secondary,govt_schools_with_functional_ict_lab,1381,count,UDISE_2022-2023.pdf,163,Number of Government Schools with Middle and Secondary sections having: Functional ICT Labs,Table x.9 col (4)
Maharashtra,2022-23,Middle and Secondary,govt_aided_schools_total,20818,count,UDISE_2022-2023.pdf,163,Number of Government Aided Schools with Middle and Secondary sections having: Total,Table x.9 col (5)
Maharashtra,2022-23,Middle and Secondary,govt_aided_schools_with_ict_lab,7943,count,UDISE_2022-2023.pdf,163,Number of Government Aided Schools with Middle and Secondary sections having: ICT labs,Table x.9 col (6)
Maharashtra,2022-23,Middle and Secondary,govt_aided_schools_with_functional_ict_lab,6267,count,UDISE_2022-2023.pdf,163,Number of Government Aided Schools with Middle and Secondary sections having: Functional ICT Labs,Table x.9 col (7)
Maharashtra,2022-23,Middle and Secondary,govt_schools_with_ict_lab,8.1,percent,UDISE_2022-2023.pdf,163,Percentage of Government Schools with Middle and Secondary sections having: ICT labs,Table x.9 col (8)
Maharashtra,2022-23,Middle and Secondary,govt_schools_with_functional_ict_lab,6.1,percent,UDISE_2022-2023.pdf,163,Percentage of Government Schools with Middle and Secondary sections having: Functional ICT Labs,Table x.9 col (9)
Maharashtra,2022-23,Middle and Secondary,govt_aided_schools_with_ict_lab,38.2,percent,UDISE_2022-2023.pdf,163,Percentage of Government Aided Schools with Middle and Secondary sections having: ICT labs,Table x.9 col (10)
Maharashtra,2022-23,Middle and Secondary,govt_aided_schools_with_functional_ict_lab,30.1,percent,UDISE_2022-2023.pdf,163,Percentage of Government Aided Schools with Middle and Secondary sections having: Functional ICT Labs,Table x.9 col (11)
Manipur,2022-23,Middle and Secondary,govt_schools_total,980,count,UDISE_2022-2023.pdf,163,Number of Government Schools with Middle and Secondary sections having: Total,Table x.9 col (2)
Manipur,2022-23,Middle and Secondary,govt_schools_with_ict_lab,345,count,UDISE_2022-2023.pdf,163,Number of Government Schools with Middle and Secondary sections having: ICT labs,Table x.9 col (3)
Manipur,2022-23,Middle and Secondary,govt_schools_with_functional_ict_lab,284,count,UDISE_2022-2023.pdf,163,Number of Government Schools with Middle and Secondary sections having: Functional ICT Labs,Table x.9 col (4)
Manipur,2022-23,Middle and Secondary,govt_aided_schools_total,184,count,UDISE_2022-2023.pdf,163,Number of Government Aided Schools with Middle and Secondary sections having: Total,Table x.9 col (5)
Manipur,2022-23,Middle and Secondary,govt_aided_schools_with_ict_lab,14,count,UDISE_2022-2023.pdf,163,Number of Government Aided Schools with Middle and Secondary sections having: ICT labs,Table x.9 col (6)
Manipur,2022-23,Middle and Secondary,govt_aided_schools_with_functional_ict_lab,10,count,UDISE_2022-2023.pdf,163,Number of Government Aided Schools with Middle and Secondary sections having: Functional ICT Labs,Table x.9 col (7)
Manipur,2022-23,Middle and Secondary,govt_schools_with_ict_lab,35.2,percent,UDISE_2022-2023.pdf,163,Percentage of Government Schools with Middle and Secondary sections having: ICT labs,Table x.9 col (8)
Manipur,2022-23,Middle and Secondary,govt_schools_with_functional_ict_lab,29,percent,UDISE_2022-2023.pdf,163,Percentage of Government Schools with Middle and Secondary sections having: Functional ICT Labs,Table x.9 col (9)
Manipur,2022-23,Middle and Secondary,govt_aided_schools_with_ict_lab,7.6,percent,UDISE_2022-2023.pdf,163,Percentage of Government Aided Schools with Middle and Secondary sections having: ICT labs,Table x.9 col (10)
Manipur,2022-23,Middle and Secondary,govt_aided_schools_with_functional_ict_lab,5.4,percent,UDISE_2022-2023.pdf,163,Percentage of Government Aided Schools with Middle and Secondary sections having: Functional ICT Labs,Table x.9 col (11)
Meghalaya,2022-23,Middle and Secondary,govt_schools_total,2354,count,UDISE_2022-2023.pdf,163,Number of Government Schools with Middle and Secondary sections having: Total,Table x.9 col (2)
Meghalaya,2022-23,Middle and Secondary,govt_schools_with_ict_lab,141,count,UDISE_2022-2023.pdf,163,Number of Government Schools with Middle and Secondary sections having: ICT labs,Table x.9 col (3)
Meghalaya,2022-23,Middle and Secondary,govt_schools_with_functional_ict_lab,104,count,UDISE_2022-2023.pdf,163,Number of Government Schools with Middle and Secondary sections having: Functional ICT Labs,Table x.9 col (4)
Meghalaya,2022-23,Middle and Secondary,govt_aided_schools_total,1672,count,UDISE_2022-2023.pdf,163,Number of Government Aided Schools with Middle and Secondary sections having: Total,Table x.9 col (5)
Meghalaya,2022-23,Middle and Secondary,govt_aided_schools_with_ict_lab,253,count,UDISE_2022-2023.pdf,163,Number of Government Aided Schools with Middle and Secondary sections having: ICT labs,Table x.9 col (6)
Meghalaya,2022-23,Middle and Secondary,govt_aided_schools_with_functional_ict_lab,200,count,UDISE_2022-2023.pdf,163,Number of Government Aided Schools with Middle and Secondary sections having: Functional ICT Labs,Table x.9 col (7)
Meghalaya,2022-23,Middle and Secondary,govt_schools_with_ict_lab,6,percent,UDISE_2022-2023.pdf,163,Percentage of Government Schools with Middle and Secondary sections having: ICT labs,Table x.9 col (8)
Meghalaya,2022-23,Middle and Secondary,govt_schools_with_functional_ict_lab,4.4,percent,UDISE_2022-2023.pdf,163,Percentage of Government Schools with Middle and Secondary sections having: Functional ICT Labs,Table x.9 col (9)
Meghalaya,2022-23,Middle and Secondary,govt_aided_schools_with_ict_lab,15.1,percent,UDISE_2022-2023.pdf,163,Percentage of Government Aided Schools with Middle and Secondary sections having: ICT labs,Table x.9 col (10)
Meghalaya,2022-23,Middle and Secondary,govt_aided_schools_with_functional_ict_lab,12,percent,UDISE_2022-2023.pdf,163,Percentage of Government Aided Schools with Middle and Secondary sections having: Functional ICT Labs,Table x.9 col (11)
Mizoram,2022-23,Middle and Secondary,govt_schools_total,1294,count,UDISE_2022-2023.pdf,163,Number of Government Schools with Middle and Secondary sections having: Total,Table x.9 col (2)
Mizoram,2022-23,Middle and Secondary,govt_schools_with_ict_lab,148,count,UDISE_2022-2023.pdf,163,Number of Government Schools with Middle and Secondary sections having: ICT labs,Table x.9 col (3)
Mizoram,2022-23,Middle and Secondary,govt_schools_with_functional_ict_lab,103,count,UDISE_2022-2023.pdf,163,Number of Government Schools with Middle and Secondary sections having: Functional ICT Labs,Table x.9 col (4)
Mizoram,2022-23,Middle and Secondary,govt_aided_schools_total,230,count,UDISE_2022-2023.pdf,163,Number of Government Aided Schools with Middle and Secondary sections having: Total,Table x.9 col (5)
Mizoram,2022-23,Middle and Secondary,govt_aided_schools_with_ict_lab,24,count,UDISE_2022-2023.pdf,163,Number of Government Aided Schools with Middle and Secondary sections having: ICT labs,Table x.9 col (6)
Mizoram,2022-23,Middle and Secondary,govt_aided_schools_with_functional_ict_lab,10,count,UDISE_2022-2023.pdf,163,Number of Government Aided Schools with Middle and Secondary sections having: Functional ICT Labs,Table x.9 col (7)
Mizoram,2022-23,Middle and Secondary,govt_schools_with_ict_lab,11.4,percent,UDISE_2022-2023.pdf,163,Percentage of Government Schools with Middle and Secondary sections having: ICT labs,Table x.9 col (8)
Mizoram,2022-23,Middle and Secondary,govt_schools_with_functional_ict_lab,8,percent,UDISE_2022-2023.pdf,163,Percentage of Government Schools with Middle and Secondary sections having: Functional ICT Labs,Table x.9 col (9)
Mizoram,2022-23,Middle and Secondary,govt_aided_schools_with_ict_lab,10.4,percent,UDISE_2022-2023.pdf,163,Percentage of Government Aided Schools with Middle and Secondary sections having: ICT labs,Table x.9 col (10)
Mizoram,2022-23,Middle and Secondary,govt_aided_schools_with_functional_ict_lab,4.3,percent,UDISE_2022-2023.pdf,163,Percentage of Government Aided Schools with Middle and Secondary sections having: Functional ICT Labs,Table x.9 col (11)
Nagaland,2022-23,Middle and Secondary,govt_schools_total,924,count,UDISE_2022-2023.pdf,163,Number of Government Schools with Middle and Secondary sections having: Total,Table x.9 col (2)
Nagaland,2022-23,Middle and Secondary,govt_schools_with_ict_lab,131,count,UDISE_2022-2023.pdf,163,Number of Government Schools with Middle and Secondary sections having: ICT labs,Table x.9 col (3)
Nagaland,2022-23,Middle and Secondary,govt_schools_with_functional_ict_lab,104,count,UDISE_2022-2023.pdf,163,Number of Government Schools with Middle and Secondary sections having: Functional ICT Labs,Table x.9 col (4)
Nagaland,2022-23,Middle and Secondary,govt_aided_schools_total,0,count,UDISE_2022-2023.pdf,163,Number of Government Aided Schools with Middle and Secondary sections having: Total,Table x.9 col (5)
Nagaland,2022-23,Middle and Secondary,govt_aided_schools_with_ict_lab,0,count,UDISE_2022-2023.pdf,163,Number of Government Aided Schools with Middle and Secondary sections having: ICT labs,Table x.9 col (6)
Nagaland,2022-23,Middle and Secondary,govt_aided_schools_with_functional_ict_lab,0,count,UDISE_2022-2023.pdf,163,Number of Government Aided Schools with Middle and Secondary sections having: Functional ICT Labs,Table x.9 col (7)
Nagaland,2022-23,Middle and Secondary,govt_schools_with_ict_lab,14.2,percent,UDISE_2022-2023.pdf,163,Percentage of Government Schools with Middle and Secondary sections having: ICT labs,Table x.9 col (8)
Nagaland,2022-23,Middle and Secondary,govt_schools_with_functional_ict_lab,11.3,percent,UDISE_2022-2023.pdf,163,Percentage of Government Schools with Middle and Secondary sections having: Functional ICT Labs,Table x.9 col (9)
Nagaland,2022-23,Middle and Secondary,govt_aided_schools_with_ict_lab,0,percent,UDISE_2022-2023.pdf,163,Percentage of Government Aided Schools with Middle and Secondary sections having: ICT labs,Table x.9 col (10)
Nagaland,2022-23,Middle and Secondary,govt_aided_schools_with_functional_ict_lab,0,percent,UDISE_2022-2023.pdf,163,Percentage of Government Aided Schools with Middle and Secondary sections having: Functional ICT Labs,Table x.9 col (11)
Odisha,2022-23,Middle and Secondary,govt_schools_total,21713,count,UDISE_2022-2023.pdf,163,Number of Government Schools with Middle and Secondary sections having: Total,Table x.9 col (2)
Odisha,2022-23,Middle and Secondary,govt_schools_with_ict_lab,6508,count,UDISE_2022-2023.pdf,163,Number of Government Schools with Middle and Secondary sections having: ICT labs,Table x.9 col (3)
Odisha,2022-23,Middle and Secondary,govt_schools_with_functional_ict_lab,4875,count,UDISE_2022-2023.pdf,163,Number of Government Schools with Middle and Secondary sections having: Functional ICT Labs,Table x.9 col (4)
Odisha,2022-23,Middle and Secondary,govt_aided_schools_total,5612,count,UDISE_2022-2023.pdf,163,Number of Government Aided Schools with Middle and Secondary sections having: Total,Table x.9 col (5)
Odisha,2022-23,Middle and Secondary,govt_aided_schools_with_ict_lab,1869,count,UDISE_2022-2023.pdf,163,Number of Government Aided Schools with Middle and Secondary sections having: ICT labs,Table x.9 col (6)
Odisha,2022-23,Middle and Secondary,govt_aided_schools_with_functional_ict_lab,1765,count,UDISE_2022-2023.pdf,163,Number of Government Aided Schools with Middle and Secondary sections having: Functional ICT Labs,Table x.9 col (7)
Odisha,2022-23,Middle and Secondary,govt_schools_with_ict_lab,30,percent,UDISE_2022-2023.pdf,163,Percentage of Government Schools with Middle and Secondary sections having: ICT labs,Table x.9 col (8)
Odisha,2022-23,Middle and Secondary,govt_schools_with_functional_ict_lab,22.5,percent,UDISE_2022-2023.pdf,163,Percentage of Government Schools with Middle and Secondary sections having: Functional ICT Labs,Table x.9 col (9)
Odisha,2022-23,Middle and Secondary,govt_aided_schools_with_ict_lab,33.3,percent,UDISE_2022-2023.pdf,163,Percentage of Government Aided Schools with Middle and Secondary sections having: ICT labs,Table x.9 col (10)
Odisha,2022-23,Middle and Secondary,govt_aided_schools_with_functional_ict_lab,31.5,percent,UDISE_2022-2023.pdf,163,Percentage of Government Aided Schools with Middle and Secondary sections having: Functional ICT Labs,Table x.9 col (11)
Puducherry,2022-23,Middle and Secondary,govt_schools_total,189,count,UDISE_2022-2023.pdf,163,Number of Government Schools with Middle and Secondary sections having: Total,Table x.9 col (2)
Puducherry,2022-23,Middle and Secondary,govt_schools_with_ict_lab,179,count,UDISE_2022-2023.pdf,163,Number of Government Schools with Middle and Secondary sections having: ICT labs,Table x.9 col (3)
Puducherry,2022-23,Middle and Secondary,govt_schools_with_functional_ict_lab,138,count,UDISE_2022-2023.pdf,163,Number of Government Schools with Middle and Secondary sections having: Functional ICT Labs,Table x.9 col (4)
Puducherry,2022-23,Middle and Secondary,govt_aided_schools_total,31,count,UDISE_2022-2023.pdf,163,Number of Government Aided Schools with Middle and Secondary sections having: Total,Table x.9 col (5)
Puducherry,2022-23,Middle and Secondary,govt_aided_schools_with_ict_lab,7,count,UDISE_2022-2023.pdf,163,Number of Government Aided Schools with Middle and Secondary sections having: ICT labs,Table x.9 col (6)
Puducherry,2022-23,Middle and Secondary,govt_aided_schools_with_functional_ict_lab,7,count,UDISE_2022-2023.pdf,163,Number of Government Aided Schools with Middle and Secondary sections having: Functional ICT Labs,Table x.9 col (7)
Puducherry,2022-23,Middle and Secondary,govt_schools_with_ict_lab,94.7,percent,UDISE_2022-2023.pdf,163,Percentage of Government Schools with Middle and Secondary sections having: ICT labs,Table x.9 col (8)
Puducherry,2022-23,Middle and Secondary,govt_schools_with_functional_ict_lab,73,percent,UDISE_2022-2023.pdf,163,Percentage of Government Schools with Middle and Secondary sections having: Functional ICT Labs,Table x.9 col (9)
Puducherry,2022-23,Middle and Secondary,govt_aided_schools_with_ict_lab,22.6,percent,UDISE_2022-2023.pdf,163,Percentage of Government Aided Schools with Middle and Secondary sections having: ICT labs,Table x.9 col (10)
Puducherry,2022-23,Middle and Secondary,govt_aided_schools_with_functional_ict_lab,22.6,percent,UDISE_2022-2023.pdf,163,Percentage of Government Aided Schools with Middle and Secondary sections having: Functional ICT Labs,Table x.9 col (11)
Punjab,2022-23,Middle and Secondary,govt_schools_total,6421,count,UDISE_2022-2023.pdf,163,Number of Government Schools with Middle and Secondary sections having: Total,Table x.9 col (2)
Punjab,2022-23,Middle and Secondary,govt_schools_with_ict_lab,6167,count,UDISE_2022-2023.pdf,163,Number of Government Schools with Middle and Secondary sections having: ICT labs,Table x.9 col (3)
Punjab,2022-23,Middle and Secondary,govt_schools_with_functional_ict_lab,5862,count,UDISE_2022-2023.pdf,163,Number of Government Schools with Middle and Secondary sections having: Functional ICT Labs,Table x.9 col (4)
Punjab,2022-23,Middle and Secondary,govt_aided_schools_total,399,count,UDISE_2022-2023.pdf,163,Number of Government Aided Schools with Middle and Secondary sections having: Total,Table x.9 col (5)
Punjab,2022-23,Middle and Secondary,govt_aided_schools_with_ict_lab,197,count,UDISE_2022-2023.pdf,163,Number of Government Aided Schools with Middle and Secondary sections having: ICT labs,Table x.9 col (6)
Punjab,2022-23,Middle and Secondary,govt_aided_schools_with_functional_ict_lab,191,count,UDISE_2022-2023.pdf,163,Number of Government Aided Schools with Middle and Secondary sections having: Functional ICT Labs,Table x.9 col (7)
Punjab,2022-23,Middle and Secondary,govt_schools_with_ict_lab,96,percent,UDISE_2022-2023.pdf,163,Percentage of Government Schools with Middle and Secondary sections having: ICT labs,Table x.9 col (8)
Punjab,2022-23,Middle and Secondary,govt_schools_with_functional_ict_lab,91.3,percent,UDISE_2022-2023.pdf,163,Percentage of Government Schools with Middle and Secondary sections having: Functional ICT Labs,Table x.9 col (9)
Punjab,2022-23,Middle and Secondary,govt_aided_schools_with_ict_lab,49.4,percent,UDISE_2022-2023.pdf,163,Percentage of Government Aided Schools with Middle and Secondary sections having: ICT labs,Table x.9 col (10)
Punjab,2022-23,Middle and Secondary,govt_aided_schools_with_functional_ict_lab,47.9,percent,UDISE_2022-2023.pdf,163,Percentage of Government Aided Schools with Middle and Secondary sections having: Functional ICT Labs,Table x.9 col (11)
Rajasthan,2022-23,Middle and Secondary,govt_schools_total,36124,count,UDISE_2022-2023.pdf,163,Number of Government Schools with Middle and Secondary sections having: Total,Table x.9 col (2)
Rajasthan,2022-23,Middle and Secondary,govt_schools_with_ict_lab,10963,count,UDISE_2022-2023.pdf,163,Number of Government Schools with Middle and Secondary sections having: ICT labs,Table x.9 col (3)
Rajasthan,2022-23,Middle and Secondary,govt_schools_with_functional_ict_lab,8405,count,UDISE_2022-2023.pdf,163,Number of Government Schools with Middle and Secondary sections having: Functional ICT Labs,Table x.9 col (4)
Rajasthan,2022-23,Middle and Secondary,govt_aided_schools_total,0,count,UDISE_2022-2023.pdf,163,Number of Government Aided Schools with Middle and Secondary sections having: Total,Table x.9 col (5)
Rajasthan,2022-23,Middle and Secondary,govt_aided_schools_with_ict_lab,0,count,UDISE_2022-2023.pdf,163,Number of Government Aided Schools with Middle and Secondary sections having: ICT labs,Table x.9 col (6)
Rajasthan,2022-23,Middle and Secondary,govt_aided_schools_with_functional_ict_lab,0,count,UDISE_2022-2023.pdf,163,Number of Government Aided Schools with Middle and Secondary sections having: Functional ICT Labs,Table x.9 col (7)
Rajasthan,2022-23,Middle and Secondary,govt_schools_with_ict_lab,30.3,percent,UDISE_2022-2023.pdf,163,Percentage of Government Schools with Middle and Secondary sections having: ICT labs,Table x.9 col (8)
Rajasthan,2022-23,Middle and Secondary,govt_schools_with_functional_ict_lab,23.3,percent,UDISE_2022-2023.pdf,163,Percentage of Government Schools with Middle and Secondary sections having: Functional ICT Labs,Table x.9 col (9)
Rajasthan,2022-23,Middle and Secondary,govt_aided_schools_with_ict_lab,0,percent,UDISE_2022-2023.pdf,163,Percentage of Government Aided Schools with Middle and Secondary sections having: ICT labs,Table x.9 col (10)
Rajasthan,2022-23,Middle and Secondary,govt_aided_schools_with_functional_ict_lab,0,percent,UDISE_2022-2023.pdf,163,Percentage of Government Aided Schools with Middle and Secondary sections having: Functional ICT Labs,Table x.9 col (11)
Sikkim,2022-23,Middle and Secondary,govt_schools_total,391,count,UDISE_2022-2023.pdf,163,Number of Government Schools with Middle and Secondary sections having: Total,Table x.9 col (2)
Sikkim,2022-23,Middle and Secondary,govt_schools_with_ict_lab,265,count,UDISE_2022-2023.pdf,163,Number of Government Schools with Middle and Secondary sections having: ICT labs,Table x.9 col (3)
Sikkim,2022-23,Middle and Secondary,govt_schools_with_functional_ict_lab,253,count,UDISE_2022-2023.pdf,163,Number of Government Schools with Middle and Secondary sections having: Functional ICT Labs,Table x.9 col (4)
Sikkim,2022-23,Middle and Secondary,govt_aided_schools_total,13,count,UDISE_2022-2023.pdf,163,Number of Government Aided Schools with Middle and Secondary sections having: Total,Table x.9 col (5)
Sikkim,2022-23,Middle and Secondary,govt_aided_schools_with_ict_lab,7,count,UDISE_2022-2023.pdf,163,Number of Government Aided Schools with Middle and Secondary sections having: ICT labs,Table x.9 col (6)
Sikkim,2022-23,Middle and Secondary,govt_aided_schools_with_functional_ict_lab,7,count,UDISE_2022-2023.pdf,163,Number of Government Aided Schools with Middle and Secondary sections having: Functional ICT Labs,Table x.9 col (7)
Sikkim,2022-23,Middle and Secondary,govt_schools_with_ict_lab,67.8,percent,UDISE_2022-2023.pdf,163,Percentage of Government Schools with Middle and Secondary sections having: ICT labs,Table x.9 col (8)
Sikkim,2022-23,Middle and Secondary,govt_schools_with_functional_ict_lab,64.7,percent,UDISE_2022-2023.pdf,163,Percentage of Government Schools with Middle and Secondary sections having: Functional ICT Labs,Table x.9 col (9)
Sikkim,2022-23,Middle and Secondary,govt_aided_schools_with_ict_lab,53.8,percent,UDISE_2022-2023.pdf,163,Percentage of Government Aided Schools with Middle and Secondary sections having: ICT labs,Table x.9 col (10)
Sikkim,2022-23,Middle and Secondary,govt_aided_schools_with_functional_ict_lab,53.8,percent,UDISE_2022-2023.pdf,163,Percentage of Government Aided Schools with Middle and Secondary sections having: Functional ICT Labs,Table x.9 col (11)
Tamil Nadu,2022-23,Middle and Secondary,govt_schools_total,13311,count,UDISE_2022-2023.pdf,163,Number of Government Schools with Middle and Secondary sections having: Total,Table x.9 col (2)
Tamil Nadu,2022-23,Middle and Secondary,govt_schools_with_ict_lab,5823,count,UDISE_2022-2023.pdf,163,Number of Government Schools with Middle and Secondary sections having: ICT labs,Table x.9 col (3)
Tamil Nadu,2022-23,Middle and Secondary,govt_schools_with_functional_ict_lab,5823,count,UDISE_2022-2023.pdf,163,Number of Government Schools with Middle and Secondary sections having: Functional ICT Labs,Table x.9 col (4)
Tamil Nadu,2022-23,Middle and Secondary,govt_aided_schools_total,3287,count,UDISE_2022-2023.pdf,163,Number of Government Aided Schools with Middle and Secondary sections having: Total,Table x.9 col (5)
Tamil Nadu,2022-23,Middle and Secondary,govt_aided_schools_with_ict_lab,0,count,UDISE_2022-2023.pdf,163,Number of Government Aided Schools with Middle and Secondary sections having: ICT labs,Table x.9 col (6)
Tamil Nadu,2022-23,Middle and Secondary,govt_aided_schools_with_functional_ict_lab,0,count,UDISE_2022-2023.pdf,163,Number of Government Aided Schools with Middle and Secondary sections having: Functional ICT Labs,Table x.9 col (7)
Tamil Nadu,2022-23,Middle and Secondary,govt_schools_with_ict_lab,43.7,percent,UDISE_2022-2023.pdf,163,Percentage of Government Schools with Middle and Secondary sections having: ICT labs,Table x.9 col (8)
Tamil Nadu,2022-23,Middle and Secondary,govt_schools_with_functional_ict_lab,43.7,percent,UDISE_2022-2023.pdf,163,Percentage of Government Schools with Middle and Secondary sections having: Functional ICT Labs,Table x.9 col (9)
Tamil Nadu,2022-23,Middle and Secondary,govt_aided_schools_with_ict_lab,0,percent,UDISE_2022-2023.pdf,163,Percentage of Government Aided Schools with Middle and Secondary sections having: ICT labs,Table x.9 col (10)
Tamil Nadu,2022-23,Middle and Secondary,govt_aided_schools_with_functional_ict_lab,0,percent,UDISE_2022-2023.pdf,163,Percentage of Government Aided Schools with Middle and Secondary sections having: Functional ICT Labs,Table x.9 col (11)
Telangana,2022-23,Middle and Secondary,govt_schools_total,10269,count,UDISE_2022-2023.pdf,163,Number of Government Schools with Middle and Secondary sections having: Total,Table x.9 col (2)
Telangana,2022-23,Middle and Secondary,govt_schools_with_ict_lab,2522,count,UDISE_2022-2023.pdf,163,Number of Government Schools with Middle and Secondary sections having: ICT labs,Table x.9 col (3)
Telangana,2022-23,Middle and Secondary,govt_schools_with_functional_ict_lab,850,count,UDISE_2022-2023.pdf,163,Number of Government Schools with Middle and Secondary sections having: Functional ICT Labs,Table x.9 col (4)
Telangana,2022-23,Middle and Secondary,govt_aided_schools_total,397,count,UDISE_2022-2023.pdf,163,Number of Government Aided Schools with Middle and Secondary sections having: Total,Table x.9 col (5)
Telangana,2022-23,Middle and Secondary,govt_aided_schools_with_ict_lab,3,count,UDISE_2022-2023.pdf,163,Number of Government Aided Schools with Middle and Secondary sections having: ICT labs,Table x.9 col (6)
Telangana,2022-23,Middle and Secondary,govt_aided_schools_with_functional_ict_lab,2,count,UDISE_2022-2023.pdf,163,Number of Government Aided Schools with Middle and Secondary sections having: Functional ICT Labs,Table x.9 col (7)
Telangana,2022-23,Middle and Secondary,govt_schools_with_ict_lab,24.6,percent,UDISE_2022-2023.pdf,163,Percentage of Government Schools with Middle and Secondary sections having: ICT labs,Table x.9 col (8)
Telangana,2022-23,Middle and Secondary,govt_schools_with_functional_ict_lab,8.3,percent,UDISE_2022-2023.pdf,163,Percentage of Government Schools with Middle and Secondary sections having: Functional ICT Labs,Table x.9 col (9)
Telangana,2022-23,Middle and Secondary,govt_aided_schools_with_ict_lab,0.8,percent,UDISE_2022-2023.pdf,163,Percentage of Government Aided Schools with Middle and Secondary sections having: ICT labs,Table x.9 col (10)
Telangana,2022-23,Middle and Secondary,govt_aided_schools_with_functional_ict_lab,0.5,percent,UDISE_2022-2023.pdf,163,Percentage of Government Aided Schools with Middle and Secondary sections having: Functional ICT Labs,Table x.9 col (11)
Tripura,2022-23,Middle and Secondary,govt_schools_total,2134,count,UDISE_2022-2023.pdf,163,Number of Government Schools with Middle and Secondary sections having: Total,Table x.9 col (2)
Tripura,2022-23,Middle and Secondary,govt_schools_with_ict_lab,576,count,UDISE_2022-2023.pdf,163,Number of Government Schools with Middle and Secondary sections having: ICT labs,Table x.9 col (3)
Tripura,2022-23,Middle and Secondary,govt_schools_with_functional_ict_lab,554,count,UDISE_2022-2023.pdf,163,Number of Government Schools with Middle and Secondary sections having: Functional ICT Labs,Table x.9 col (4)
Tripura,2022-23,Middle and Secondary,govt_aided_schools_total,35,count,UDISE_2022-2023.pdf,163,Number of Government Aided Schools with Middle and Secondary sections having: Total,Table x.9 col (5)
Tripura,2022-23,Middle and Secondary,govt_aided_schools_with_ict_lab,6,count,UDISE_2022-2023.pdf,163,Number of Government Aided Schools with Middle and Secondary sections having: ICT labs,Table x.9 col (6)
Tripura,2022-23,Middle and Secondary,govt_aided_schools_with_functional_ict_lab,6,count,UDISE_2022-2023.pdf,163,Number of Government Aided Schools with Middle and Secondary sections having: Functional ICT Labs,Table x.9 col (7)
Tripura,2022-23,Middle and Secondary,govt_schools_with_ict_lab,27,percent,UDISE_2022-2023.pdf,163,Percentage of Government Schools with Middle and Secondary sections having: ICT labs,Table x.9 col (8)
Tripura,2022-23,Middle and Secondary,govt_schools_with_functional_ict_lab,26,percent,UDISE_2022-2023.pdf,163,Percentage of Government Schools with Middle and Secondary sections having: Functional ICT Labs,Table x.9 col (9)
Tripura,2022-23,Middle and Secondary,govt_aided_schools_with_ict_lab,17.1,percent,UDISE_2022-2023.pdf,163,Percentage of Government Aided Schools with Middle and Secondary sections having: ICT labs,Table x.9 col (10)
Tripura,2022-23,Middle and Secondary,govt_aided_schools_with_functional_ict_lab,17.1,percent,UDISE_2022-2023.pdf,163,Percentage of Government Aided Schools with Middle and Secondary sections having: Functional ICT Labs,Table x.9 col (11)
Uttar Pradesh,2022-23,Middle and Secondary,govt_schools_total,49258,count,UDISE_2022-2023.pdf,163,Number of Government Schools with Middle and Secondary sections having: Total,Table x.9 col (2)
Uttar Pradesh,2022-23,Middle and Secondary,govt_schools_with_ict_lab,741,count,UDISE_2022-2023.pdf,163,Number of Government Schools with Middle and Secondary sections having: ICT labs,Table x.9 col (3)
Uttar Pradesh,2022-23,Middle and Secondary,govt_schools_with_functional_ict_lab,548,count,UDISE_2022-2023.pdf,163,Number of Government Schools with Middle and Secondary sections having: Functional ICT Labs,Table x.9 col (4)
Uttar Pradesh,2022-23,Middle and Secondary,govt_aided_schools_total,8128,count,UDISE_2022-2023.pdf,163,Number of Government Aided Schools with Middle and Secondary sections having: Total,Table x.9 col (5)
Uttar Pradesh,2022-23,Middle and Secondary,govt_aided_schools_with_ict_lab,617,count,UDISE_2022-2023.pdf,163,Number of Government Aided Schools with Middle and Secondary sections having: ICT labs,Table x.9 col (6)
Uttar Pradesh,2022-23,Middle and Secondary,govt_aided_schools_with_functional_ict_lab,317,count,UDISE_2022-2023.pdf,163,Number of Government Aided Schools with Middle and Secondary sections having: Functional ICT Labs,Table x.9 col (7)
Uttar Pradesh,2022-23,Middle and Secondary,govt_schools_with_ict_lab,1.5,percent,UDISE_2022-2023.pdf,163,Percentage of Government Schools with Middle and Secondary sections having: ICT labs,Table x.9 col (8)
Uttar Pradesh,2022-23,Middle and Secondary,govt_schools_with_functional_ict_lab,1.1,percent,UDISE_2022-2023.pdf,163,Percentage of Government Schools with Middle and Secondary sections having: Functional ICT Labs,Table x.9 col (9)
Uttar Pradesh,2022-23,Middle and Secondary,govt_aided_schools_with_ict_lab,7.6,percent,UDISE_2022-2023.pdf,163,Percentage of Government Aided Schools with Middle and Secondary sections having: ICT labs,Table x.9 col (10)
Uttar Pradesh,2022-23,Middle and Secondary,govt_aided_schools_with_functional_ict_lab,3.9,percent,UDISE_2022-2023.pdf,163,Percentage of Government Aided Schools with Middle and Secondary sections having: Functional ICT Labs,Table x.9 col (11)
Uttarakhand,2022-23,Middle and Secondary,govt_schools_total,4960,count,UDISE_2022-2023.pdf,163,Number of Government Schools with Middle and Secondary sections having: Total,Table x.9 col (2)
Uttarakhand,2022-23,Middle and Secondary,govt_schools_with_ict_lab,951,count,UDISE_2022-2023.pdf,163,Number of Government Schools with Middle and Secondary sections having: ICT labs,Table x.9 col (3)
Uttarakhand,2022-23,Middle and Secondary,govt_schools_with_functional_ict_lab,881,count,UDISE_2022-2023.pdf,163,Number of Government Schools with Middle and Secondary sections having: Functional ICT Labs,Table x.9 col (4)
Uttarakhand,2022-23,Middle and Secondary,govt_aided_schools_total,604,count,UDISE_2022-2023.pdf,163,Number of Government Aided Schools with Middle and Secondary sections having: Total,Table x.9 col (5)
Uttarakhand,2022-23,Middle and Secondary,govt_aided_schools_with_ict_lab,34,count,UDISE_2022-2023.pdf,163,Number of Government Aided Schools with Middle and Secondary sections having: ICT labs,Table x.9 col (6)
Uttarakhand,2022-23,Middle and Secondary,govt_aided_schools_with_functional_ict_lab,29,count,UDISE_2022-2023.pdf,163,Number of Government Aided Schools with Middle and Secondary sections having: Functional ICT Labs,Table x.9 col (7)
Uttarakhand,2022-23,Middle and Secondary,govt_schools_with_ict_lab,19.2,percent,UDISE_2022-2023.pdf,163,Percentage of Government Schools with Middle and Secondary sections having: ICT labs,Table x.9 col (8)
Uttarakhand,2022-23,Middle and Secondary,govt_schools_with_functional_ict_lab,17.8,percent,UDISE_2022-2023.pdf,163,Percentage of Government Schools with Middle and Secondary sections having: Functional ICT Labs,Table x.9 col (9)
Uttarakhand,2022-23,Middle and Secondary,govt_aided_schools_with_ict_lab,5.6,percent,UDISE_2022-2023.pdf,163,Percentage of Government Aided Schools with Middle and Secondary sections having: ICT labs,Table x.9 col (10)
Uttarakhand,2022-23,Middle and Secondary,govt_aided_schools_with_functional_ict_lab,4.8,percent,UDISE_2022-2023.pdf,163,Percentage of Government Aided Schools with Middle and Secondary sections having: Functional ICT Labs,Table x.9 col (11)
West Bengal,2022-23,Middle and Secondary,govt_schools_total,15674,count,UDISE_2022-2023.pdf,163,Number of Government Schools with Middle and Secondary sections having: Total,Table x.9 col (2)
West Bengal,2022-23,Middle and Secondary,govt_schools_with_ict_lab,8590,count,UDISE_2022-2023.pdf,163,Number of Government Schools with Middle and Secondary sections having: ICT labs,Table x.9 col (3)
West Bengal,2022-23,Middle and Secondary,govt_schools_with_functional_ict_lab,8301,count,UDISE_2022-2023.pdf,163,Number of Government Schools with Middle and Secondary sections having: Functional ICT Labs,Table x.9 col (4)
West Bengal,2022-23,Middle and Secondary,govt_aided_schools_total,43,count,UDISE_2022-2023.pdf,163,Number of Government Aided Schools with Middle and Secondary sections having: Total,Table x.9 col (5)
West Bengal,2022-23,Middle and Secondary,govt_aided_schools_with_ict_lab,4,count,UDISE_2022-2023.pdf,163,Number of Government Aided Schools with Middle and Secondary sections having: ICT labs,Table x.9 col (6)
West Bengal,2022-23,Middle and Secondary,govt_aided_schools_with_functional_ict_lab,4,count,UDISE_2022-2023.pdf,163,Number of Government Aided Schools with Middle and Secondary sections having: Functional ICT Labs,Table x.9 col (7)
West Bengal,2022-23,Middle and Secondary,govt_schools_with_ict_lab,54.8,percent,UDISE_2022-2023.pdf,163,Percentage of Government Schools with Middle and Secondary sections having: ICT labs,Table x.9 col (8)
West Bengal,2022-23,Middle and Secondary,govt_schools_with_functional_ict_lab,53,percent,UDISE_2022-2023.pdf,163,Percentage of Government Schools with Middle and Secondary sections having: Functional ICT Labs,Table x.9 col (9)
West Bengal,2022-23,Middle and Secondary,govt_aided_schools_with_ict_lab,9.3,percent,UDISE_2022-2023.pdf,163,Percentage of Government Aided Schools with Middle and Secondary sections having: ICT labs,Table x.9 col (10)
West Bengal,2022-23,Middle and Secondary,govt_aided_schools_with_functional_ict_lab,9.3,percent,UDISE_2022-2023.pdf,163,Percentage of Government Aided Schools with Middle and Secondary sections having: Functional ICT Labs,Table x.9 col (11)
India,2023-24,All,schools_with_electricity,1350813,count,UDISE_2023-2024.pdf,111,Schools with electricity facility,"Table 7.1 col (7), All management"
India,2023-24,All,schools_with_functional_electricity,1319792,count,UDISE_2023-2024.pdf,111,Schools with functional electricity facility,"Table 7.1 col (12), All management"
Andaman & Nicobar Islands,2023-24,All,schools_with_electricity,384,count,UDISE_2023-2024.pdf,111,Schools with electricity facility,"Table 7.1 col (7), All management"
Andaman & Nicobar Islands,2023-24,All,schools_with_functional_electricity,379,count,UDISE_2023-2024.pdf,111,Schools with functional electricity facility,"Table 7.1 col (12), All management"
Andhra Pradesh,2023-24,All,schools_with_electricity,61238,count,UDISE_2023-2024.pdf,111,Schools with electricity facility,"Table 7.1 col (7), All management"
Andhra Pradesh,2023-24,All,schools_with_functional_electricity,61213,count,UDISE_2023-2024.pdf,111,Schools with functional electricity facility,"Table 7.1 col (12), All management"
Arunachal Pradesh,2023-24,All,schools_with_electricity,2400,count,UDISE_2023-2024.pdf,111,Schools with electricity facility,"Table 7.1 col (7), All management"
Arunachal Pradesh,2023-24,All,schools_with_functional_electricity,2023,count,UDISE_2023-2024.pdf,111,Schools with functional electricity facility,"Table 7.1 col (12), All management"
Assam,2023-24,All,schools_with_electricity,49262,count,UDISE_2023-2024.pdf,111,Schools with electricity facility,"Table 7.1 col (7), All management"
Assam,2023-24,All,schools_with_functional_electricity,48850,count,UDISE_2023-2024.pdf,111,Schools with functional electricity facility,"Table 7.1 col (12), All management"
Bihar,2023-24,All,schools_with_electricity,75545,count,UDISE_2023-2024.pdf,111,Schools with electricity facility,"Table 7.1 col (7), All management"
Bihar,2023-24,All,schools_with_functional_electricity,74183,count,UDISE_2023-2024.pdf,111,Schools with functional electricity facility,"Table 7.1 col (12), All management"
Chandigarh,2023-24,All,schools_with_electricity,230,count,UDISE_2023-2024.pdf,111,Schools with electricity facility,"Table 7.1 col (7), All management"
Chandigarh,2023-24,All,schools_with_functional_electricity,230,count,UDISE_2023-2024.pdf,111,Schools with functional electricity facility,"Table 7.1 col (12), All management"
Chhattisgarh,2023-24,All,schools_with_electricity,53596,count,UDISE_2023-2024.pdf,111,Schools with electricity facility,"Table 7.1 col (7), All management"
Chhattisgarh,2023-24,All,schools_with_functional_electricity,51347,count,UDISE_2023-2024.pdf,111,Schools with functional electricity facility,"Table 7.1 col (12), All management"
Dadra & Nagar Haveli and Daman & Diu,2023-24,All,schools_with_electricity,432,count,UDISE_2023-2024.pdf,111,Schools with electricity facility,"Table 7.1 col (7), All management"
Dadra & Nagar Haveli and Daman & Diu,2023-24,All,schools_with_functional_electricity,432,count,UDISE_2023-2024.pdf,111,Schools with functional electricity facility,"Table 7.1 col (12), All management"
Delhi,2023-24,All,schools_with_electricity,5497,count,UDISE_2023-2024.pdf,111,Schools with electricity facility,"Table 7.1 col (7), All management"
Delhi,2023-24,All,schools_with_functional_electricity,5497,count,UDISE_2023-2024.pdf,111,Schools with functional electricity facility,"Table 7.1 col (12), All management"
Goa,2023-24,All,schools_with_electricity,1487,count,UDISE_2023-2024.pdf,111,Schools with electricity facility,"Table 7.1 col (7), All management"
Goa,2023-24,All,schools_with_functional_electricity,1487,count,UDISE_2023-2024.pdf,111,Schools with functional electricity facility,"Table 7.1 col (12), All management"
Gujarat,2023-24,All,schools_with_electricity,53593,count,UDISE_2023-2024.pdf,111,Schools with electricity facility,"Table 7.1 col (7), All management"
Gujarat,2023-24,All,schools_with_functional_electricity,53579,count,UDISE_2023-2024.pdf,111,Schools with functional electricity facility,"Table 7.1 col (12), All management"
Haryana,2023-24,All,schools_with_electricity,23470,count,UDISE_2023-2024.pdf,111,Schools with electricity facility,"Table 7.1 col (7), All management"
Haryana,2023-24,All,schools_with_functional_electricity,23371,count,UDISE_2023-2024.pdf,111,Schools with functional electricity facility,"Table 7.1 col (12), All management"
Himachal Pradesh,2023-24,All,schools_with_electricity,17750,count,UDISE_2023-2024.pdf,111,Schools with electricity facility,"Table 7.1 col (7), All management"
Himachal Pradesh,2023-24,All,schools_with_functional_electricity,17688,count,UDISE_2023-2024.pdf,111,Schools with functional electricity facility,"Table 7.1 col (12), All management"
Jammu & Kashmir,2023-24,All,schools_with_electricity,22114,count,UDISE_2023-2024.pdf,111,Schools with electricity facility,"Table 7.1 col (7), All management"
Jammu & Kashmir,2023-24,All,schools_with_functional_electricity,20889,count,UDISE_2023-2024.pdf,111,Schools with functional electricity facility,"Table 7.1 col (12), All management"
Jharkhand,2023-24,All,schools_with_electricity,42343,count,UDISE_2023-2024.pdf,111,Schools with electricity facility,"Table 7.1 col (7), All management"
Jharkhand,2023-24,All,schools_with_functional_electricity,40922,count,UDISE_2023-2024.pdf,111,Schools with functional electricity facility,"Table 7.1 col (12), All management"
Karnataka,2023-24,All,schools_with_electricity,75129,count,UDISE_2023-2024.pdf,111,Schools with electricity facility,"Table 7.1 col (7), All management"
Karnataka,2023-24,All,schools_with_functional_electricity,74553,count,UDISE_2023-2024.pdf,111,Schools with functional electricity facility,"Table 7.1 col (12), All management"
Kerala,2023-24,All,schools_with_electricity,15852,count,UDISE_2023-2024.pdf,111,Schools with electricity facility,"Table 7.1 col (7), All management"
Kerala,2023-24,All,schools_with_functional_electricity,15836,count,UDISE_2023-2024.pdf,111,Schools with functional electricity facility,"Table 7.1 col (12), All management"
Ladakh,2023-24,All,schools_with_electricity,791,count,UDISE_2023-2024.pdf,111,Schools with electricity facility,"Table 7.1 col (7), All management"
Ladakh,2023-24,All,schools_with_functional_electricity,736,count,UDISE_2023-2024.pdf,111,Schools with functional electricity facility,"Table 7.1 col (12), All management"
Lakshadweep,2023-24,All,schools_with_electricity,37,count,UDISE_2023-2024.pdf,111,Schools with electricity facility,"Table 7.1 col (7), All management"
Lakshadweep,2023-24,All,schools_with_functional_electricity,37,count,UDISE_2023-2024.pdf,111,Schools with functional electricity facility,"Table 7.1 col (12), All management"
Madhya Pradesh,2023-24,All,schools_with_electricity,110784,count,UDISE_2023-2024.pdf,111,Schools with electricity facility,"Table 7.1 col (7), All management"
Madhya Pradesh,2023-24,All,schools_with_functional_electricity,104902,count,UDISE_2023-2024.pdf,111,Schools with functional electricity facility,"Table 7.1 col (12), All management"
Maharashtra,2023-24,All,schools_with_electricity,102393,count,UDISE_2023-2024.pdf,111,Schools with electricity facility,"Table 7.1 col (7), All management"
Maharashtra,2023-24,All,schools_with_functional_electricity,95148,count,UDISE_2023-2024.pdf,111,Schools with functional electricity facility,"Table 7.1 col (12), All management"
Manipur,2023-24,All,schools_with_electricity,3143,count,UDISE_2023-2024.pdf,111,Schools with electricity facility,"Table 7.1 col (7), All management"
Manipur,2023-24,All,schools_with_functional_electricity,2818,count,UDISE_2023-2024.pdf,111,Schools with functional electricity facility,"Table 7.1 col (12), All management"
Meghalaya,2023-24,All,schools_with_electricity,4284,count,UDISE_2023-2024.pdf,111,Schools with electricity facility,"Table 7.1 col (7), All management"
Meghalaya,2023-24,All,schools_with_functional_electricity,3915,count,UDISE_2023-2024.pdf,111,Schools with functional electricity facility,"Table 7.1 col (12), All management"
Mizoram,2023-24,All,schools_with_electricity,3437,count,UDISE_2023-2024.pdf,111,Schools with electricity facility,"Table 7.1 col (7), All management"
Mizoram,2023-24,All,schools_with_functional_electricity,3234,count,UDISE_2023-2024.pdf,111,Schools with functional electricity facility,"Table 7.1 col (12), All management"
Nagaland,2023-24,All,schools_with_electricity,2208,count,UDISE_2023-2024.pdf,111,Schools with electricity facility,"Table 7.1 col (7), All management"
Nagaland,2023-24,All,schools_with_functional_electricity,1995,count,UDISE_2023-2024.pdf,111,Schools with functional electricity facility,"Table 7.1 col (12), All management"
Odisha,2023-24,All,schools_with_electricity,59511,count,UDISE_2023-2024.pdf,111,Schools with electricity facility,"Table 7.1 col (7), All management"
Odisha,2023-24,All,schools_with_functional_electricity,59076,count,UDISE_2023-2024.pdf,111,Schools with functional electricity facility,"Table 7.1 col (12), All management"
Puducherry,2023-24,All,schools_with_electricity,735,count,UDISE_2023-2024.pdf,111,Schools with electricity facility,"Table 7.1 col (7), All management"
Puducherry,2023-24,All,schools_with_functional_electricity,735,count,UDISE_2023-2024.pdf,111,Schools with functional electricity facility,"Table 7.1 col (12), All management"
Punjab,2023-24,All,schools_with_electricity,27390,count,UDISE_2023-2024.pdf,111,Schools with electricity facility,"Table 7.1 col (7), All management"
Punjab,2023-24,All,schools_with_functional_electricity,27369,count,UDISE_2023-2024.pdf,111,Schools with functional electricity facility,"Table 7.1 col (12), All management"
Rajasthan,2023-24,All,schools_with_electricity,98443,count,UDISE_2023-2024.pdf,111,Schools with electricity facility,"Table 7.1 col (7), All management"
Rajasthan,2023-24,All,schools_with_functional_electricity,97294,count,UDISE_2023-2024.pdf,111,Schools with functional electricity facility,"Table 7.1 col (12), All management"
Sikkim,2023-24,All,schools_with_electricity,1239,count,UDISE_2023-2024.pdf,111,Schools with electricity facility,"Table 7.1 col (7), All management"
Sikkim,2023-24,All,schools_with_functional_electricity,1216,count,UDISE_2023-2024.pdf,111,Schools with functional electricity facility,"Table 7.1 col (12), All management"
Tamil Nadu,2023-24,All,schools_with_electricity,58106,count,UDISE_2023-2024.pdf,111,Schools with electricity facility,"Table 7.1 col (7), All management"
Tamil Nadu,2023-24,All,schools_with_functional_electricity,58106,count,UDISE_2023-2024.pdf,111,Schools with functional electricity facility,"Table 7.1 col (12), All management"
Telangana,2023-24,All,schools_with_electricity,40836,count,UDISE_2023-2024.pdf,111,Schools with electricity facility,"Table 7.1 col (7), All management"
Telangana,2023-24,All,schools_with_functional_electricity,39535,count,UDISE_2023-2024.pdf,111,Schools with functional electricity facility,"Table 7.1 col (12), All management"
Tripura,2023-24,All,schools_with_electricity,3899,count,UDISE_2023-2024.pdf,111,Schools with electricity facility,"Table 7.1 col (7), All management"
Tripura,2023-24,All,schools_with_functional_electricity,3748,count,UDISE_2023-2024.pdf,111,Schools with functional electricity facility,"Table 7.1 col (12), All management"
Uttar Pradesh,2023-24,All,schools_with_electricity,220366,count,UDISE_2023-2024.pdf,111,Schools with electricity facility,"Table 7.1 col (7), All management"
Uttar Pradesh,2023-24,All,schools_with_functional_electricity,215965,count,UDISE_2023-2024.pdf,111,Schools with functional electricity facility,"Table 7.1 col (12), All management"
Uttarakhand,2023-24,All,schools_with_electricity,20818,count,UDISE_2023-2024.pdf,111,Schools with electricity facility,"Table 7.1 col (7), All management"
Uttarakhand,2023-24,All,schools_with_functional_electricity,20348,count,UDISE_2023-2024.pdf,111,Schools with functional electricity facility,"Table 7.1 col (12), All management"
West Bengal,2023-24,All,schools_with_electricity,92071,count,UDISE_2023-2024.pdf,111,Schools with electricity facility,"Table 7.1 col (7), All management"
West Bengal,2023-24,All,schools_with_functional_electricity,91136,count,UDISE_2023-2024.pdf,111,Schools with functional electricity facility,"Table 7.1 col (12), All management"
India,2023-24,All,schools_with_electricity,91.8,percent,UDISE_2023-2024.pdf,112,Percentage of Schools with electricity connection,"Table 7.1 (continued) col (17), All management"
India,2023-24,All,schools_with_functional_electricity,89.7,percent,UDISE_2023-2024.pdf,112,Percentage of Schools with functional electricity connection,"Table 7.1 (continued) col (22), All management"
Andaman & Nicobar Islands,2023-24,All,schools_with_electricity,93.2,percent,UDISE_2023-2024.pdf,112,Percentage of Schools with electricity connection,"Table 7.1 (continued) col (17), All management"
Andaman & Nicobar Islands,2023-24,All,schools_with_functional_electricity,92,percent,UDISE_2023-2024.pdf,112,Percentage of Schools with functional electricity connection,"Table 7.1 (continued) col (22), All management"
Andhra Pradesh,2023-24,All,schools_with_electricity,99.8,percent,UDISE_2023-2024.pdf,112,Percentage of Schools with electricity connection,"Table 7.1 (continued) col (17), All management"
Andhra Pradesh,2023-24,All,schools_with_functional_electricity,99.7,percent,UDISE_2023-2024.pdf,112,Percentage of Schools with functional electricity connection,"Table 7.1 (continued) col (22), All management"
Arunachal Pradesh,2023-24,All,schools_with_electricity,68.8,percent,UDISE_2023-2024.pdf,112,Percentage of Schools with electricity connection,"Table 7.1 (continued) col (17), All management"
Arunachal Pradesh,2023-24,All,schools_with_functional_electricity,58,percent,UDISE_2023-2024.pdf,112,Percentage of Schools with functional electricity connection,"Table 7.1 (continued) col (22), All management"
Assam,2023-24,All,schools_with_electricity,87,percent,UDISE_2023-2024.pdf,112,Percentage of Schools with electricity connection,"Table 7.1 (continued) col (17), All management"
Assam,2023-24,All,schools_with_functional_electricity,86.3,percent,UDISE_2023-2024.pdf,112,Percentage of Schools with functional electricity connection,"Table 7.1 (continued) col (22), All management"
Bihar,2023-24,All,schools_with_electricity,79.8,percent,UDISE_2023-2024.pdf,112,Percentage of Schools with electricity connection,"Table 7.1 (continued) col (17), All management"
Bihar,2023-24,All,schools_with_functional_electricity,78.3,percent,UDISE_2023-2024.pdf,112,Percentage of Schools with functional electricity connection,"Table 7.1 (continued) col (22), All management"
Chandigarh,2023-24,All,schools_with_electricity,100,percent,UDISE_2023-2024.pdf,112,Percentage of Schools with electricity connection,"Table 7.1 (continued) col (17), All management"
Chandigarh,2023-24,All,schools_with_functional_electricity,100,percent,UDISE_2023-2024.pdf,112,Percentage of Schools with functional electricity connection,"Table 7.1 (continued) col (22), All management"
Chhattisgarh,2023-24,All,schools_with_electricity,94.7,percent,UDISE_2023-2024.pdf,112,Percentage of Schools with electricity connection,"Table 7.1 (continued) col (17), All management"
Chhattisgarh,2023-24,All,schools_with_functional_electricity,90.7,percent,UDISE_2023-2024.pdf,112,Percentage of Schools with functional electricity connection,"Table 7.1 (continued) col (22), All management"
Dadra & Nagar Haveli and Daman & Diu,2023-24,All,schools_with_electricity,100,percent,UDISE_2023-2024.pdf,112,Percentage of Schools with electricity connection,"Table 7.1 (continued) col (17), All management"
Dadra & Nagar Haveli and Daman & Diu,2023-24,All,schools_with_functional_electricity,100,percent,UDISE_2023-2024.pdf,112,Percentage of Schools with functional electricity connection,"Table 7.1 (continued) col (22), All management"
Delhi,2023-24,All,schools_with_electricity,100,percent,UDISE_2023-2024.pdf,112,Percentage of Schools with electricity connection,"Table 7.1 (continued) col (17), All management"
Delhi,2023-24,All,schools_with_functional_electricity,100,percent,UDISE_2023-2024.pdf,112,Percentage of Schools with functional electricity connection,"Table 7.1 (continued) col (22), All management"
Goa,2023-24,All,schools_with_electricity,100,percent,UDISE_2023-2024.pdf,112,Percentage of Schools with electricity connection,"Table 7.1 (continued) col (17), All management"
Goa,2023-24,All,schools_with_functional_electricity,100,percent,UDISE_2023-2024.pdf,112,Percentage of Schools with functional electricity connection,"Table 7.1 (continued) col (22), All management"
Gujarat,2023-24,All,schools_with_electricity,99.9,percent,UDISE_2023-2024.pdf,112,Percentage of Schools with electricity connection,"Table 7.1 (continued) col (17), All management"
Gujarat,2023-24,All,schools_with_functional_electricity,99.9,percent,UDISE_2023-2024.pdf,112,Percentage of Schools with functional electricity connection,"Table 7.1 (continued) col (22), All management"
Haryana,2023-24,All,schools_with_electricity,99.8,percent,UDISE_2023-2024.pdf,112,Percentage of Schools with electricity connection,"Table 7.1 (continued) col (17), All management"
Haryana,2023-24,All,schools_with_functional_electricity,99.4,percent,UDISE_2023-2024.pdf,112,Percentage of Schools with functional electricity connection,"Table 7.1 (continued) col (22), All management"
Himachal Pradesh,2023-24,All,schools_with_electricity,99.6,percent,UDISE_2023-2024.pdf,112,Percentage of Schools with electricity connection,"Table 7.1 (continued) col (17), All management"
Himachal Pradesh,2023-24,All,schools_with_functional_electricity,99.2,percent,UDISE_2023-2024.pdf,112,Percentage of Schools with functional electricity connection,"Table 7.1 (continued) col (22), All management"
Jammu & Kashmir,2023-24,All,schools_with_electricity,91,percent,UDISE_2023-2024.pdf,112,Percentage of Schools with electricity connection,"Table 7.1 (continued) col (17), All management"
Jammu & Kashmir,2023-24,All,schools_with_functional_electricity,86,percent,UDISE_2023-2024.pdf,112,Percentage of Schools with functional electricity connection,"Table 7.1 (continued) col (22), All management"
Jharkhand,2023-24,All,schools_with_electricity,95.2,percent,UDISE_2023-2024.pdf,112,Percentage of Schools with electricity connection,"Table 7.1 (continued) col (17), All management"
Jharkhand,2023-24,All,schools_with_functional_electricity,92,percent,UDISE_2023-2024.pdf,112,Percentage of Schools with functional electricity connection,"Table 7.1 (continued) col (22), All management"
Karnataka,2023-24,All,schools_with_electricity,99,percent,UDISE_2023-2024.pdf,112,Percentage of Schools with electricity connection,"Table 7.1 (continued) col (17), All management"
Karnataka,2023-24,All,schools_with_functional_electricity,98.3,percent,UDISE_2023-2024.pdf,112,Percentage of Schools with functional electricity connection,"Table 7.1 (continued) col (22), All management"
Kerala,2023-24,All,schools_with_electricity,99.9,percent,UDISE_2023-2024.pdf,112,Percentage of Schools with electricity connection,"Table 7.1 (continued) col (17), All management"
Kerala,2023-24,All,schools_with_functional_electricity,99.8,percent,UDISE_2023-2024.pdf,112,Percentage of Schools with functional electricity connection,"Table 7.1 (continued) col (22), All management"
Ladakh,2023-24,All,schools_with_electricity,79.5,percent,UDISE_2023-2024.pdf,112,Percentage of Schools with electricity connection,"Table 7.1 (continued) col (17), All management"
Ladakh,2023-24,All,schools_with_functional_electricity,74,percent,UDISE_2023-2024.pdf,112,Percentage of Schools with functional electricity connection,"Table 7.1 (continued) col (22), All management"
Lakshadweep,2023-24,All,schools_with_electricity,100,percent,UDISE_2023-2024.pdf,112,Percentage of Schools with electricity connection,"Table 7.1 (continued) col (17), All management"
Lakshadweep,2023-24,All,schools_with_functional_electricity,100,percent,UDISE_2023-2024.pdf,112,Percentage of Schools with functional electricity connection,"Table 7.1 (continued) col (22), All management"
Madhya Pradesh,2023-24,All,schools_with_electricity,89.8,percent,UDISE_2023-2024.pdf,112,Percentage of Schools with electricity connection,"Table 7.1 (continued) col (17), All management"
Madhya Pradesh,2023-24,All,schools_with_functional_electricity,85,percent,UDISE_2023-2024.pdf,112,Percentage of Schools with functional electricity connection,"Table 7.1 (continued) col (22), All management"
Maharashtra,2023-24,All,schools_with_electricity,94.6,percent,UDISE_2023-2024.pdf,112,Percentage of Schools with electricity connection,"Table 7.1 (continued) col (17), All management"
Maharashtra,2023-24,All,schools_with_functional_electricity,87.9,percent,UDISE_2023-2024.pdf,112,Percentage of Schools with functional electricity connection,"Table 7.1 (continued) col (22), All management"
Manipur,2023-24,All,schools_with_electricity,67.6,percent,UDISE_2023-2024.pdf,112,Percentage of Schools with electricity connection,"Table 7.1 (continued) col (17), All management"
Manipur,2023-24,All,schools_with_functional_electricity,60.7,percent,UDISE_2023-2024.pdf,112,Percentage of Schools with functional electricity connection,"Table 7.1 (continued) col (22), All management"
Meghalaya,2023-24,All,schools_with_electricity,29.3,percent,UDISE_2023-2024.pdf,112,Percentage of Schools with electricity connection,"Table 7.1 (continued) col (17), All management"
Meghalaya,2023-24,All,schools_with_functional_electricity,26.8,percent,UDISE_2023-2024.pdf,112,Percentage of Schools with functional electricity connection,"Table 7.1 (continued) col (22), All management"
Mizoram,2023-24,All,schools_with_electricity,87.2,percent,UDISE_2023-2024.pdf,112,Percentage of Schools with electricity connection,"Table 7.1 (continued) col (17), All management"
Mizoram,2023-24,All,schools_with_functional_electricity,82.1,percent,UDISE_2023-2024.pdf,112,Percentage of Schools with functional electricity connection,"Table 7.1 (continued) col (22), All management"
Nagaland,2023-24,All,schools_with_electricity,81,percent,UDISE_2023-2024.pdf,112,Percentage of Schools with electricity connection,"Table 7.1 (continued) col (17), All management"
Nagaland,2023-24,All,schools_with_functional_electricity,73.2,percent,UDISE_2023-2024.pdf,112,Percentage of Schools with functional electricity connection,"Table 7.1 (continued) col (22), All management"
Odisha,2023-24,All,schools_with_electricity,96.5,percent,UDISE_2023-2024.pdf,112,Percentage of Schools with electricity connection,"Table 7.1 (continued) col (17), All management"
Odisha,2023-24,All,schools_with_functional_electricity,95.8,percent,UDISE_2023-2024.pdf,112,Percentage of Schools with functional electricity connection,"Table 7.1 (continued) col (22), All management"
Puducherry,2023-24,All,schools_with_electricity,100,percent,UDISE_2023-2024.pdf,112,Percentage of Schools with electricity connection,"Table 7.1 (continued) col (17), All management"
Puducherry,2023-24,All,schools_with_functional_electricity,100,percent,UDISE_2023-2024.pdf,112,Percentage of Schools with functional electricity connection,"Table 7.1 (continued) col (22), All management"
Punjab,2023-24,All,schools_with_electricity,99.9,percent,UDISE_2023-2024.pdf,112,Percentage of Schools with electricity connection,"Table 7.1 (continued) col (17), All management"
Punjab,2023-24,All,schools_with_functional_electricity,99.9,percent,UDISE_2023-2024.pdf,112,Percentage of Schools with functional electricity connection,"Table 7.1 (continued) col (22), All management"
Rajasthan,2023-24,All,schools_with_electricity,91.4,percent,UDISE_2023-2024.pdf,112,Percentage of Schools with electricity connection,"Table 7.1 (continued) col (17), All management"
Rajasthan,2023-24,All,schools_with_functional_electricity,90.3,percent,UDISE_2023-2024.pdf,112,Percentage of Schools with functional electricity connection,"Table 7.1 (continued) col (22), All management"
Sikkim,2023-24,All,schools_with_electricity,98.8,percent,UDISE_2023-2024.pdf,112,Percentage of Schools with electricity connection,"Table 7.1 (continued) col (17), All management"
Sikkim,2023-24,All,schools_with_functional_electricity,97,percent,UDISE_2023-2024.pdf,112,Percentage of Schools with functional electricity connection,"Table 7.1 (continued) col (22), All management"
Tamil Nadu,2023-24,All,schools_with_electricity,99,percent,UDISE_2023-2024.pdf,112,Percentage of Schools with electricity connection,"Table 7.1 (continued) col (17), All management"
Tamil Nadu,2023-24,All,schools_with_functional_electricity,99,percent,UDISE_2023-2024.pdf,112,Percentage of Schools with functional electricity connection,"Table 7.1 (continued) col (22), All management"
Telangana,2023-24,All,schools_with_electricity,95.2,percent,UDISE_2023-2024.pdf,112,Percentage of Schools with electricity connection,"Table 7.1 (continued) col (17), All management"
Telangana,2023-24,All,schools_with_functional_electricity,92.2,percent,UDISE_2023-2024.pdf,112,Percentage of Schools with functional electricity connection,"Table 7.1 (continued) col (22), All management"
Tripura,2023-24,All,schools_with_electricity,79.2,percent,UDISE_2023-2024.pdf,112,Percentage of Schools with electricity connection,"Table 7.1 (continued) col (17), All management"
Tripura,2023-24,All,schools_with_functional_electricity,76.1,percent,UDISE_2023-2024.pdf,112,Percentage of Schools with functional electricity connection,"Table 7.1 (continued) col (22), All management"
Uttar Pradesh,2023-24,All,schools_with_electricity,86.4,percent,UDISE_2023-2024.pdf,112,Percentage of Schools with electricity connection,"Table 7.1 (continued) col (17), All management"
Uttar Pradesh,2023-24,All,schools_with_functional_electricity,84.7,percent,UDISE_2023-2024.pdf,112,Percentage of Schools with functional electricity connection,"Table 7.1 (continued) col (22), All management"
Uttarakhand,2023-24,All,schools_with_electricity,92.3,percent,UDISE_2023-2024.pdf,112,Percentage of Schools with electricity connection,"Table 7.1 (continued) col (17), All management"
Uttarakhand,2023-24,All,schools_with_functional_electricity,90.2,percent,UDISE_2023-2024.pdf,112,Percentage of Schools with functional electricity connection,"Table 7.1 (continued) col (22), All management"
West Bengal,2023-24,All,schools_with_electricity,98,percent,UDISE_2023-2024.pdf,112,Percentage of Schools with electricity connection,"Table 7.1 (continued) col (17), All management"
West Bengal,2023-24,All,schools_with_functional_electricity,97,percent,UDISE_2023-2024.pdf,112,Percentage of Schools with functional electricity connection,"Table 7.1 (continued) col (22), All management"
India,2023-24,All,schools_total,1471891,count,UDISE_2023-2024.pdf,124,Total Schools,"Table 7.9 col (2), All management"
India,2023-24,All,schools_with_computer,841327,count,UDISE_2023-2024.pdf,124,Schools with computer facility,"Table 7.9 col (7), All management"
India,2023-24,All,schools_with_computer,57.2,percent,UDISE_2023-2024.pdf,124,Percentage of Schools with computer facility,"Table 7.9 col (12), All management"
Andaman & Nicobar Islands,2023-24,All,schools_total,412,count,UDISE_2023-2024.pdf,124,Total Schools,"Table 7.9 col (2), All management"
Andaman & Nicobar Islands,2023-24,All,schools_with_computer,283,count,UDISE_2023-2024.pdf,124,Schools with computer facility,"Table 7.9 col (7), All management"
Andaman & Nicobar Islands,2023-24,All,schools_with_computer,68.7,percent,UDISE_2023-2024.pdf,124,Percentage of Schools with computer facility,"Table 7.9 col (12), All management"
Andhra Pradesh,2023-24,All,schools_total,61373,count,UDISE_2023-2024.pdf,124,Total Schools,"Table 7.9 col (2), All management"
Andhra Pradesh,2023-24,All,schools_with_computer,53556,count,UDISE_2023-2024.pdf,124,Schools with computer facility,"Table 7.9 col (7), All management"
Andhra Pradesh,2023-24,All,schools_with_computer,87.3,percent,UDISE_2023-2024.pdf,124,Percentage of Schools with computer facility,"Table 7.9 col (12), All management"
Arunachal Pradesh,2023-24,All,schools_total,3490,count,UDISE_2023-2024.pdf,124,Total Schools,"Table 7.9 col (2), All management"
Arunachal Pradesh,2023-24,All,schools_with_computer,1487,count,UDISE_2023-2024.pdf,124,Schools with computer facility,"Table 7.9 col (7), All management"
Arunachal Pradesh,2023-24,All,schools_with_computer,42.6,percent,UDISE_2023-2024.pdf,124,Percentage of Schools with computer facility,"Table 7.9 col (12), All management"
Assam,2023-24,All,schools_total,56630,count,UDISE_2023-2024.pdf,124,Total Schools,"Table 7.9 col (2), All management"
Assam,2023-24,All,schools_with_computer,38463,count,UDISE_2023-2024.pdf,124,Schools with computer facility,"Table 7.9 col (7), All management"
Assam,2023-24,All,schools_with_computer,67.9,percent,UDISE_2023-2024.pdf,124,Percentage of Schools with computer facility,"Table 7.9 col (12), All management"
Bihar,2023-24,All,schools_total,94686,count,UDISE_2023-2024.pdf,124,Total Schools,"Table 7.9 col (2), All management"
Bihar,2023-24,All,schools_with_computer,18585,count,UDISE_2023-2024.pdf,124,Schools with computer facility,"Table 7.9 col (7), All management"
Bihar,2023-24,All,schools_with_computer,19.6,percent,UDISE_2023-2024.pdf,124,Percentage of Schools with computer facility,"Table 7.9 col (12), All management"
Chandigarh,2023-24,All,schools_total,230,count,UDISE_2023-2024.pdf,124,Total Schools,"Table 7.9 col (2), All management"
Chandigarh,2023-24,All,schools_with_computer,230,count,UDISE_2023-2024.pdf,124,Schools with computer facility,"Table 7.9 col (7), All management"
Chandigarh,2023-24,All,schools_with_computer,100,percent,UDISE_2023-2024.pdf,124,Percentage of Schools with computer facility,"Table 7.9 col (12), All management"
Chhattisgarh,2023-24,All,schools_total,56615,count,UDISE_2023-2024.pdf,124,Total Schools,"Table 7.9 col (2), All management"
Chhattisgarh,2023-24,All,schools_with_computer,38094,count,UDISE_2023-2024.pdf,124,Schools with computer facility,"Table 7.9 col (7), All management"
Chhattisgarh,2023-24,All,schools_with_computer,67.3,percent,UDISE_2023-2024.pdf,124,Percentage of Schools with computer facility,"Table 7.9 col (12), All management"
Dadra & Nagar Haveli and Daman & Diu,2023-24,All,schools_total,432,count,UDISE_2023-2024.pdf,124,Total Schools,"Table 7.9 col (2), All management"
Dadra & Nagar Haveli and Daman & Diu,2023-24,All,schools_with_computer,419,count,UDISE_2023-2024.pdf,124,Schools with computer facility,"Table 7.9 col (7), All management"
Dadra & Nagar Haveli and Daman & Diu,2023-24,All,schools_with_computer,97,percent,UDISE_2023-2024.pdf,124,Percentage of Schools with computer facility,"Table 7.9 col (12), All management"
Delhi,2023-24,All,schools_total,5497,count,UDISE_2023-2024.pdf,124,Total Schools,"Table 7.9 col (2), All management"
Delhi,2023-24,All,schools_with_computer,5495,count,UDISE_2023-2024.pdf,124,Schools with computer facility,"Table 7.9 col (7), All management"
Delhi,2023-24,All,schools_with_computer,100,percent,UDISE_2023-2024.pdf,124,Percentage of Schools with computer facility,"Table 7.9 col (12), All management"
Goa,2023-24,All,schools_total,1487,count,UDISE_2023-2024.pdf,124,Total Schools,"Table 7.9 col (2), All management"
Goa,2023-24,All,schools_with_computer,836,count,UDISE_2023-2024.pdf,124,Schools with computer facility,"Table 7.9 col (7), All management"
Goa,2023-24,All,schools_with_computer,56.2,percent,UDISE_2023-2024.pdf,124,Percentage of Schools with computer facility,"Table 7.9 col (12), All management"
Gujarat,2023-24,All,schools_total,53626,count,UDISE_2023-2024.pdf,124,Total Schools,"Table 7.9 col (2), All management"
Gujarat,2023-24,All,schools_with_computer,52543,count,UDISE_2023-2024.pdf,124,Schools with computer facility,"Table 7.9 col (7), All management"
Gujarat,2023-24,All,schools_with_computer,98,percent,UDISE_2023-2024.pdf,124,Percentage of Schools with computer facility,"Table 7.9 col (12), All management"
Haryana,2023-24,All,schools_total,23517,count,UDISE_2023-2024.pdf,124,Total Schools,"Table 7.9 col (2), All management"
Haryana,2023-24,All,schools_with_computer,22721,count,UDISE_2023-2024.pdf,124,Schools with computer facility,"Table 7.9 col (7), All management"
Haryana,2023-24,All,schools_with_computer,96.6,percent,UDISE_2023-2024.pdf,124,Percentage of Schools with computer facility,"Table 7.9 col (12), All management"
Himachal Pradesh,2023-24,All,schools_total,17826,count,UDISE_2023-2024.pdf,124,Total Schools,"Table 7.9 col (2), All management"
Himachal Pradesh,2023-24,All,schools_with_computer,8460,count,UDISE_2023-2024.pdf,124,Schools with computer facility,"Table 7.9 col (7), All management"
Himachal Pradesh,2023-24,All,schools_with_computer,47.5,percent,UDISE_2023-2024.pdf,124,Percentage of Schools with computer facility,"Table 7.9 col (12), All management"
Jammu & Kashmir,2023-24,All,schools_total,24296,count,UDISE_2023-2024.pdf,124,Total Schools,"Table 7.9 col (2), All management"
Jammu & Kashmir,2023-24,All,schools_with_computer,10055,count,UDISE_2023-2024.pdf,124,Schools with computer facility,"Table 7.9 col (7), All management"
Jammu & Kashmir,2023-24,All,schools_with_computer,41.4,percent,UDISE_2023-2024.pdf,124,Percentage of Schools with computer facility,"Table 7.9 col (12), All management"
Jharkhand,2023-24,All,schools_total,44475,count,UDISE_2023-2024.pdf,124,Total Schools,"Table 7.9 col (2), All management"
Jharkhand,2023-24,All,schools_with_computer,33472,count,UDISE_2023-2024.pdf,124,Schools with computer facility,"Table 7.9 col (7), All management"
Jharkhand,2023-24,All,schools_with_computer,75.3,percent,UDISE_2023-2024.pdf,124,Percentage of Schools with computer facility,"Table 7.9 col (12), All management"
Karnataka,2023-24,All,schools_total,75869,count,UDISE_2023-2024.pdf,124,Total Schools,"Table 7.9 col (2), All management"
Karnataka,2023-24,All,schools_with_computer,40121,count,UDISE_2023-2024.pdf,124,Schools with computer facility,"Table 7.9 col (7), All management"
Karnataka,2023-24,All,schools_with_computer,52.9,percent,UDISE_2023-2024.pdf,124,Percentage of Schools with computer facility,"Table 7.9 col (12), All management"
Kerala,2023-24,All,schools_total,15864,count,UDISE_2023-2024.pdf,124,Total Schools,"Table 7.9 col (2), All management"
Kerala,2023-24,All,schools_with_computer,15774,count,UDISE_2023-2024.pdf,124,Schools with computer facility,"Table 7.9 col (7), All management"
Kerala,2023-24,All,schools_with_computer,99.4,percent,UDISE_2023-2024.pdf,124,Percentage of Schools with computer facility,"Table 7.9 col (12), All management"
Ladakh,2023-24,All,schools_total,995,count,UDISE_2023-2024.pdf,124,Total Schools,"Table 7.9 col (2), All management"
Ladakh,2023-24,All,schools_with_computer,527,count,UDISE_2023-2024.pdf,124,Schools with computer facility,"Table 7.9 col (7), All management"
Ladakh,2023-24,All,schools_with_computer,53,percent,UDISE_2023-2024.pdf,124,Percentage of Schools with computer facility,"Table 7.9 col (12), All management"
Lakshadweep,2023-24,All,schools_total,37,count,UDISE_2023-2024.pdf,124,Total Schools,"Table 7.9 col (2), All management"
Lakshadweep,2023-24,All,schools_with_computer,37,count,UDISE_2023-2024.pdf,124,Schools with computer facility,"Table 7.9 col (7), All management"
Lakshadweep,2023-24,All,schools_with_computer,100,percent,UDISE_2023-2024.pdf,124,Percentage of Schools with computer facility,"Table 7.9 col (12), All management"
Madhya Pradesh,2023-24,All,schools_total,123412,count,UDISE_2023-2024.pdf,124,Total Schools,"Table 7.9 col (2), All management"
Madhya Pradesh,2023-24,All,schools_with_computer,60784,count,UDISE_2023-2024.pdf,124,Schools with computer facility,"Table 7.9 col (7), All management"
Madhya Pradesh,2023-24,All,schools_with_computer,49.3,percent,UDISE_2023-2024.pdf,124,Percentage of Schools with computer facility,"Table 7.9 col (12), All management"
Maharashtra,2023-24,All,schools_total,108237,count,UDISE_2023-2024.pdf,124,Total Schools,"Table 7.9 col (2), All management"
Maharashtra,2023-24,All,schools_with_computer,88203,count,UDISE_2023-2024.pdf,124,Schools with computer facility,"Table 7.9 col (7), All management"
Maharashtra,2023-24,All,schools_with_computer,81.5,percent,UDISE_2023-2024.pdf,124,Percentage of Schools with computer facility,"Table 7.9 col (12), All management"
Manipur,2023-24,All,schools_total,4646,count,UDISE_2023-2024.pdf,124,Total Schools,"Table 7.9 col (2), All management"
Manipur,2023-24,All,schools_with_computer,1556,count,UDISE_2023-2024.pdf,124,Schools with computer facility,"Table 7.9 col (7), All management"
Manipur,2023-24,All,schools_with_computer,33.5,percent,UDISE_2023-2024.pdf,124,Percentage of Schools with computer facility,"Table 7.9 col (12), All management"
Meghalaya,2023-24,All,schools_total,14601,count,UDISE_2023-2024.pdf,124,Total Schools,"Table 7.9 col (2), All management"
Meghalaya,2023-24,All,schools_with_computer,2751,count,UDISE_2023-2024.pdf,124,Schools with computer facility,"Table 7.9 col (7), All management"
Meghalaya,2023-24,All,schools_with_computer,18.8,percent,UDISE_2023-2024.pdf,124,Percentage of Schools with computer facility,"Table 7.9 col (12), All management"
Mizoram,2023-24,All,schools_total,3941,count,UDISE_2023-2024.pdf,124,Total Schools,"Table 7.9 col (2), All management"
Mizoram,2023-24,All,schools_with_computer,1836,count,UDISE_2023-2024.pdf,124,Schools with computer facility,"Table 7.9 col (7), All management"
Mizoram,2023-24,All,schools_with_computer,46.6,percent,UDISE_2023-2024.pdf,124,Percentage of Schools with computer facility,"Table 7.9 col (12), All management"
Nagaland,2023-24,All,schools_total,2725,count,UDISE_2023-2024.pdf,124,Total Schools,"Table 7.9 col (2), All management"
Nagaland,2023-24,All,schools_with_computer,2296,count,UDISE_2023-2024.pdf,124,Schools with computer facility,"Table 7.9 col (7), All management"
Nagaland,2023-24,All,schools_with_computer,84.3,percent,UDISE_2023-2024.pdf,124,Percentage of Schools with computer facility,"Table 7.9 col (12), All management"
Odisha,2023-24,All,schools_total,61693,count,UDISE_2023-2024.pdf,124,Total Schools,"Table 7.9 col (2), All management"
Odisha,2023-24,All,schools_with_computer,36628,count,UDISE_2023-2024.pdf,124,Schools with computer facility,"Table 7.9 col (7), All management"
Odisha,2023-24,All,schools_with_computer,59.4,percent,UDISE_2023-2024.pdf,124,Percentage of Schools with computer facility,"Table 7.9 col (12), All management"
Puducherry,2023-24,All,schools_total,735,count,UDISE_2023-2024.pdf,124,Total Schools,"Table 7.9 col (2), All management"
Puducherry,2023-24,All,schools_with_computer,735,count,UDISE_2023-2024.pdf,124,Schools with computer facility,"Table 7.9 col (7), All management"
Puducherry,2023-24,All,schools_with_computer,100,percent,UDISE_2023-2024.pdf,124,Percentage of Schools with computer facility,"Table 7.9 col (12), All management"
Punjab,2023-24,All,schools_total,27404,count,UDISE_2023-2024.pdf,124,Total Schools,"Table 7.9 col (2), All management"
Punjab,2023-24,All,schools_with_computer,27073,count,UDISE_2023-2024.pdf,124,Schools with computer facility,"Table 7.9 col (7), All management"
Punjab,2023-24,All,schools_with_computer,98.8,percent,UDISE_2023-2024.pdf,124,Percentage of Schools with computer facility,"Table 7.9 col (12), All management"
Rajasthan,2023-24,All,schools_total,107757,count,UDISE_2023-2024.pdf,124,Total Schools,"Table 7.9 col (2), All management"
Rajasthan,2023-24,All,schools_with_computer,55593,count,UDISE_2023-2024.pdf,124,Schools with computer facility,"Table 7.9 col (7), All management"
Rajasthan,2023-24,All,schools_with_computer,51.6,percent,UDISE_2023-2024.pdf,124,Percentage of Schools with computer facility,"Table 7.9 col (12), All management"
Sikkim,2023-24,All,schools_total,1254,count,UDISE_2023-2024.pdf,124,Total Schools,"Table 7.9 col (2), All management"
Sikkim,2023-24,All,schools_with_computer,1152,count,UDISE_2023-2024.pdf,124,Schools with computer facility,"Table 7.9 col (7), All management"
Sikkim,2023-24,All,schools_with_computer,91.9,percent,UDISE_2023-2024.pdf,124,Percentage of Schools with computer facility,"Table 7.9 col (12), All management"
Tamil Nadu,2023-24,All,schools_total,58722,count,UDISE_2023-2024.pdf,124,Total Schools,"Table 7.9 col (2), All management"
Tamil Nadu,2023-24,All,schools_with_computer,42686,count,UDISE_2023-2024.pdf,124,Schools with computer facility,"Table 7.9 col (7), All management"
Tamil Nadu,2023-24,All,schools_with_computer,72.7,percent,UDISE_2023-2024.pdf,124,Percentage of Schools with computer facility,"Table 7.9 col (12), All management"
Telangana,2023-24,All,schools_total,42901,count,UDISE_2023-2024.pdf,124,Total Schools,"Table 7.9 col (2), All management"
Telangana,2023-24,All,schools_with_computer,33434,count,UDISE_2023-2024.pdf,124,Schools with computer facility,"Table 7.9 col (7), All management"
Telangana,2023-24,All,schools_with_computer,77.9,percent,UDISE_2023-2024.pdf,124,Percentage of Schools with computer facility,"Table 7.9 col (12), All management"
Tripura,2023-24,All,schools_total,4923,count,UDISE_2023-2024.pdf,124,Total Schools,"Table 7.9 col (2), All management"
Tripura,2023-24,All,schools_with_computer,2427,count,UDISE_2023-2024.pdf,124,Schools with computer facility,"Table 7.9 col (7), All management"
Tripura,2023-24,All,schools_with_computer,49.3,percent,UDISE_2023-2024.pdf,124,Percentage of Schools with computer facility,"Table 7.9 col (12), All management"
Uttar Pradesh,2023-24,All,schools_total,255087,count,UDISE_2023-2024.pdf,124,Total Schools,"Table 7.9 col (2), All management"
Uttar Pradesh,2023-24,All,schools_with_computer,102539,count,UDISE_2023-2024.pdf,124,Schools with computer facility,"Table 7.9 col (7), All management"
Uttar Pradesh,2023-24,All,schools_with_computer,40.2,percent,UDISE_2023-2024.pdf,124,Percentage of Schools with computer facility,"Table 7.9 col (12), All management"
Uttarakhand,2023-24,All,schools_total,22551,count,UDISE_2023-2024.pdf,124,Total Schools,"Table 7.9 col (2), All management"
Uttarakhand,2023-24,All,schools_with_computer,19518,count,UDISE_2023-2024.pdf,124,Schools with computer facility,"Table 7.9 col (7), All management"
Uttarakhand,2023-24,All,schools_with_computer,86.6,percent,UDISE_2023-2024.pdf,124,Percentage of Schools with computer facility,"Table 7.9 col (12), All management"
West Bengal,2023-24,All,schools_total,93945,count,UDISE_2023-2024.pdf,124,Total Schools,"Table 7.9 col (2), All management"
West Bengal,2023-24,All,schools_with_computer,20958,count,UDISE_2023-2024.pdf,124,Schools with computer facility,"Table 7.9 col (7), All management"
West Bengal,2023-24,All,schools_with_computer,22.3,percent,UDISE_2023-2024.pdf,124,Percentage of Schools with computer facility,"Table 7.9 col (12), All management"
India,2023-24,All,schools_with_functional_computer,748918,count,UDISE_2023-2024.pdf,125,Schools with functional computer facility for pedagogical purpose,"Table 7.10 col (7), All management"
India,2023-24,All,schools_with_functional_computer,50.9,percent,UDISE_2023-2024.pdf,125,Percentage of Schools with functional computer facility for pedagogical purpose,"Table 7.10 col (12), All management"
Andaman & Nicobar Islands,2023-24,All,schools_with_functional_computer,277,count,UDISE_2023-2024.pdf,125,Schools with functional computer facility for pedagogical purpose,"Table 7.10 col (7), All management"
Andaman & Nicobar Islands,2023-24,All,schools_with_functional_computer,67.2,percent,UDISE_2023-2024.pdf,125,Percentage of Schools with functional computer facility for pedagogical purpose,"Table 7.10 col (12), All management"
Andhra Pradesh,2023-24,All,schools_with_functional_computer,51585,count,UDISE_2023-2024.pdf,125,Schools with functional computer facility for pedagogical purpose,"Table 7.10 col (7), All management"
Andhra Pradesh,2023-24,All,schools_with_functional_computer,84.1,percent,UDISE_2023-2024.pdf,125,Percentage of Schools with functional computer facility for pedagogical purpose,"Table 7.10 col (12), All management"
Arunachal Pradesh,2023-24,All,schools_with_functional_computer,1319,count,UDISE_2023-2024.pdf,125,Schools with functional computer facility for pedagogical purpose,"Table 7.10 col (7), All management"
Arunachal Pradesh,2023-24,All,schools_with_functional_computer,37.8,percent,UDISE_2023-2024.pdf,125,Percentage of Schools with functional computer facility for pedagogical purpose,"Table 7.10 col (12), All management"
Assam,2023-24,All,schools_with_functional_computer,31637,count,UDISE_2023-2024.pdf,125,Schools with functional computer facility for pedagogical purpose,"Table 7.10 col (7), All management"
Assam,2023-24,All,schools_with_functional_computer,55.9,percent,UDISE_2023-2024.pdf,125,Percentage of Schools with functional computer facility for pedagogical purpose,"Table 7.10 col (12), All management"
Bihar,2023-24,All,schools_with_functional_computer,17465,count,UDISE_2023-2024.pdf,125,Schools with functional computer facility for pedagogical purpose,"Table 7.10 col (7), All management"
Bihar,2023-24,All,schools_with_functional_computer,18.4,percent,UDISE_2023-2024.pdf,125,Percentage of Schools with functional computer facility for pedagogical purpose,"Table 7.10 col (12), All management"
Chandigarh,2023-24,All,schools_with_functional_computer,230,count,UDISE_2023-2024.pdf,125,Schools with functional computer facility for pedagogical purpose,"Table 7.10 col (7), All management"
Chandigarh,2023-24,All,schools_with_functional_computer,100,percent,UDISE_2023-2024.pdf,125,Percentage of Schools with functional computer facility for pedagogical purpose,"Table 7.10 col (12), All management"
Chhattisgarh,2023-24,All,schools_with_functional_computer,21243,count,UDISE_2023-2024.pdf,125,Schools with functional computer facility for pedagogical purpose,"Table 7.10 col (7), All management"
Chhattisgarh,2023-24,All,schools_with_functional_computer,37.5,percent,UDISE_2023-2024.pdf,125,Percentage of Schools with functional computer facility for pedagogical purpose,"Table 7.10 col (12), All management"
Dadra & Nagar Haveli and Daman & Diu,2023-24,All,schools_with_functional_computer,417,count,UDISE_2023-2024.pdf,125,Schools with functional computer facility for pedagogical purpose,"Table 7.10 col (7), All management"
Dadra & Nagar Haveli and Daman & Diu,2023-24,All,schools_with_functional_computer,96.5,percent,UDISE_2023-2024.pdf,125,Percentage of Schools with functional computer facility for pedagogical purpose,"Table 7.10 col (12), All management"
Delhi,2023-24,All,schools_with_functional_computer,5494,count,UDISE_2023-2024.pdf,125,Schools with functional computer facility for pedagogical purpose,"Table 7.10 col (7), All management"
Delhi,2023-24,All,schools_with_functional_computer,99.9,percent,UDISE_2023-2024.pdf,125,Percentage of Schools with functional computer facility for pedagogical purpose,"Table 7.10 col (12), All management"
Goa,2023-24,All,schools_with_functional_computer,816,count,UDISE_2023-2024.pdf,125,Schools with functional computer facility for pedagogical purpose,"Table 7.10 col (7), All management"
Goa,2023-24,All,schools_with_functional_computer,54.9,percent,UDISE_2023-2024.pdf,125,Percentage of Schools with functional computer facility for pedagogical purpose,"Table 7.10 col (12), All management"
Gujarat,2023-24,All,schools_with_functional_computer,51466,count,UDISE_2023-2024.pdf,125,Schools with functional computer facility for pedagogical purpose,"Table 7.10 col (7), All management"
Gujarat,2023-24,All,schools_with_functional_computer,96,percent,UDISE_2023-2024.pdf,125,Percentage of Schools with functional computer facility for pedagogical purpose,"Table 7.10 col (12), All management"
Haryana,2023-24,All,schools_with_functional_computer,22314,count,UDISE_2023-2024.pdf,125,Schools with functional computer facility for pedagogical purpose,"Table 7.10 col (7), All management"
Haryana,2023-24,All,schools_with_functional_computer,94.9,percent,UDISE_2023-2024.pdf,125,Percentage of Schools with functional computer facility for pedagogical purpose,"Table 7.10 col (12), All management"
Himachal Pradesh,2023-24,All,schools_with_functional_computer,8004,count,UDISE_2023-2024.pdf,125,Schools with functional computer facility for pedagogical purpose,"Table 7.10 col (7), All management"
Himachal Pradesh,2023-24,All,schools_with_functional_computer,44.9,percent,UDISE_2023-2024.pdf,125,Percentage of Schools with functional computer facility for pedagogical purpose,"Table 7.10 col (12), All management"
Jammu & Kashmir,2023-24,All,schools_with_functional_computer,8612,count,UDISE_2023-2024.pdf,125,Schools with functional computer facility for pedagogical purpose,"Table 7.10 col (7), All management"
Jammu & Kashmir,2023-24,All,schools_with_functional_computer,35.4,percent,UDISE_2023-2024.pdf,125,Percentage of Schools with functional computer facility for pedagogical purpose,"Table 7.10 col (12), All management"
Jharkhand,2023-24,All,schools_with_functional_computer,18942,count,UDISE_2023-2024.pdf,125,Schools with functional computer facility for pedagogical purpose,"Table 7.10 col (7), All management"
Jharkhand,2023-24,All,schools_with_functional_computer,42.6,percent,UDISE_2023-2024.pdf,125,Percentage of Schools with functional computer facility for pedagogical purpose,"Table 7.10 col (12), All management"
Karnataka,2023-24,All,schools_with_functional_computer,36731,count,UDISE_2023-2024.pdf,125,Schools with functional computer facility for pedagogical purpose,"Table 7.10 col (7), All management"
Karnataka,2023-24,All,schools_with_functional_computer,48.4,percent,UDISE_2023-2024.pdf,125,Percentage of Schools with functional computer facility for pedagogical purpose,"Table 7.10 col (12), All management"
Kerala,2023-24,All,schools_with_functional_computer,15722,count,UDISE_2023-2024.pdf,125,Schools with functional computer facility for pedagogical purpose,"Table 7.10 col (7), All management"
Kerala,2023-24,All,schools_with_functional_computer,99.1,percent,UDISE_2023-2024.pdf,125,Percentage of Schools with functional computer facility for pedagogical purpose,"Table 7.10 col (12), All management"
Ladakh,2023-24,All,schools_with_functional_computer,492,count,UDISE_2023-2024.pdf,125,Schools with functional computer facility for pedagogical purpose,"Table 7.10 col (7), All management"
Ladakh,2023-24,All,schools_with_functional_computer,49.4,percent,UDISE_2023-2024.pdf,125,Percentage of Schools with functional computer facility for pedagogical purpose,"Table 7.10 col (12), All management"
Lakshadweep,2023-24,All,schools_with_functional_computer,36,count,UDISE_2023-2024.pdf,125,Schools with functional computer facility for pedagogical purpose,"Table 7.10 col (7), All management"
Lakshadweep,2023-24,All,schools_with_functional_computer,97.3,percent,UDISE_2023-2024.pdf,125,Percentage of Schools with functional computer facility for pedagogical purpose,"Table 7.10 col (12), All management"
Madhya Pradesh,2023-24,All,schools_with_functional_computer,55672,count,UDISE_2023-2024.pdf,125,Schools with functional computer facility for pedagogical purpose,"Table 7.10 col (7), All management"
Madhya Pradesh,2023-24,All,schools_with_functional_computer,45.1,percent,UDISE_2023-2024.pdf,125,Percentage of Schools with functional computer facility for pedagogical purpose,"Table 7.10 col (12), All management"
Maharashtra,2023-24,All,schools_with_functional_computer,81906,count,UDISE_2023-2024.pdf,125,Schools with functional computer facility for pedagogical purpose,"Table 7.10 col (7), All management"
Maharashtra,2023-24,All,schools_with_functional_computer,75.7,percent,UDISE_2023-2024.pdf,125,Percentage of Schools with functional computer facility for pedagogical purpose,"Table 7.10 col (12), All management"
Manipur,2023-24,All,schools_with_functional_computer,1419,count,UDISE_2023-2024.pdf,125,Schools with functional computer facility for pedagogical purpose,"Table 7.10 col (7), All management"
Manipur,2023-24,All,schools_with_functional_computer,30.5,percent,UDISE_2023-2024.pdf,125,Percentage of Schools with functional computer facility for pedagogical purpose,"Table 7.10 col (12), All management"
Meghalaya,2023-24,All,schools_with_functional_computer,2482,count,UDISE_2023-2024.pdf,125,Schools with functional computer facility for pedagogical purpose,"Table 7.10 col (7), All management"
Meghalaya,2023-24,All,schools_with_functional_computer,17,percent,UDISE_2023-2024.pdf,125,Percentage of Schools with functional computer facility for pedagogical purpose,"Table 7.10 col (12), All management"
Mizoram,2023-24,All,schools_with_functional_computer,1680,count,UDISE_2023-2024.pdf,125,Schools with functional computer facility for pedagogical purpose,"Table 7.10 col (7), All management"
Mizoram,2023-24,All,schools_with_functional_computer,42.6,percent,UDISE_2023-2024.pdf,125,Percentage of Schools with functional computer facility for pedagogical purpose,"Table 7.10 col (12), All management"
Nagaland,2023-24,All,schools_with_functional_computer,1973,count,UDISE_2023-2024.pdf,125,Schools with functional computer facility for pedagogical purpose,"Table 7.10 col (7), All management"
Nagaland,2023-24,All,schools_with_functional_computer,72.4,percent,UDISE_2023-2024.pdf,125,Percentage of Schools with functional computer facility for pedagogical purpose,"Table 7.10 col (12), All management"
Odisha,2023-24,All,schools_with_functional_computer,34401,count,UDISE_2023-2024.pdf,125,Schools with functional computer facility for pedagogical purpose,"Table 7.10 col (7), All management"
Odisha,2023-24,All,schools_with_functional_computer,55.8,percent,UDISE_2023-2024.pdf,125,Percentage of Schools with functional computer facility for pedagogical purpose,"Table 7.10 col (12), All management"
Puducherry,2023-24,All,schools_with_functional_computer,730,count,UDISE_2023-2024.pdf,125,Schools with functional computer facility for pedagogical purpose,"Table 7.10 col (7), All management"
Puducherry,2023-24,All,schools_with_functional_computer,99.3,percent,UDISE_2023-2024.pdf,125,Percentage of Schools with functional computer facility for pedagogical purpose,"Table 7.10 col (12), All management"
Punjab,2023-24,All,schools_with_functional_computer,26524,count,UDISE_2023-2024.pdf,125,Schools with functional computer facility for pedagogical purpose,"Table 7.10 col (7), All management"
Punjab,2023-24,All,schools_with_functional_computer,96.8,percent,UDISE_2023-2024.pdf,125,Percentage of Schools with functional computer facility for pedagogical purpose,"Table 7.10 col (12), All management"
Rajasthan,2023-24,All,schools_with_functional_computer,49189,count,UDISE_2023-2024.pdf,125,Schools with functional computer facility for pedagogical purpose,"Table 7.10 col (7), All management"
Rajasthan,2023-24,All,schools_with_functional_computer,45.6,percent,UDISE_2023-2024.pdf,125,Percentage of Schools with functional computer facility for pedagogical purpose,"Table 7.10 col (12), All management"
Sikkim,2023-24,All,schools_with_functional_computer,1111,count,UDISE_2023-2024.pdf,125,Schools with functional computer facility for pedagogical purpose,"Table 7.10 col (7), All management"
Sikkim,2023-24,All,schools_with_functional_computer,88.6,percent,UDISE_2023-2024.pdf,125,Percentage of Schools with functional computer facility for pedagogical purpose,"Table 7.10 col (12), All management"
Tamil Nadu,2023-24,All,schools_with_functional_computer,42348,count,UDISE_2023-2024.pdf,125,Schools with functional computer facility for pedagogical purpose,"Table 7.10 col (7), All management"
Tamil Nadu,2023-24,All,schools_with_functional_computer,72.1,percent,UDISE_2023-2024.pdf,125,Percentage of Schools with functional computer facility for pedagogical purpose,"Table 7.10 col (12), All management"
Telangana,2023-24,All,schools_with_functional_computer,30119,count,UDISE_2023-2024.pdf,125,Schools with functional computer facility for pedagogical purpose,"Table 7.10 col (7), All management"
Telangana,2023-24,All,schools_with_functional_computer,70.2,percent,UDISE_2023-2024.pdf,125,Percentage of Schools with functional computer facility for pedagogical purpose,"Table 7.10 col (12), All management"
Tripura,2023-24,All,schools_with_functional_computer,2208,count,UDISE_2023-2024.pdf,125,Schools with functional computer facility for pedagogical purpose,"Table 7.10 col (7), All management"
Tripura,2023-24,All,schools_with_functional_computer,44.9,percent,UDISE_2023-2024.pdf,125,Percentage of Schools with functional computer facility for pedagogical purpose,"Table 7.10 col (12), All management"
Uttar Pradesh,2023-24,All,schools_with_functional_computer,86115,count,UDISE_2023-2024.pdf,125,Schools with functional computer facility for pedagogical purpose,"Table 7.10 col (7), All management"
Uttar Pradesh,2023-24,All,schools_with_functional_computer,33.8,percent,UDISE_2023-2024.pdf,125,Percentage of Schools with functional computer facility for pedagogical purpose,"Table 7.10 col (12), All management"
Uttarakhand,2023-24,All,schools_with_functional_computer,17751,count,UDISE_2023-2024.pdf,125,Schools with functional computer facility for pedagogical purpose,"Table 7.10 col (7), All management"
Uttarakhand,2023-24,All,schools_with_functional_computer,78.7,percent,UDISE_2023-2024.pdf,125,Percentage of Schools with functional computer facility for pedagogical purpose,"Table 7.10 col (12), All management"
West Bengal,2023-24,All,schools_with_functional_computer,20488,count,UDISE_2023-2024.pdf,125,Schools with functional computer facility for pedagogical purpose,"Table 7.10 col (7), All management"
West Bengal,2023-24,All,schools_with_functional_computer,21.8,percent,UDISE_2023-2024.pdf,125,Percentage of Schools with functional computer facility for pedagogical purpose,"Table 7.10 col (12), All management"
India,2023-24,All,schools_with_internet,792992,count,UDISE_2023-2024.pdf,126,Schools with internet facility available,"Table 7.11 col (7), All management"
India,2023-24,All,schools_with_internet,53.9,percent,UDISE_2023-2024.pdf,126,Percentage of Schools with internet facility available,"Table 7.11 col (12), All management"
Andaman & Nicobar Islands,2023-24,All,schools_with_internet,239,count,UDISE_2023-2024.pdf,126,Schools with internet facility available,"Table 7.11 col (7), All management"
Andaman & Nicobar Islands,2023-24,All,schools_with_internet,58,percent,UDISE_2023-2024.pdf,126,Percentage of Schools with internet facility available,"Table 7.11 col (12), All management"
Andhra Pradesh,2023-24,All,schools_with_internet,57652,count,UDISE_2023-2024.pdf,126,Schools with internet facility available,"Table 7.11 col (7), All management"
Andhra Pradesh,2023-24,All,schools_with_internet,93.9,percent,UDISE_2023-2024.pdf,126,Percentage of Schools with internet facility available,"Table 7.11 col (12), All management"
Arunachal Pradesh,2023-24,All,schools_with_internet,1065,count,UDISE_2023-2024.pdf,126,Schools with internet facility available,"Table 7.11 col (7), All management"
Arunachal Pradesh,2023-24,All,schools_with_internet,30.5,percent,UDISE_2023-2024.pdf,126,Percentage of Schools with internet facility available,"Table 7.11 col (12), All management"
Assam,2023-24,All,schools_with_internet,25490,count,UDISE_2023-2024.pdf,126,Schools with internet facility available,"Table 7.11 col (7), All management"
Assam,2023-24,All,schools_with_internet,45,percent,UDISE_2023-2024.pdf,126,Percentage of Schools with internet facility available,"Table 7.11 col (12), All management"
Bihar,2023-24,All,schools_with_internet,17492,count,UDISE_2023-2024.pdf,126,Schools with internet facility available,"Table 7.11 col (7), All management"
Bihar,2023-24,All,schools_with_internet,18.5,percent,UDISE_2023-2024.pdf,126,Percentage of Schools with internet facility available,"Table 7.11 col (12), All management"
Chandigarh,2023-24,All,schools_with_internet,229,count,UDISE_2023-2024.pdf,126,Schools with internet facility available,"Table 7.11 col (7), All management"
Chandigarh,2023-24,All,schools_with_internet,99.6,percent,UDISE_2023-2024.pdf,126,Percentage of Schools with internet facility available,"Table 7.11 col (12), All management"
Chhattisgarh,2023-24,All,schools_with_internet,34722,count,UDISE_2023-2024.pdf,126,Schools with internet facility available,"Table 7.11 col (7), All management"
Chhattisgarh,2023-24,All,schools_with_internet,61.3,percent,UDISE_2023-2024.pdf,126,Percentage of Schools with internet facility available,"Table 7.11 col (12), All management"
Dadra & Nagar Haveli and Daman & Diu,2023-24,All,schools_with_internet,429,count,UDISE_2023-2024.pdf,126,Schools with internet facility available,"Table 7.11 col (7), All management"
Dadra & Nagar Haveli and Daman & Diu,2023-24,All,schools_with_internet,99.3,percent,UDISE_2023-2024.pdf,126,Percentage of Schools with internet facility available,"Table 7.11 col (12), All management"
Delhi,2023-24,All,schools_with_internet,5497,count,UDISE_2023-2024.pdf,126,Schools with internet facility available,"Table 7.11 col (7), All management"
Delhi,2023-24,All,schools_with_internet,100,percent,UDISE_2023-2024.pdf,126,Percentage of Schools with internet facility available,"Table 7.11 col (12), All management"
Goa,2023-24,All,schools_with_internet,1302,count,UDISE_2023-2024.pdf,126,Schools with internet facility available,"Table 7.11 col (7), All management"
Goa,2023-24,All,schools_with_internet,87.6,percent,UDISE_2023-2024.pdf,126,Percentage of Schools with internet facility available,"Table 7.11 col (12), All management"
Gujarat,2023-24,All,schools_with_internet,50351,count,UDISE_2023-2024.pdf,126,Schools with internet facility available,"Table 7.11 col (7), All management"
Gujarat,2023-24,All,schools_with_internet,93.9,percent,UDISE_2023-2024.pdf,126,Percentage of Schools with internet facility available,"Table 7.11 col (12), All management"
Haryana,2023-24,All,schools_with_internet,15926,count,UDISE_2023-2024.pdf,126,Schools with internet facility available,"Table 7.11 col (7), All management"
Haryana,2023-24,All,schools_with_internet,67.7,percent,UDISE_2023-2024.pdf,126,Percentage of Schools with internet facility available,"Table 7.11 col (12), All management"
Himachal Pradesh,2023-24,All,schools_with_internet,8683,count,UDISE_2023-2024.pdf,126,Schools with internet facility available,"Table 7.11 col (7), All management"
Himachal Pradesh,2023-24,All,schools_with_internet,48.7,percent,UDISE_2023-2024.pdf,126,Percentage of Schools with internet facility available,"Table 7.11 col (12), All management"
Jammu & Kashmir,2023-24,All,schools_with_internet,11016,count,UDISE_2023-2024.pdf,126,Schools with internet facility available,"Table 7.11 col (7), All management"
Jammu & Kashmir,2023-24,All,schools_with_internet,45.3,percent,UDISE_2023-2024.pdf,126,Percentage of Schools with internet facility available,"Table 7.11 col (12), All management"
Jharkhand,2023-24,All,schools_with_internet,23435,count,UDISE_2023-2024.pdf,126,Schools with internet facility available,"Table 7.11 col (7), All management"
Jharkhand,2023-24,All,schools_with_internet,52.7,percent,UDISE_2023-2024.pdf,126,Percentage of Schools with internet facility available,"Table 7.11 col (12), All management"
Karnataka,2023-24,All,schools_with_internet,37327,count,UDISE_2023-2024.pdf,126,Schools with internet facility available,"Table 7.11 col (7), All management"
Karnataka,2023-24,All,schools_with_internet,49.2,percent,UDISE_2023-2024.pdf,126,Percentage of Schools with internet facility available,"Table 7.11 col (12), All management"
Kerala,2023-24,All,schools_with_internet,14616,count,UDISE_2023-2024.pdf,126,Schools with internet facility available,"Table 7.11 col (7), All management"
Kerala,2023-24,All,schools_with_internet,92.1,percent,UDISE_2023-2024.pdf,126,Percentage of Schools with internet facility available,"Table 7.11 col (12), All management"
Ladakh,2023-24,All,schools_with_internet,455,count,UDISE_2023-2024.pdf,126,Schools with internet facility available,"Table 7.11 col (7), All management"
Ladakh,2023-24,All,schools_with_internet,45.7,percent,UDISE_2023-2024.pdf,126,Percentage of Schools with internet facility available,"Table 7.11 col (12), All management"
Lakshadweep,2023-24,All,schools_with_internet,37,count,UDISE_2023-2024.pdf,126,Schools with internet facility available,"Table 7.11 col (7), All management"
Lakshadweep,2023-24,All,schools_with_internet,100,percent,UDISE_2023-2024.pdf,126,Percentage of Schools with internet facility available,"Table 7.11 col (12), All management"
Madhya Pradesh,2023-24,All,schools_with_internet,53376,count,UDISE_2023-2024.pdf,126,Schools with internet facility available,"Table 7.11 col (7), All management"
Madhya Pradesh,2023-24,All,schools_with_internet,43.3,percent,UDISE_2023-2024.pdf,126,Percentage of Schools with internet facility available,"Table 7.11 col (12), All management"
Maharashtra,2023-24,All,schools_with_internet,73073,count,UDISE_2023-2024.pdf,126,Schools with internet facility available,"Table 7.11 col (7), All management"
Maharashtra,2023-24,All,schools_with_internet,67.5,percent,UDISE_2023-2024.pdf,126,Percentage of Schools with internet facility available,"Table 7.11 col (12), All management"
Manipur,2023-24,All,schools_with_internet,1499,count,UDISE_2023-2024.pdf,126,Schools with internet facility available,"Table 7.11 col (7), All management"
Manipur,2023-24,All,schools_with_internet,32.3,percent,UDISE_2023-2024.pdf,126,Percentage of Schools with internet facility available,"Table 7.11 col (12), All management"
Meghalaya,2023-24,All,schools_with_internet,3580,count,UDISE_2023-2024.pdf,126,Schools with internet facility available,"Table 7.11 col (7), All management"
Meghalaya,2023-24,All,schools_with_internet,24.5,percent,UDISE_2023-2024.pdf,126,Percentage of Schools with internet facility available,"Table 7.11 col (12), All management"
Mizoram,2023-24,All,schools_with_internet,982,count,UDISE_2023-2024.pdf,126,Schools with internet facility available,"Table 7.11 col (7), All management"
Mizoram,2023-24,All,schools_with_internet,24.9,percent,UDISE_2023-2024.pdf,126,Percentage of Schools with internet facility available,"Table 7.11 col (12), All management"
Nagaland,2023-24,All,schools_with_internet,1535,count,UDISE_2023-2024.pdf,126,Schools with internet facility available,"Table 7.11 col (7), All management"
Nagaland,2023-24,All,schools_with_internet,56.3,percent,UDISE_2023-2024.pdf,126,Percentage of Schools with internet facility available,"Table 7.11 col (12), All management"
Odisha,2023-24,All,schools_with_internet,50582,count,UDISE_2023-2024.pdf,126,Schools with internet facility available,"Table 7.11 col (7), All management"
Odisha,2023-24,All,schools_with_internet,82,percent,UDISE_2023-2024.pdf,126,Percentage of Schools with internet facility available,"Table 7.11 col (12), All management"
Puducherry,2023-24,All,schools_with_internet,735,count,UDISE_2023-2024.pdf,126,Schools with internet facility available,"Table 7.11 col (7), All management"
Puducherry,2023-24,All,schools_with_internet,100,percent,UDISE_2023-2024.pdf,126,Percentage of Schools with internet facility available,"Table 7.11 col (12), All management"
Punjab,2023-24,All,schools_with_internet,20274,count,UDISE_2023-2024.pdf,126,Schools with internet facility available,"Table 7.11 col (7), All management"
Punjab,2023-24,All,schools_with_internet,74,percent,UDISE_2023-2024.pdf,126,Percentage of Schools with internet facility available,"Table 7.11 col (12), All management"
Rajasthan,2023-24,All,schools_with_internet,73634,count,UDISE_2023-2024.pdf,126,Schools with internet facility available,"Table 7.11 col (7), All management"
Rajasthan,2023-24,All,schools_with_internet,68.3,percent,UDISE_2023-2024.pdf,126,Percentage of Schools with internet facility available,"Table 7.11 col (12), All management"
Sikkim,2023-24,All,schools_with_internet,587,count,UDISE_2023-2024.pdf,126,Schools with internet facility available,"Table 7.11 col (7), All management"
Sikkim,2023-24,All,schools_with_internet,46.8,percent,UDISE_2023-2024.pdf,126,Percentage of Schools with internet facility available,"Table 7.11 col (12), All management"
Tamil Nadu,2023-24,All,schools_with_internet,58106,count,UDISE_2023-2024.pdf,126,Schools with internet facility available,"Table 7.11 col (7), All management"
Tamil Nadu,2023-24,All,schools_with_internet,99,percent,UDISE_2023-2024.pdf,126,Percentage of Schools with internet facility available,"Table 7.11 col (12), All management"
Telangana,2023-24,All,schools_with_internet,17114,count,UDISE_2023-2024.pdf,126,Schools with internet facility available,"Table 7.11 col (7), All management"
Telangana,2023-24,All,schools_with_internet,39.9,percent,UDISE_2023-2024.pdf,126,Percentage of Schools with internet facility available,"Table 7.11 col (12), All management"
Tripura,2023-24,All,schools_with_internet,1736,count,UDISE_2023-2024.pdf,126,Schools with internet facility available,"Table 7.11 col (7), All management"
Tripura,2023-24,All,schools_with_internet,35.3,percent,UDISE_2023-2024.pdf,126,Percentage of Schools with internet facility available,"Table 7.11 col (12), All management"
Uttar Pradesh,2023-24,All,schools_with_internet,98346,count,UDISE_2023-2024.pdf,126,Schools with internet facility available,"Table 7.11 col (7), All management"
Uttar Pradesh,2023-24,All,schools_with_internet,38.6,percent,UDISE_2023-2024.pdf,126,Percentage of Schools with internet facility available,"Table 7.11 col (12), All management"
Uttarakhand,2023-24,All,schools_with_internet,15456,count,UDISE_2023-2024.pdf,126,Schools with internet facility available,"Table 7.11 col (7), All management"
Uttarakhand,2023-24,All,schools_with_internet,68.5,percent,UDISE_2023-2024.pdf,126,Percentage of Schools with internet facility available,"Table 7.11 col (12), All management"
West Bengal,2023-24,All,schools_with_internet,16414,count,UDISE_2023-2024.pdf,126,Schools with internet facility available,"Table 7.11 col (7), All management"
West Bengal,2023-24,All,schools_with_internet,17.5,percent,UDISE_2023-2024.pdf,126,Percentage of Schools with internet facility available,"Table 7.11 col (12), All management"
India,2023-24,All,schools_with_smart_classroom,359457,count,UDISE_2023-2024.pdf,163,Schools having functional Smart Classrooms used for teaching with Digital Boards/ Smart Boards/ Virtual Classrooms/ Smart TV availability,"Table x.6 col (7), All management"
India,2023-24,All,schools_with_smart_classroom,24.4,percent,UDISE_2023-2024.pdf,163,Percentage of Schools having functional Smart Classrooms used for teaching with Digital Boards/ Smart Boards/ Virtual Classrooms/ Smart TV availability,"Table x.6 col (12), All management"
Andaman & Nicobar Islands,2023-24,All,schools_with_smart_classroom,186,count,UDISE_2023-2024.pdf,163,Schools having functional Smart Classrooms used for teaching with Digital Boards/ Smart Boards/ Virtual Classrooms/ Smart TV availability,"Table x.6 col (7), All management"
Andaman & Nicobar Islands,2023-24,All,schools_with_smart_classroom,45.1,percent,UDISE_2023-2024.pdf,163,Percentage of Schools having functional Smart Classrooms used for teaching with Digital Boards/ Smart Boards/ Virtual Classrooms/ Smart TV availability,"Table x.6 col (12), All management"
Andhra Pradesh,2023-24,All,schools_with_smart_classroom,27274,count,UDISE_2023-2024.pdf,163,Schools having functional Smart Classrooms used for teaching with Digital Boards/ Smart Boards/ Virtual Classrooms/ Smart TV availability,"Table x.6 col (7), All management"
Andhra Pradesh,2023-24,All,schools_with_smart_classroom,44.4,percent,UDISE_2023-2024.pdf,163,Percentage of Schools having functional Smart Classrooms used for teaching with Digital Boards/ Smart Boards/ Virtual Classrooms/ Smart TV availability,"Table x.6 col (12), All management"
Arunachal Pradesh,2023-24,All,schools_with_smart_classroom,740,count,UDISE_2023-2024.pdf,163,Schools having functional Smart Classrooms used for teaching with Digital Boards/ Smart Boards/ Virtual Classrooms/ Smart TV availability,"Table x.6 col (7), All management"
Arunachal Pradesh,2023-24,All,schools_with_smart_classroom,21.2,percent,UDISE_2023-2024.pdf,163,Percentage of Schools having functional Smart Classrooms used for teaching with Digital Boards/ Smart Boards/ Virtual Classrooms/ Smart TV availability,"Table x.6 col (12), All management"
Assam,2023-24,All,schools_with_smart_classroom,6417,count,UDISE_2023-2024.pdf,163,Schools having functional Smart Classrooms used for teaching with Digital Boards/ Smart Boards/ Virtual Classrooms/ Smart TV availability,"Table x.6 col (7), All management"
Assam,2023-24,All,schools_with_smart_classroom,11.3,percent,UDISE_2023-2024.pdf,163,Percentage of Schools having functional Smart Classrooms used for teaching with Digital Boards/ Smart Boards/ Virtual Classrooms/ Smart TV availability,"Table x.6 col (12), All management"
Bihar,2023-24,All,schools_with_smart_classroom,11485,count,UDISE_2023-2024.pdf,163,Schools having functional Smart Classrooms used for teaching with Digital Boards/ Smart Boards/ Virtual Classrooms/ Smart TV availability,"Table x.6 col (7), All management"
Bihar,2023-24,All,schools_with_smart_classroom,12.1,percent,UDISE_2023-2024.pdf,163,Percentage of Schools having functional Smart Classrooms used for teaching with Digital Boards/ Smart Boards/ Virtual Classrooms/ Smart TV availability,"Table x.6 col (12), All management"
Chandigarh,2023-24,All,schools_with_smart_classroom,215,count,UDISE_2023-2024.pdf,163,Schools having functional Smart Classrooms used for teaching with Digital Boards/ Smart Boards/ Virtual Classrooms/ Smart TV availability,"Table x.6 col (7), All management"
Chandigarh,2023-24,All,schools_with_smart_classroom,93.5,percent,UDISE_2023-2024.pdf,163,Percentage of Schools having functional Smart Classrooms used for teaching with Digital Boards/ Smart Boards/ Virtual Classrooms/ Smart TV availability,"Table x.6 col (12), All management"
Chhattisgarh,2023-24,All,schools_with_smart_classroom,10965,count,UDISE_2023-2024.pdf,163,Schools having functional Smart Classrooms used for teaching with Digital Boards/ Smart Boards/ Virtual Classrooms/ Smart TV availability,"Table x.6 col (7), All management"
Chhattisgarh,2023-24,All,schools_with_smart_classroom,19.4,percent,UDISE_2023-2024.pdf,163,Percentage of Schools having functional Smart Classrooms used for teaching with Digital Boards/ Smart Boards/ Virtual Classrooms/ Smart TV availability,"Table x.6 col (12), All management"
Dadra & Nagar Haveli and Daman & Diu,2023-24,All,schools_with_smart_classroom,299,count,UDISE_2023-2024.pdf,163,Schools having functional Smart Classrooms used for teaching with Digital Boards/ Smart Boards/ Virtual Classrooms/ Smart TV availability,"Table x.6 col (7), All management"
Dadra & Nagar Haveli and Daman & Diu,2023-24,All,schools_with_smart_classroom,69.2,percent,UDISE_2023-2024.pdf,163,Percentage of Schools having functional Smart Classrooms used for teaching with Digital Boards/ Smart Boards/ Virtual Classrooms/ Smart TV availability,"Table x.6 col (12), All management"
Delhi,2023-24,All,schools_with_smart_classroom,4070,count,UDISE_2023-2024.pdf,163,Schools having functional Smart Classrooms used for teaching with Digital Boards/ Smart Boards/ Virtual Classrooms/ Smart TV availability,"Table x.6 col (7), All management"
Delhi,2023-24,All,schools_with_smart_classroom,74,percent,UDISE_2023-2024.pdf,163,Percentage of Schools having functional Smart Classrooms used for teaching with Digital Boards/ Smart Boards/ Virtual Classrooms/ Smart TV availability,"Table x.6 col (12), All management"
Goa,2023-24,All,schools_with_smart_classroom,375,count,UDISE_2023-2024.pdf,163,Schools having functional Smart Classrooms used for teaching with Digital Boards/ Smart Boards/ Virtual Classrooms/ Smart TV availability,"Table x.6 col (7), All management"
Goa,2023-24,All,schools_with_smart_classroom,25.2,percent,UDISE_2023-2024.pdf,163,Percentage of Schools having functional Smart Classrooms used for teaching with Digital Boards/ Smart Boards/ Virtual Classrooms/ Smart TV availability,"Table x.6 col (12), All management"
Gujarat,2023-24,All,schools_with_smart_classroom,32880,count,UDISE_2023-2024.pdf,163,Schools having functional Smart Classrooms used for teaching with Digital Boards/ Smart Boards/ Virtual Classrooms/ Smart TV availability,"Table x.6 col (7), All management"
Gujarat,2023-24,All,schools_with_smart_classroom,61.3,percent,UDISE_2023-2024.pdf,163,Percentage of Schools having functional Smart Classrooms used for teaching with Digital Boards/ Smart Boards/ Virtual Classrooms/ Smart TV availability,"Table x.6 col (12), All management"
Haryana,2023-24,All,schools_with_smart_classroom,10862,count,UDISE_2023-2024.pdf,163,Schools having functional Smart Classrooms used for teaching with Digital Boards/ Smart Boards/ Virtual Classrooms/ Smart TV availability,"Table x.6 col (7), All management"
Haryana,2023-24,All,schools_with_smart_classroom,46.2,percent,UDISE_2023-2024.pdf,163,Percentage of Schools having functional Smart Classrooms used for teaching with Digital Boards/ Smart Boards/ Virtual Classrooms/ Smart TV availability,"Table x.6 col (12), All management"
Himachal Pradesh,2023-24,All,schools_with_smart_classroom,5396,count,UDISE_2023-2024.pdf,163,Schools having functional Smart Classrooms used for teaching with Digital Boards/ Smart Boards/ Virtual Classrooms/ Smart TV availability,"Table x.6 col (7), All management"
Himachal Pradesh,2023-24,All,schools_with_smart_classroom,30.3,percent,UDISE_2023-2024.pdf,163,Percentage of Schools having functional Smart Classrooms used for teaching with Digital Boards/ Smart Boards/ Virtual Classrooms/ Smart TV availability,"Table x.6 col (12), All management"
Jammu & Kashmir,2023-24,All,schools_with_smart_classroom,3487,count,UDISE_2023-2024.pdf,163,Schools having functional Smart Classrooms used for teaching with Digital Boards/ Smart Boards/ Virtual Classrooms/ Smart TV availability,"Table x.6 col (7), All management"
Jammu & Kashmir,2023-24,All,schools_with_smart_classroom,14.4,percent,UDISE_2023-2024.pdf,163,Percentage of Schools having functional Smart Classrooms used for teaching with Digital Boards/ Smart Boards/ Virtual Classrooms/ Smart TV availability,"Table x.6 col (12), All management"
Jharkhand,2023-24,All,schools_with_smart_classroom,4810,count,UDISE_2023-2024.pdf,163,Schools having functional Smart Classrooms used for teaching with Digital Boards/ Smart Boards/ Virtual Classrooms/ Smart TV availability,"Table x.6 col (7), All management"
Jharkhand,2023-24,All,schools_with_smart_classroom,10.8,percent,UDISE_2023-2024.pdf,163,Percentage of Schools having functional Smart Classrooms used for teaching with Digital Boards/ Smart Boards/ Virtual Classrooms/ Smart TV availability,"Table x.6 col (12), All management"
Karnataka,2023-24,All,schools_with_smart_classroom,16970,count,UDISE_2023-2024.pdf,163,Schools having functional Smart Classrooms used for teaching with Digital Boards/ Smart Boards/ Virtual Classrooms/ Smart TV availability,"Table x.6 col (7), All management"
Karnataka,2023-24,All,schools_with_smart_classroom,22.4,percent,UDISE_2023-2024.pdf,163,Percentage of Schools having functional Smart Classrooms used for teaching with Digital Boards/ Smart Boards/ Virtual Classrooms/ Smart TV availability,"Table x.6 col (12), All management"
Kerala,2023-24,All,schools_with_smart_classroom,9202,count,UDISE_2023-2024.pdf,163,Schools having functional Smart Classrooms used for teaching with Digital Boards/ Smart Boards/ Virtual Classrooms/ Smart TV availability,"Table x.6 col (7), All management"
Kerala,2023-24,All,schools_with_smart_classroom,58,percent,UDISE_2023-2024.pdf,163,Percentage of Schools having functional Smart Classrooms used for teaching with Digital Boards/ Smart Boards/ Virtual Classrooms/ Smart TV availability,"Table x.6 col (12), All management"
Ladakh,2023-24,All,schools_with_smart_classroom,303,count,UDISE_2023-2024.pdf,163,Schools having functional Smart Classrooms used for teaching with Digital Boards/ Smart Boards/ Virtual Classrooms/ Smart TV availability,"Table x.6 col (7), All management"
Ladakh,2023-24,All,schools_with_smart_classroom,30.5,percent,UDISE_2023-2024.pdf,163,Percentage of Schools having functional Smart Classrooms used for teaching with Digital Boards/ Smart Boards/ Virtual Classrooms/ Smart TV availability,"Table x.6 col (12), All management"
Lakshadweep,2023-24,All,schools_with_smart_classroom,25,count,UDISE_2023-2024.pdf,163,Schools having functional Smart Classrooms used for teaching with Digital Boards/ Smart Boards/ Virtual Classrooms/ Smart TV availability,"Table x.6 col (7), All management"
Lakshadweep,2023-24,All,schools_with_smart_classroom,67.6,percent,UDISE_2023-2024.pdf,163,Percentage of Schools having functional Smart Classrooms used for teaching with Digital Boards/ Smart Boards/ Virtual Classrooms/ Smart TV availability,"Table x.6 col (12), All management"
Madhya Pradesh,2023-24,All,schools_with_smart_classroom,21893,count,UDISE_2023-2024.pdf,163,Schools having functional Smart Classrooms used for teaching with Digital Boards/ Smart Boards/ Virtual Classrooms/ Smart TV availability,"Table x.6 col (7), All management"
Madhya Pradesh,2023-24,All,schools_with_smart_classroom,17.7,percent,UDISE_2023-2024.pdf,163,Percentage of Schools having functional Smart Classrooms used for teaching with Digital Boards/ Smart Boards/ Virtual Classrooms/ Smart TV availability,"Table x.6 col (12), All management"
Maharashtra,2023-24,All,schools_with_smart_classroom,65009,count,UDISE_2023-2024.pdf,163,Schools having functional Smart Classrooms used for teaching with Digital Boards/ Smart Boards/ Virtual Classrooms/ Smart TV availability,"Table x.6 col (7), All management"
Maharashtra,2023-24,All,schools_with_smart_classroom,60.1,percent,UDISE_2023-2024.pdf,163,Percentage of Schools having functional Smart Classrooms used for teaching with Digital Boards/ Smart Boards/ Virtual Classrooms/ Smart TV availability,"Table x.6 col (12), All management"
Manipur,2023-24,All,schools_with_smart_classroom,558,count,UDISE_2023-2024.pdf,163,Schools having functional Smart Classrooms used for teaching with Digital Boards/ Smart Boards/ Virtual Classrooms/ Smart TV availability,"Table x.6 col (7), All management"
Manipur,2023-24,All,schools_with_smart_classroom,12,percent,UDISE_2023-2024.pdf,163,Percentage of Schools having functional Smart Classrooms used for teaching with Digital Boards/ Smart Boards/ Virtual Classrooms/ Smart TV availability,"Table x.6 col (12), All management"
Meghalaya,2023-24,All,schools_with_smart_classroom,553,count,UDISE_2023-2024.pdf,163,Schools having functional Smart Classrooms used for teaching with Digital Boards/ Smart Boards/ Virtual Classrooms/ Smart TV availability,"Table x.6 col (7), All management"
Meghalaya,2023-24,All,schools_with_smart_classroom,3.8,percent,UDISE_2023-2024.pdf,163,Percentage of Schools having functional Smart Classrooms used for teaching with Digital Boards/ Smart Boards/ Virtual Classrooms/ Smart TV availability,"Table x.6 col (12), All management"
Mizoram,2023-24,All,schools_with_smart_classroom,292,count,UDISE_2023-2024.pdf,163,Schools having functional Smart Classrooms used for teaching with Digital Boards/ Smart Boards/ Virtual Classrooms/ Smart TV availability,"Table x.6 col (7), All management"
Mizoram,2023-24,All,schools_with_smart_classroom,7.4,percent,UDISE_2023-2024.pdf,163,Percentage of Schools having functional Smart Classrooms used for teaching with Digital Boards/ Smart Boards/ Virtual Classrooms/ Smart TV availability,"Table x.6 col (12), All management"
Nagaland,2023-24,All,schools_with_smart_classroom,837,count,UDISE_2023-2024.pdf,163,Schools having functional Smart Classrooms used for teaching with Digital Boards/ Smart Boards/ Virtual Classrooms/ Smart TV availability,"Table x.6 col (7), All management"
Nagaland,2023-24,All,schools_with_smart_classroom,30.7,percent,UDISE_2023-2024.pdf,163,Percentage of Schools having functional Smart Classrooms used for teaching with Digital Boards/ Smart Boards/ Virtual Classrooms/ Smart TV availability,"Table x.6 col (12), All management"
Odisha,2023-24,All,schools_with_smart_classroom,17008,count,UDISE_2023-2024.pdf,163,Schools having functional Smart Classrooms used for teaching with Digital Boards/ Smart Boards/ Virtual Classrooms/ Smart TV availability,"Table x.6 col (7), All management"
Odisha,2023-24,All,schools_with_smart_classroom,27.6,percent,UDISE_2023-2024.pdf,163,Percentage of Schools having functional Smart Classrooms used for teaching with Digital Boards/ Smart Boards/ Virtual Classrooms/ Smart TV availability,"Table x.6 col (12), All management"
Puducherry,2023-24,All,schools_with_smart_classroom,484,count,UDISE_2023-2024.pdf,163,Schools having functional Smart Classrooms used for teaching with Digital Boards/ Smart Boards/ Virtual Classrooms/ Smart TV availability,"Table x.6 col (7), All management"
Puducherry,2023-24,All,schools_with_smart_classroom,65.9,percent,UDISE_2023-2024.pdf,163,Percentage of Schools having functional Smart Classrooms used for teaching with Digital Boards/ Smart Boards/ Virtual Classrooms/ Smart TV availability,"Table x.6 col (12), All management"
Punjab,2023-24,All,schools_with_smart_classroom,21344,count,UDISE_2023-2024.pdf,163,Schools having functional Smart Classrooms used for teaching with Digital Boards/ Smart Boards/ Virtual Classrooms/ Smart TV availability,"Table x.6 col (7), All management"
Punjab,2023-24,All,schools_with_smart_classroom,77.9,percent,UDISE_2023-2024.pdf,163,Percentage of Schools having functional Smart Classrooms used for teaching with Digital Boards/ Smart Boards/ Virtual Classrooms/ Smart TV availability,"Table x.6 col (12), All management"
Rajasthan,2023-24,All,schools_with_smart_classroom,21500,count,UDISE_2023-2024.pdf,163,Schools having functional Smart Classrooms used for teaching with Digital Boards/ Smart Boards/ Virtual Classrooms/ Smart TV availability,"Table x.6 col (7), All management"
Rajasthan,2023-24,All,schools_with_smart_classroom,20,percent,UDISE_2023-2024.pdf,163,Percentage of Schools having functional Smart Classrooms used for teaching with Digital Boards/ Smart Boards/ Virtual Classrooms/ Smart TV availability,"Table x.6 col (12), All management"
Sikkim,2023-24,All,schools_with_smart_classroom,520,count,UDISE_2023-2024.pdf,163,Schools having functional Smart Classrooms used for teaching with Digital Boards/ Smart Boards/ Virtual Classrooms/ Smart TV availability,"Table x.6 col (7), All management"
Sikkim,2023-24,All,schools_with_smart_classroom,41.5,percent,UDISE_2023-2024.pdf,163,Percentage of Schools having functional Smart Classrooms used for teaching with Digital Boards/ Smart Boards/ Virtual Classrooms/ Smart TV availability,"Table x.6 col (12), All management"
Tamil Nadu,2023-24,All,schools_with_smart_classroom,4615,count,UDISE_2023-2024.pdf,163,Schools having functional Smart Classrooms used for teaching with Digital Boards/ Smart Boards/ Virtual Classrooms/ Smart TV availability,"Table x.6 col (7), All management"
Tamil Nadu,2023-24,All,schools_with_smart_classroom,7.9,percent,UDISE_2023-2024.pdf,163,Percentage of Schools having functional Smart Classrooms used for teaching with Digital Boards/ Smart Boards/ Virtual Classrooms/ Smart TV availability,"Table x.6 col (12), All management"
Telangana,2023-24,All,schools_with_smart_classroom,11333,count,UDISE_2023-2024.pdf,163,Schools having functional Smart Classrooms used for teaching with Digital Boards/ Smart Boards/ Virtual Classrooms/ Smart TV availability,"Table x.6 col (7), All management"
Telangana,2023-24,All,schools_with_smart_classroom,26.4,percent,UDISE_2023-2024.pdf,163,Percentage of Schools having functional Smart Classrooms used for teaching with Digital Boards/ Smart Boards/ Virtual Classrooms/ Smart TV availability,"Table x.6 col (12), All management"
Tripura,2023-24,All,schools_with_smart_classroom,680,count,UDISE_2023-2024.pdf,163,Schools having functional Smart Classrooms used for teaching with Digital Boards/ Smart Boards/ Virtual Classrooms/ Smart TV availability,"Table x.6 col (7), All management"
Tripura,2023-24,All,schools_with_smart_classroom,13.8,percent,UDISE_2023-2024.pdf,163,Percentage of Schools having functional Smart Classrooms used for teaching with Digital Boards/ Smart Boards/ Virtual Classrooms/ Smart TV availability,"Table x.6 col (12), All management"
Uttar Pradesh,2023-24,All,schools_with_smart_classroom,36996,count,UDISE_2023-2024.pdf,163,Schools having functional Smart Classrooms used for teaching with Digital Boards/ Smart Boards/ Virtual Classrooms/ Smart TV availability,"Table x.6 col (7), All management"
Uttar Pradesh,2023-24,All,schools_with_smart_classroom,14.5,percent,UDISE_2023-2024.pdf,163,Percentage of Schools having functional Smart Classrooms used for teaching with Digital Boards/ Smart Boards/ Virtual Classrooms/ Smart TV availability,"Table x.6 col (12), All management"
Uttarakhand,2023-24,All,schools_with_smart_classroom,5449,count,UDISE_2023-2024.pdf,163,Schools having functional Smart Classrooms used for teaching with Digital Boards/ Smart Boards/ Virtual Classrooms/ Smart TV availability,"Table x.6 col (7), All management"
Uttarakhand,2023-24,All,schools_with_smart_classroom,24.2,percent,UDISE_2023-2024.pdf,163,Percentage of Schools having functional Smart Classrooms used for teaching with Digital Boards/ Smart Boards/ Virtual Classrooms/ Smart TV availability,"Table x.6 col (12), All management"
West Bengal,2023-24,All,schools_with_smart_classroom,4425,count,UDISE_2023-2024.pdf,163,Schools having functional Smart Classrooms used for teaching with Digital Boards/ Smart Boards/ Virtual Classrooms/ Smart TV availability,"Table x.6 col (7), All management"
West Bengal,2023-24,All,schools_with_smart_classroom,4.7,percent,UDISE_2023-2024.pdf,163,Percentage of Schools having functional Smart Classrooms used for teaching with Digital Boards/ Smart Boards/ Virtual Classrooms/ Smart TV availability,"Table x.6 col (12), All management"
India,2023-24,All,schools_with_digital_library,110877,count,UDISE_2023-2024.pdf,165,Schools having Digital Library availability,"Table x.8 col (7), All management"
India,2023-24,All,schools_with_digital_library,7.5,percent,UDISE_2023-2024.pdf,165,Percentage of Schools having Digital Library availability,"Table x.8 col (12), All management"
Andaman & Nicobar Islands,2023-24,All,schools_with_digital_library,9,count,UDISE_2023-2024.pdf,165,Schools having Digital Library availability,"Table x.8 col (7), All management"
Andaman & Nicobar Islands,2023-24,All,schools_with_digital_library,2.2,percent,UDISE_2023-2024.pdf,165,Percentage of Schools having Digital Library availability,"Table x.8 col (12), All management"
Andhra Pradesh,2023-24,All,schools_with_digital_library,8144,count,UDISE_2023-2024.pdf,165,Schools having Digital Library availability,"Table x.8 col (7), All management"
Andhra Pradesh,2023-24,All,schools_with_digital_library,13.3,percent,UDISE_2023-2024.pdf,165,Percentage of Schools having Digital Library availability,"Table x.8 col (12), All management"
Arunachal Pradesh,2023-24,All,schools_with_digital_library,38,count,UDISE_2023-2024.pdf,165,Schools having Digital Library availability,"Table x.8 col (7), All management"
Arunachal Pradesh,2023-24,All,schools_with_digital_library,1.1,percent,UDISE_2023-2024.pdf,165,Percentage of Schools having Digital Library availability,"Table x.8 col (12), All management"
Assam,2023-24,All,schools_with_digital_library,517,count,UDISE_2023-2024.pdf,165,Schools having Digital Library availability,"Table x.8 col (7), All management"
Assam,2023-24,All,schools_with_digital_library,0.9,percent,UDISE_2023-2024.pdf,165,Percentage of Schools having Digital Library availability,"Table x.8 col (12), All management"
Bihar,2023-24,All,schools_with_digital_library,1214,count,UDISE_2023-2024.pdf,165,Schools having Digital Library availability,"Table x.8 col (7), All management"
Bihar,2023-24,All,schools_with_digital_library,1.3,percent,UDISE_2023-2024.pdf,165,Percentage of Schools having Digital Library availability,"Table x.8 col (12), All management"
Chandigarh,2023-24,All,schools_with_digital_library,27,count,UDISE_2023-2024.pdf,165,Schools having Digital Library availability,"Table x.8 col (7), All management"
Chandigarh,2023-24,All,schools_with_digital_library,11.7,percent,UDISE_2023-2024.pdf,165,Percentage of Schools having Digital Library availability,"Table x.8 col (12), All management"
Chhattisgarh,2023-24,All,schools_with_digital_library,778,count,UDISE_2023-2024.pdf,165,Schools having Digital Library availability,"Table x.8 col (7), All management"
Chhattisgarh,2023-24,All,schools_with_digital_library,1.4,percent,UDISE_2023-2024.pdf,165,Percentage of Schools having Digital Library availability,"Table x.8 col (12), All management"
Dadra & Nagar Haveli and Daman & Diu,2023-24,All,schools_with_digital_library,4,count,UDISE_2023-2024.pdf,165,Schools having Digital Library availability,"Table x.8 col (7), All management"
Dadra & Nagar Haveli and Daman & Diu,2023-24,All,schools_with_digital_library,0.9,percent,UDISE_2023-2024.pdf,165,Percentage of Schools having Digital Library availability,"Table x.8 col (12), All management"
Delhi,2023-24,All,schools_with_digital_library,370,count,UDISE_2023-2024.pdf,165,Schools having Digital Library availability,"Table x.8 col (7), All management"
Delhi,2023-24,All,schools_with_digital_library,6.7,percent,UDISE_2023-2024.pdf,165,Percentage of Schools having Digital Library availability,"Table x.8 col (12), All management"
Goa,2023-24,All,schools_with_digital_library,32,count,UDISE_2023-2024.pdf,165,Schools having Digital Library availability,"Table x.8 col (7), All management"
Goa,2023-24,All,schools_with_digital_library,2.2,percent,UDISE_2023-2024.pdf,165,Percentage of Schools having Digital Library availability,"Table x.8 col (12), All management"
Gujarat,2023-24,All,schools_with_digital_library,1371,count,UDISE_2023-2024.pdf,165,Schools having Digital Library availability,"Table x.8 col (7), All management"
Gujarat,2023-24,All,schools_with_digital_library,2.6,percent,UDISE_2023-2024.pdf,165,Percentage of Schools having Digital Library availability,"Table x.8 col (12), All management"
Haryana,2023-24,All,schools_with_digital_library,722,count,UDISE_2023-2024.pdf,165,Schools having Digital Library availability,"Table x.8 col (7), All management"
Haryana,2023-24,All,schools_with_digital_library,3.1,percent,UDISE_2023-2024.pdf,165,Percentage of Schools having Digital Library availability,"Table x.8 col (12), All management"
Himachal Pradesh,2023-24,All,schools_with_digital_library,394,count,UDISE_2023-2024.pdf,165,Schools having Digital Library availability,"Table x.8 col (7), All management"
Himachal Pradesh,2023-24,All,schools_with_digital_library,2.2,percent,UDISE_2023-2024.pdf,165,Percentage of Schools having Digital Library availability,"Table x.8 col (12), All management"
Jammu & Kashmir,2023-24,All,schools_with_digital_library,373,count,UDISE_2023-2024.pdf,165,Schools having Digital Library availability,"Table x.8 col (7), All management"
Jammu & Kashmir,2023-24,All,schools_with_digital_library,1.5,percent,UDISE_2023-2024.pdf,165,Percentage of Schools having Digital Library availability,"Table x.8 col (12), All management"
Jharkhand,2023-24,All,schools_with_digital_library,855,count,UDISE_2023-2024.pdf,165,Schools having Digital Library availability,"Table x.8 col (7), All management"
Jharkhand,2023-24,All,schools_with_digital_library,1.9,percent,UDISE_2023-2024.pdf,165,Percentage of Schools having Digital Library availability,"Table x.8 col (12), All management"
Karnataka,2023-24,All,schools_with_digital_library,2960,count,UDISE_2023-2024.pdf,165,Schools having Digital Library availability,"Table x.8 col (7), All management"
Karnataka,2023-24,All,schools_with_digital_library,3.9,percent,UDISE_2023-2024.pdf,165,Percentage of Schools having Digital Library availability,"Table x.8 col (12), All management"
Kerala,2023-24,All,schools_with_digital_library,3416,count,UDISE_2023-2024.pdf,165,Schools having Digital Library availability,"Table x.8 col (7), All management"
Kerala,2023-24,All,schools_with_digital_library,21.5,percent,UDISE_2023-2024.pdf,165,Percentage of Schools having Digital Library availability,"Table x.8 col (12), All management"
Ladakh,2023-24,All,schools_with_digital_library,44,count,UDISE_2023-2024.pdf,165,Schools having Digital Library availability,"Table x.8 col (7), All management"
Ladakh,2023-24,All,schools_with_digital_library,4.4,percent,UDISE_2023-2024.pdf,165,Percentage of Schools having Digital Library availability,"Table x.8 col (12), All management"
Lakshadweep,2023-24,All,schools_with_digital_library,1,count,UDISE_2023-2024.pdf,165,Schools having Digital Library availability,"Table x.8 col (7), All management"
Lakshadweep,2023-24,All,schools_with_digital_library,2.7,percent,UDISE_2023-2024.pdf,165,Percentage of Schools having Digital Library availability,"Table x.8 col (12), All management"
Madhya Pradesh,2023-24,All,schools_with_digital_library,2648,count,UDISE_2023-2024.pdf,165,Schools having Digital Library availability,"Table x.8 col (7), All management"
Madhya Pradesh,2023-24,All,schools_with_digital_library,2.1,percent,UDISE_2023-2024.pdf,165,Percentage of Schools having Digital Library availability,"Table x.8 col (12), All management"
Maharashtra,2023-24,All,schools_with_digital_library,9712,count,UDISE_2023-2024.pdf,165,Schools having Digital Library availability,"Table x.8 col (7), All management"
Maharashtra,2023-24,All,schools_with_digital_library,9,percent,UDISE_2023-2024.pdf,165,Percentage of Schools having Digital Library availability,"Table x.8 col (12), All management"
Manipur,2023-24,All,schools_with_digital_library,59,count,UDISE_2023-2024.pdf,165,Schools having Digital Library availability,"Table x.8 col (7), All management"
Manipur,2023-24,All,schools_with_digital_library,1.3,percent,UDISE_2023-2024.pdf,165,Percentage of Schools having Digital Library availability,"Table x.8 col (12), All management"
Meghalaya,2023-24,All,schools_with_digital_library,100,count,UDISE_2023-2024.pdf,165,Schools having Digital Library availability,"Table x.8 col (7), All management"
Meghalaya,2023-24,All,schools_with_digital_library,0.7,percent,UDISE_2023-2024.pdf,165,Percentage of Schools having Digital Library availability,"Table x.8 col (12), All management"
Mizoram,2023-24,All,schools_with_digital_library,3,count,UDISE_2023-2024.pdf,165,Schools having Digital Library availability,"Table x.8 col (7), All management"
Mizoram,2023-24,All,schools_with_digital_library,0.1,percent,UDISE_2023-2024.pdf,165,Percentage of Schools having Digital Library availability,"Table x.8 col (12), All management"
Nagaland,2023-24,All,schools_with_digital_library,32,count,UDISE_2023-2024.pdf,165,Schools having Digital Library availability,"Table x.8 col (7), All management"
Nagaland,2023-24,All,schools_with_digital_library,1.2,percent,UDISE_2023-2024.pdf,165,Percentage of Schools having Digital Library availability,"Table x.8 col (12), All management"
Odisha,2023-24,All,schools_with_digital_library,8722,count,UDISE_2023-2024.pdf,165,Schools having Digital Library availability,"Table x.8 col (7), All management"
Odisha,2023-24,All,schools_with_digital_library,14.1,percent,UDISE_2023-2024.pdf,165,Percentage of Schools having Digital Library availability,"Table x.8 col (12), All management"
Puducherry,2023-24,All,schools_with_digital_library,50,count,UDISE_2023-2024.pdf,165,Schools having Digital Library availability,"Table x.8 col (7), All management"
Puducherry,2023-24,All,schools_with_digital_library,6.8,percent,UDISE_2023-2024.pdf,165,Percentage of Schools having Digital Library availability,"Table x.8 col (12), All management"
Punjab,2023-24,All,schools_with_digital_library,1503,count,UDISE_2023-2024.pdf,165,Schools having Digital Library availability,"Table x.8 col (7), All management"
Punjab,2023-24,All,schools_with_digital_library,5.5,percent,UDISE_2023-2024.pdf,165,Percentage of Schools having Digital Library availability,"Table x.8 col (12), All management"
Rajasthan,2023-24,All,schools_with_digital_library,1945,count,UDISE_2023-2024.pdf,165,Schools having Digital Library availability,"Table x.8 col (7), All management"
Rajasthan,2023-24,All,schools_with_digital_library,1.8,percent,UDISE_2023-2024.pdf,165,Percentage of Schools having Digital Library availability,"Table x.8 col (12), All management"
Sikkim,2023-24,All,schools_with_digital_library,68,count,UDISE_2023-2024.pdf,165,Schools having Digital Library availability,"Table x.8 col (7), All management"
Sikkim,2023-24,All,schools_with_digital_library,5.4,percent,UDISE_2023-2024.pdf,165,Percentage of Schools having Digital Library availability,"Table x.8 col (12), All management"
Tamil Nadu,2023-24,All,schools_with_digital_library,58079,count,UDISE_2023-2024.pdf,165,Schools having Digital Library availability,"Table x.8 col (7), All management"
Tamil Nadu,2023-24,All,schools_with_digital_library,98.9,percent,UDISE_2023-2024.pdf,165,Percentage of Schools having Digital Library availability,"Table x.8 col (12), All management"
Telangana,2023-24,All,schools_with_digital_library,1314,count,UDISE_2023-2024.pdf,165,Schools having Digital Library availability,"Table x.8 col (7), All management"
Telangana,2023-24,All,schools_with_digital_library,3.1,percent,UDISE_2023-2024.pdf,165,Percentage of Schools having Digital Library availability,"Table x.8 col (12), All management"
Tripura,2023-24,All,schools_with_digital_library,131,count,UDISE_2023-2024.pdf,165,Schools having Digital Library availability,"Table x.8 col (7), All management"
Tripura,2023-24,All,schools_with_digital_library,2.7,percent,UDISE_2023-2024.pdf,165,Percentage of Schools having Digital Library availability,"Table x.8 col (12), All management"
Uttar Pradesh,2023-24,All,schools_with_digital_library,4547,count,UDISE_2023-2024.pdf,165,Schools having Digital Library availability,"Table x.8 col (7), All management"
Uttar Pradesh,2023-24,All,schools_with_digital_library,1.8,percent,UDISE_2023-2024.pdf,165,Percentage of Schools having Digital Library availability,"Table x.8 col (12), All management"
Uttarakhand,2023-24,All,schools_with_digital_library,320,count,UDISE_2023-2024.pdf,165,Schools having Digital Library availability,"Table x.8 col (7), All management"
Uttarakhand,2023-24,All,schools_with_digital_library,1.4,percent,UDISE_2023-2024.pdf,165,Percentage of Schools having Digital Library availability,"Table x.8 col (12), All management"
West Bengal,2023-24,All,schools_with_digital_library,375,count,UDISE_2023-2024.pdf,165,Schools having Digital Library availability,"Table x.8 col (7), All management"
West Bengal,2023-24,All,schools_with_digital_library,0.4,percent,UDISE_2023-2024.pdf,165,Percentage of Schools having Digital Library availability,"Table x.8 col (12), All management"
India,2023-24,Middle and Secondary,govt_schools_total,394634,count,UDISE_2023-2024.pdf,166,Number of Government Schools with Middle and Secondary sections having: Total,Table x.9 col (2)
India,2023-24,Middle and Secondary,govt_schools_with_ict_lab,91289,count,UDISE_2023-2024.pdf,166,Number of Government Schools with Middle and Secondary sections having: ICT labs,Table x.9 col (3)
India,2023-24,Middle and Secondary,govt_schools_with_functional_ict_lab,76256,count,UDISE_2023-2024.pdf,166,Number of Government Schools with Middle and Secondary sections having: Functional ICT Labs,Table x.9 col (4)
India,2023-24,Middle and Secondary,govt_aided_schools_total,63431,count,UDISE_2023-2024.pdf,166,Number of Government Aided Schools with Middle and Secondary sections having: Total,Table x.9 col (5)
India,2023-24,Middle and Secondary,govt_aided_schools_with_ict_lab,16033,count,UDISE_2023-2024.pdf,166,Number of Government Aided Schools with Middle and Secondary sections having: ICT labs,Table x.9 col (6)
India,2023-24,Middle and Secondary,govt_aided_schools_with_functional_ict_lab,12151,count,UDISE_2023-2024.pdf,166,Number of Government Aided Schools with Middle and Secondary sections having: Functional ICT Labs,Table x.9 col (7)
India,2023-24,Middle and Secondary,govt_schools_with_ict_lab,23.1,percent,UDISE_2023-2024.pdf,166,Percentage of Government Schools with Middle and Secondary sections having: ICT labs,Table x.9 col (8)
India,2023-24,Middle and Secondary,govt_schools_with_functional_ict_lab,19.3,percent,UDISE_2023-2024.pdf,166,Percentage of Government Schools with Middle and Secondary sections having: Functional ICT Labs,Table x.9 col (9)
India,2023-24,Middle and Secondary,govt_aided_schools_with_ict_lab,25.3,percent,UDISE_2023-2024.pdf,166,Percentage of Government Aided Schools with Middle and Secondary sections having: ICT labs,Table x.9 col (10)
India,2023-24,Middle and Secondary,govt_aided_schools_with_functional_ict_lab,19.2,percent,UDISE_2023-2024.pdf,166,Percentage of Government Aided Schools with Middle and Secondary sections having: Functional ICT Labs,Table x.9 col (11)
Andaman & Nicobar Islands,2023-24,Middle and Secondary,govt_schools_total,158,count,UDISE_2023-2024.pdf,166,Number of Government Schools with Middle and Secondary sections having: Total,Table x.9 col (2)
Andaman & Nicobar Islands,2023-24,Middle and Secondary,govt_schools_with_ict_lab,133,count,UDISE_2023-2024.pdf,166,Number of Government Schools with Middle and Secondary sections having: ICT labs,Table x.9 col (3)
Andaman & Nicobar Islands,2023-24,Middle and Secondary,govt_schools_with_functional_ict_lab,131,count,UDISE_2023-2024.pdf,166,Number of Government Schools with Middle and Secondary sections having: Functional ICT Labs,Table x.9 col (4)
Andaman & Nicobar Islands,2023-24,Middle and Secondary,govt_aided_schools_total,2,count,UDISE_2023-2024.pdf,166,Number of Government Aided Schools with Middle and Secondary sections having: Total,Table x.9 col (5)
Andaman & Nicobar Islands,2023-24,Middle and Secondary,govt_aided_schools_with_ict_lab,0,count,UDISE_2023-2024.pdf,166,Number of Government Aided Schools with Middle and Secondary sections having: ICT labs,Table x.9 col (6)
Andaman & Nicobar Islands,2023-24,Middle and Secondary,govt_aided_schools_with_functional_ict_lab,0,count,UDISE_2023-2024.pdf,166,Number of Government Aided Schools with Middle and Secondary sections having: Functional ICT Labs,Table x.9 col (7)
Andaman & Nicobar Islands,2023-24,Middle and Secondary,govt_schools_with_ict_lab,84.2,percent,UDISE_2023-2024.pdf,166,Percentage of Government Schools with Middle and Secondary sections having: ICT labs,Table x.9 col (8)
Andaman & Nicobar Islands,2023-24,Middle and Secondary,govt_schools_with_functional_ict_lab,82.9,percent,UDISE_2023-2024.pdf,166,Percentage of Government Schools with Middle and Secondary sections having: Functional ICT Labs,Table x.9 col (9)
Andaman & Nicobar Islands,2023-24,Middle and Secondary,govt_aided_schools_with_ict_lab,0,percent,UDISE_2023-2024.pdf,166,Percentage of Government Aided Schools with Middle and Secondary sections having: ICT labs,Table x.9 col (10)
Andaman & Nicobar Islands,2023-24,Middle and Secondary,govt_aided_schools_with_functional_ict_lab,0,percent,UDISE_2023-2024.pdf,166,Percentage of Government Aided Schools with Middle and Secondary sections having: Functional ICT Labs,Table x.9 col (11)
Andhra Pradesh,2023-24,Middle and Secondary,govt_schools_total,11302,count,UDISE_2023-2024.pdf,166,Number of Government Schools with Middle and Secondary sections having: Total,Table x.9 col (2)
Andhra Pradesh,2023-24,Middle and Secondary,govt_schools_with_ict_lab,2005,count,UDISE_2023-2024.pdf,166,Number of Government Schools with Middle and Secondary sections having: ICT labs,Table x.9 col (3)
Andhra Pradesh,2023-24,Middle and Secondary,govt_schools_with_functional_ict_lab,1487,count,UDISE_2023-2024.pdf,166,Number of Government Schools with Middle and Secondary sections having: Functional ICT Labs,Table x.9 col (4)
Andhra Pradesh,2023-24,Middle and Secondary,govt_aided_schools_total,462,count,UDISE_2023-2024.pdf,166,Number of Government Aided Schools with Middle and Secondary sections having: Total,Table x.9 col (5)
Andhra Pradesh,2023-24,Middle and Secondary,govt_aided_schools_with_ict_lab,55,count,UDISE_2023-2024.pdf,166,Number of Government Aided Schools with Middle and Secondary sections having: ICT labs,Table x.9 col (6)
Andhra Pradesh,2023-24,Middle and Secondary,govt_aided_schools_with_functional_ict_lab,51,count,UDISE_2023-2024.pdf,166,Number of Government Aided Schools with Middle and Secondary sections having: Functional ICT Labs,Table x.9 col (7)
Andhra Pradesh,2023-24,Middle and Secondary,govt_schools_with_ict_lab,17.7,percent,UDISE_2023-2024.pdf,166,Percentage of Government Schools with Middle and Secondary sections having: ICT labs,Table x.9 col (8)
Andhra Pradesh,2023-24,Middle and Secondary,govt_schools_with_functional_ict_lab,13.2,percent,UDISE_2023-2024.pdf,166,Percentage of Government Schools with Middle and Secondary sections having: Functional ICT Labs,Table x.9 col (9)
Andhra Pradesh,2023-24,Middle and Secondary,govt_aided_schools_with_ict_lab,11.9,percent,UDISE_2023-2024.pdf,166,Percentage of Government Aided Schools with Middle and Secondary sections having: ICT labs,Table x.9 col (10)
Andhra Pradesh,2023-24,Middle and Secondary,govt_aided_schools_with_functional_ict_lab,11,percent,UDISE_2023-2024.pdf,166,Percentage of Government Aided Schools with Middle and Secondary sections having: Functional ICT Labs,Table x.9 col (11)
Arunachal Pradesh,2023-24,Middle and Secondary,govt_schools_total,1309,count,UDISE_2023-2024.pdf,166,Number of Government Schools with Middle and Secondary sections having: Total,Table x.9 col (2)
Arunachal Pradesh,2023-24,Middle and Secondary,govt_schools_with_ict_lab,159,count,UDISE_2023-2024.pdf,166,Number of Government Schools with Middle and Secondary sections having: ICT labs,Table x.9 col (3)
Arunachal Pradesh,2023-24,Middle and Secondary,govt_schools_with_functional_ict_lab,130,count,UDISE_2023-2024.pdf,166,Number of Government Schools with Middle and Secondary sections having: Functional ICT Labs,Table x.9 col (4)
Arunachal Pradesh,2023-24,Middle and Secondary,govt_aided_schools_total,61,count,UDISE_2023-2024.pdf,166,Number of Government Aided Schools with Middle and Secondary sections having: Total,Table x.9 col (5)
Arunachal Pradesh,2023-24,Middle and Secondary,govt_aided_schools_with_ict_lab,9,count,UDISE_2023-2024.pdf,166,Number of Government Aided Schools with Middle and Secondary sections having: ICT labs,Table x.9 col (6)
Arunachal Pradesh,2023-24,Middle and Secondary,govt_aided_schools_with_functional_ict_lab,8,count,UDISE_2023-2024.pdf,166,Number of Government Aided Schools with Middle and Secondary sections having: Functional ICT Labs,Table x.9 col (7)
Arunachal Pradesh,2023-24,Middle and Secondary,govt_schools_with_ict_lab,12.1,percent,UDISE_2023-2024.pdf,166,Percentage of Government Schools with Middle and Secondary sections having: ICT labs,Table x.9 col (8)
Arunachal Pradesh,2023-24,Middle and Secondary,govt_schools_with_functional_ict_lab,9.9,percent,UDISE_2023-2024.pdf,166,Percentage of Government Schools with Middle and Secondary sections having: Functional ICT Labs,Table x.9 col (9)
Arunachal Pradesh,2023-24,Middle and Secondary,govt_aided_schools_with_ict_lab,14.8,percent,UDISE_2023-2024.pdf,166,Percentage of Government Aided Schools with Middle and Secondary sections having: ICT labs,Table x.9 col (10)
Arunachal Pradesh,2023-24,Middle and Secondary,govt_aided_schools_with_functional_ict_lab,13.1,percent,UDISE_2023-2024.pdf,166,Percentage of Government Aided Schools with Middle and Secondary sections having: Functional ICT Labs,Table x.9 col (11)
Assam,2023-24,Middle and Secondary,govt_schools_total,11068,count,UDISE_2023-2024.pdf,166,Number of Government Schools with Middle and Secondary sections having: Total,Table x.9 col (2)
Assam,2023-24,Middle and Secondary,govt_schools_with_ict_lab,4591,count,UDISE_2023-2024.pdf,166,Number of Government Schools with Middle and Secondary sections having: ICT labs,Table x.9 col (3)
Assam,2023-24,Middle and Secondary,govt_schools_with_functional_ict_lab,3556,count,UDISE_2023-2024.pdf,166,Number of Government Schools with Middle and Secondary sections having: Functional ICT Labs,Table x.9 col (4)
Assam,2023-24,Middle and Secondary,govt_aided_schools_total,2266,count,UDISE_2023-2024.pdf,166,Number of Government Aided Schools with Middle and Secondary sections having: Total,Table x.9 col (5)
Assam,2023-24,Middle and Secondary,govt_aided_schools_with_ict_lab,26,count,UDISE_2023-2024.pdf,166,Number of Government Aided Schools with Middle and Secondary sections having: ICT labs,Table x.9 col (6)
Assam,2023-24,Middle and Secondary,govt_aided_schools_with_functional_ict_lab,12,count,UDISE_2023-2024.pdf,166,Number of Government Aided Schools with Middle and Secondary sections having: Functional ICT Labs,Table x.9 col (7)
Assam,2023-24,Middle and Secondary,govt_schools_with_ict_lab,41.5,percent,UDISE_2023-2024.pdf,166,Percentage of Government Schools with Middle and Secondary sections having: ICT labs,Table x.9 col (8)
Assam,2023-24,Middle and Secondary,govt_schools_with_functional_ict_lab,32.1,percent,UDISE_2023-2024.pdf,166,Percentage of Government Schools with Middle and Secondary sections having: Functional ICT Labs,Table x.9 col (9)
Assam,2023-24,Middle and Secondary,govt_aided_schools_with_ict_lab,1.1,percent,UDISE_2023-2024.pdf,166,Percentage of Government Aided Schools with Middle and Secondary sections having: ICT labs,Table x.9 col (10)
Assam,2023-24,Middle and Secondary,govt_aided_schools_with_functional_ict_lab,0.5,percent,UDISE_2023-2024.pdf,166,Percentage of Government Aided Schools with Middle and Secondary sections having: Functional ICT Labs,Table x.9 col (11)
Bihar,2023-24,Middle and Secondary,govt_schools_total,37839,count,UDISE_2023-2024.pdf,166,Number of Government Schools with Middle and Secondary sections having: Total,Table x.9 col (2)
Bihar,2023-24,Middle and Secondary,govt_schools_with_ict_lab,2597,count,UDISE_2023-2024.pdf,166,Number of Government Schools with Middle and Secondary sections having: ICT labs,Table x.9 col (3)
Bihar,2023-24,Middle and Secondary,govt_schools_with_functional_ict_lab,2375,count,UDISE_2023-2024.pdf,166,Number of Government Schools with Middle and Secondary sections having: Functional ICT Labs,Table x.9 col (4)
Bihar,2023-24,Middle and Secondary,govt_aided_schools_total,686,count,UDISE_2023-2024.pdf,166,Number of Government Aided Schools with Middle and Secondary sections having: Total,Table x.9 col (5)
Bihar,2023-24,Middle and Secondary,govt_aided_schools_with_ict_lab,13,count,UDISE_2023-2024.pdf,166,Number of Government Aided Schools with Middle and Secondary sections having: ICT labs,Table x.9 col (6)
Bihar,2023-24,Middle and Secondary,govt_aided_schools_with_functional_ict_lab,11,count,UDISE_2023-2024.pdf,166,Number of Government Aided Schools with Middle and Secondary sections having: Functional ICT Labs,Table x.9 col (7)
Bihar,2023-24,Middle and Secondary,govt_schools_with_ict_lab,6.9,percent,UDISE_2023-2024.pdf,166,Percentage of Government Schools with Middle and Secondary sections having: ICT labs,Table x.9 col (8)
Bihar,2023-24,Middle and Secondary,govt_schools_with_functional_ict_lab,6.3,percent,UDISE_2023-2024.pdf,166,Percentage of Government Schools with Middle and Secondary sections having: Functional ICT Labs,Table x.9 col (9)
Bihar,2023-24,Middle and Secondary,govt_aided_schools_with_ict_lab,1.9,percent,UDISE_2023-2024.pdf,166,Percentage of Government Aided Schools with Middle and Secondary sections having: ICT labs,Table x.9 col (10)
Bihar,2023-24,Middle and Secondary,govt_aided_schools_with_functional_ict_lab,1.6,percent,UDISE_2023-2024.pdf,166,Percentage of Government Aided Schools with Middle and Secondary sections having: Functional ICT Labs,Table x.9 col (11)
Chandigarh,2023-24,Middle and Secondary,govt_schools_total,115,count,UDISE_2023-2024.pdf,166,Number of Government Schools with Middle and Secondary sections having: Total,Table x.9 col (2)
Chandigarh,2023-24,Middle and Secondary,govt_schools_with_ict_lab,111,count,UDISE_2023-2024.pdf,166,Number of Government Schools with Middle and Secondary sections having: ICT labs,Table x.9 col (3)
Chandigarh,2023-24,Middle and Secondary,govt_schools_with_functional_ict_lab,106,count,UDISE_2023-2024.pdf,166,Number of Government Schools with Middle and Secondary sections having: Functional ICT Labs,Table x.9 col (4)
Chandigarh,2023-24,Middle and Secondary,govt_aided_schools_total,7,count,UDISE_2023-2024.pdf,166,Number of Government Aided Schools with Middle and Secondary sections having: Total,Table x.9 col (5)
Chandigarh,2023-24,Middle and Secondary,govt_aided_schools_with_ict_lab,7,count,UDISE_2023-2024.pdf,166,Number of Government Aided Schools with Middle and Secondary sections having: ICT labs,Table x.9 col (6)
Chandigarh,2023-24,Middle and Secondary,govt_aided_schools_with_functional_ict_lab,6,count,UDISE_2023-2024.pdf,166,Number of Government Aided Schools with Middle and Secondary sections having: Functional ICT Labs,Table x.9 col (7)
Chandigarh,2023-24,Middle and Secondary,govt_schools_with_ict_lab,96.5,percent,UDISE_2023-2024.pdf,166,Percentage of Government Schools with Middle and Secondary sections having: ICT labs,Table x.9 col (8)
Chandigarh,2023-24,Middle and Secondary,govt_schools_with_functional_ict_lab,92.2,percent,UDISE_2023-2024.pdf,166,Percentage of Government Schools with Middle and Secondary sections having: Functional ICT Labs,Table x.9 col (9)
Chandigarh,2023-24,Middle and Secondary,govt_aided_schools_with_ict_lab,100,percent,UDISE_2023-2024.pdf,166,Percentage of Government Aided Schools with Middle and Secondary sections having: ICT labs,Table x.9 col (10)
Chandigarh,2023-24,Middle and Secondary,govt_aided_schools_with_functional_ict_lab,85.7,percent,UDISE_2023-2024.pdf,166,Percentage of Government Aided Schools with Middle and Secondary sections having: Functional ICT Labs,Table x.9 col (11)
Chhattisgarh,2023-24,Middle and Secondary,govt_schools_total,18094,count,UDISE_2023-2024.pdf,166,Number of Government Schools with Middle and Secondary sections having: Total,Table x.9 col (2)
Chhattisgarh,2023-24,Middle and Secondary,govt_schools_with_ict_lab,2171,count,UDISE_2023-2024.pdf,166,Number of Government Schools with Middle and Secondary sections having: ICT labs,Table x.9 col (3)
Chhattisgarh,2023-24,Middle and Secondary,govt_schools_with_functional_ict_lab,1452,count,UDISE_2023-2024.pdf,166,Number of Government Schools with Middle and Secondary sections having: Functional ICT Labs,Table x.9 col (4)
Chhattisgarh,2023-24,Middle and Secondary,govt_aided_schools_total,211,count,UDISE_2023-2024.pdf,166,Number of Government Aided Schools with Middle and Secondary sections having: Total,Table x.9 col (5)
Chhattisgarh,2023-24,Middle and Secondary,govt_aided_schools_with_ict_lab,3,count,UDISE_2023-2024.pdf,166,Number of Government Aided Schools with Middle and Secondary sections having: ICT labs,Table x.9 col (6)
Chhattisgarh,2023-24,Middle and Secondary,govt_aided_schools_with_functional_ict_lab,2,count,UDISE_2023-2024.pdf,166,Number of Government Aided Schools with Middle and Secondary sections having: Functional ICT Labs,Table x.9 col (7)
Chhattisgarh,2023-24,Middle and Secondary,govt_schools_with_ict_lab,12,percent,UDISE_2023-2024.pdf,166,Percentage of Government Schools with Middle and Secondary sections having: ICT labs,Table x.9 col (8)
Chhattisgarh,2023-24,Middle and Secondary,govt_schools_with_functional_ict_lab,8,percent,UDISE_2023-2024.pdf,166,Percentage of Government Schools with Middle and Secondary sections having: Functional ICT Labs,Table x.9 col (9)
Chhattisgarh,2023-24,Middle and Secondary,govt_aided_schools_with_ict_lab,1.4,percent,UDISE_2023-2024.pdf,166,Percentage of Government Aided Schools with Middle and Secondary sections having: ICT labs,Table x.9 col (10)
Chhattisgarh,2023-24,Middle and Secondary,govt_aided_schools_with_functional_ict_lab,0.9,percent,UDISE_2023-2024.pdf,166,Percentage of Government Aided Schools with Middle and Secondary sections having: Functional ICT Labs,Table x.9 col (11)
Dadra & Nagar Haveli and Daman & Diu,2023-24,Middle and Secondary,govt_schools_total,214,count,UDISE_2023-2024.pdf,166,Number of Government Schools with Middle and Secondary sections having: Total,Table x.9 col (2)
Dadra & Nagar Haveli and Daman & Diu,2023-24,Middle and Secondary,govt_schools_with_ict_lab,128,count,UDISE_2023-2024.pdf,166,Number of Government Schools with Middle and Secondary sections having: ICT labs,Table x.9 col (3)
Dadra & Nagar Haveli and Daman & Diu,2023-24,Middle and Secondary,govt_schools_with_functional_ict_lab,126,count,UDISE_2023-2024.pdf,166,Number of Government Schools with Middle and Secondary sections having: Functional ICT Labs,Table x.9 col (4)
Dadra & Nagar Haveli and Daman & Diu,2023-24,Middle and Secondary,govt_aided_schools_total,8,count,UDISE_2023-2024.pdf,166,Number of Government Aided Schools with Middle and Secondary sections having: Total,Table x.9 col (5)
Dadra & Nagar Haveli and Daman & Diu,2023-24,Middle and Secondary,govt_aided_schools_with_ict_lab,6,count,UDISE_2023-2024.pdf,166,Number of Government Aided Schools with Middle and Secondary sections having: ICT labs,Table x.9 col (6)
Dadra & Nagar Haveli and Daman & Diu,2023-24,Middle and Secondary,govt_aided_schools_with_functional_ict_lab,6,count,UDISE_2023-2024.pdf,166,Number of Government Aided Schools with Middle and Secondary sections having: Functional ICT Labs,Table x.9 col (7)
Dadra & Nagar Haveli and Daman & Diu,2023-24,Middle and Secondary,govt_schools_with_ict_lab,59.8,percent,UDISE_2023-2024.pdf,166,Percentage of Government Schools with Middle and Secondary sections having: ICT labs,Table x.9 col (8)
Dadra & Nagar Haveli and Daman & Diu,2023-24,Middle and Secondary,govt_schools_with_functional_ict_lab,58.9,percent,UDISE_2023-2024.pdf,166,Percentage of Government Schools with Middle and Secondary sections having: Functional ICT Labs,Table x.9 col (9)
Dadra & Nagar Haveli and Daman & Diu,2023-24,Middle and Secondary,govt_aided_schools_with_ict_lab,75,percent,UDISE_2023-2024.pdf,166,Percentage of Government Aided Schools with Middle and Secondary sections having: ICT labs,Table x.9 col (10)
Dadra & Nagar Haveli and Daman & Diu,2023-24,Middle and Secondary,govt_aided_schools_with_functional_ict_lab,75,percent,UDISE_2023-2024.pdf,166,Percentage of Government Aided Schools with Middle and Secondary sections having: Functional ICT Labs,Table x.9 col (11)
Delhi,2023-24,Middle and Secondary,govt_schools_total,1142,count,UDISE_2023-2024.pdf,166,Number of Government Schools with Middle and Secondary sections having: Total,Table x.9 col (2)
Delhi,2023-24,Middle and Secondary,govt_schools_with_ict_lab,997,count,UDISE_2023-2024.pdf,166,Number of Government Schools with Middle and Secondary sections having: ICT labs,Table x.9 col (3)
Delhi,2023-24,Middle and Secondary,govt_schools_with_functional_ict_lab,709,count,UDISE_2023-2024.pdf,166,Number of Government Schools with Middle and Secondary sections having: Functional ICT Labs,Table x.9 col (4)
Delhi,2023-24,Middle and Secondary,govt_aided_schools_total,199,count,UDISE_2023-2024.pdf,166,Number of Government Aided Schools with Middle and Secondary sections having: Total,Table x.9 col (5)
Delhi,2023-24,Middle and Secondary,govt_aided_schools_with_ict_lab,137,count,UDISE_2023-2024.pdf,166,Number of Government Aided Schools with Middle and Secondary sections having: ICT labs,Table x.9 col (6)
Delhi,2023-24,Middle and Secondary,govt_aided_schools_with_functional_ict_lab,52,count,UDISE_2023-2024.pdf,166,Number of Government Aided Schools with Middle and Secondary sections having: Functional ICT Labs,Table x.9 col (7)
Delhi,2023-24,Middle and Secondary,govt_schools_with_ict_lab,87.3,percent,UDISE_2023-2024.pdf,166,Percentage of Government Schools with Middle and Secondary sections having: ICT labs,Table x.9 col (8)
Delhi,2023-24,Middle and Secondary,govt_schools_with_functional_ict_lab,62.1,percent,UDISE_2023-2024.pdf,166,Percentage of Government Schools with Middle and Secondary sections having: Functional ICT Labs,Table x.9 col (9)
Delhi,2023-24,Middle and Secondary,govt_aided_schools_with_ict_lab,68.8,percent,UDISE_2023-2024.pdf,166,Percentage of Government Aided Schools with Middle and Secondary sections having: ICT labs,Table x.9 col (10)
Delhi,2023-24,Middle and Secondary,govt_aided_schools_with_functional_ict_lab,26.1,percent,UDISE_2023-2024.pdf,166,Percentage of Government Aided Schools with Middle and Secondary sections having: Functional ICT Labs,Table x.9 col (11)
Goa,2023-24,Middle and Secondary,govt_schools_total,134,count,UDISE_2023-2024.pdf,166,Number of Government Schools with Middle and Secondary sections having: Total,Table x.9 col (2)
Goa,2023-24,Middle and Secondary,govt_schools_with_ict_lab,54,count,UDISE_2023-2024.pdf,166,Number of Government Schools with Middle and Secondary sections having: ICT labs,Table x.9 col (3)
Goa,2023-24,Middle and Secondary,govt_schools_with_functional_ict_lab,50,count,UDISE_2023-2024.pdf,166,Number of Government Schools with Middle and Secondary sections having: Functional ICT Labs,Table x.9 col (4)
Goa,2023-24,Middle and Secondary,govt_aided_schools_total,449,count,UDISE_2023-2024.pdf,166,Number of Government Aided Schools with Middle and Secondary sections having: Total,Table x.9 col (5)
Goa,2023-24,Middle and Secondary,govt_aided_schools_with_ict_lab,186,count,UDISE_2023-2024.pdf,166,Number of Government Aided Schools with Middle and Secondary sections having: ICT labs,Table x.9 col (6)
Goa,2023-24,Middle and Secondary,govt_aided_schools_with_functional_ict_lab,179,count,UDISE_2023-2024.pdf,166,Number of Government Aided Schools with Middle and Secondary sections having: Functional ICT Labs,Table x.9 col (7)
Goa,2023-24,Middle and Secondary,govt_schools_with_ict_lab,40.3,percent,UDISE_2023-2024.pdf,166,Percentage of Government Schools with Middle and Secondary sections having: ICT labs,Table x.9 col (8)
Goa,2023-24,Middle and Secondary,govt_schools_with_functional_ict_lab,37.3,percent,UDISE_2023-2024.pdf,166,Percentage of Government Schools with Middle and Secondary sections having: Functional ICT Labs,Table x.9 col (9)
Goa,2023-24,Middle and Secondary,govt_aided_schools_with_ict_lab,41.4,percent,UDISE_2023-2024.pdf,166,Percentage of Government Aided Schools with Middle and Secondary sections having: ICT labs,Table x.9 col (10)
Goa,2023-24,Middle and Secondary,govt_aided_schools_with_functional_ict_lab,39.9,percent,UDISE_2023-2024.pdf,166,Percentage of Government Aided Schools with Middle and Secondary sections having: Functional ICT Labs,Table x.9 col (11)
Gujarat,2023-24,Middle and Secondary,govt_schools_total,22242,count,UDISE_2023-2024.pdf,166,Number of Government Schools with Middle and Secondary sections having: Total,Table x.9 col (2)
Gujarat,2023-24,Middle and Secondary,govt_schools_with_ict_lab,10900,count,UDISE_2023-2024.pdf,166,Number of Government Schools with Middle and Secondary sections having: ICT labs,Table x.9 col (3)
Gujarat,2023-24,Middle and Secondary,govt_schools_with_functional_ict_lab,9755,count,UDISE_2023-2024.pdf,166,Number of Government Schools with Middle and Secondary sections having: Functional ICT Labs,Table x.9 col (4)
Gujarat,2023-24,Middle and Secondary,govt_aided_schools_total,5471,count,UDISE_2023-2024.pdf,166,Number of Government Aided Schools with Middle and Secondary sections having: Total,Table x.9 col (5)
Gujarat,2023-24,Middle and Secondary,govt_aided_schools_with_ict_lab,2094,count,UDISE_2023-2024.pdf,166,Number of Government Aided Schools with Middle and Secondary sections having: ICT labs,Table x.9 col (6)
Gujarat,2023-24,Middle and Secondary,govt_aided_schools_with_functional_ict_lab,1498,count,UDISE_2023-2024.pdf,166,Number of Government Aided Schools with Middle and Secondary sections having: Functional ICT Labs,Table x.9 col (7)
Gujarat,2023-24,Middle and Secondary,govt_schools_with_ict_lab,49,percent,UDISE_2023-2024.pdf,166,Percentage of Government Schools with Middle and Secondary sections having: ICT labs,Table x.9 col (8)
Gujarat,2023-24,Middle and Secondary,govt_schools_with_functional_ict_lab,43.9,percent,UDISE_2023-2024.pdf,166,Percentage of Government Schools with Middle and Secondary sections having: Functional ICT Labs,Table x.9 col (9)
Gujarat,2023-24,Middle and Secondary,govt_aided_schools_with_ict_lab,38.3,percent,UDISE_2023-2024.pdf,166,Percentage of Government Aided Schools with Middle and Secondary sections having: ICT labs,Table x.9 col (10)
Gujarat,2023-24,Middle and Secondary,govt_aided_schools_with_functional_ict_lab,27.4,percent,UDISE_2023-2024.pdf,166,Percentage of Government Aided Schools with Middle and Secondary sections having: Functional ICT Labs,Table x.9 col (11)
Haryana,2023-24,Middle and Secondary,govt_schools_total,5694,count,UDISE_2023-2024.pdf,166,Number of Government Schools with Middle and Secondary sections having: Total,Table x.9 col (2)
Haryana,2023-24,Middle and Secondary,govt_schools_with_ict_lab,2831,count,UDISE_2023-2024.pdf,166,Number of Government Schools with Middle and Secondary sections having: ICT labs,Table x.9 col (3)
Haryana,2023-24,Middle and Secondary,govt_schools_with_functional_ict_lab,2176,count,UDISE_2023-2024.pdf,166,Number of Government Schools with Middle and Secondary sections having: Functional ICT Labs,Table x.9 col (4)
Haryana,2023-24,Middle and Secondary,govt_aided_schools_total,4,count,UDISE_2023-2024.pdf,166,Number of Government Aided Schools with Middle and Secondary sections having: Total,Table x.9 col (5)
Haryana,2023-24,Middle and Secondary,govt_aided_schools_with_ict_lab,1,count,UDISE_2023-2024.pdf,166,Number of Government Aided Schools with Middle and Secondary sections having: ICT labs,Table x.9 col (6)
Haryana,2023-24,Middle and Secondary,govt_aided_schools_with_functional_ict_lab,1,count,UDISE_2023-2024.pdf,166,Number of Government Aided Schools with Middle and Secondary sections having: Functional ICT Labs,Table x.9 col (7)
Haryana,2023-24,Middle and Secondary,govt_schools_with_ict_lab,49.7,percent,UDISE_2023-2024.pdf,166,Percentage of Government Schools with Middle and Secondary sections having: ICT labs,Table x.9 col (8)
Haryana,2023-24,Middle and Secondary,govt_schools_with_functional_ict_lab,38.2,percent,UDISE_2023-2024.pdf,166,Percentage of Government Schools with Middle and Secondary sections having: Functional ICT Labs,Table x.9 col (9)
Haryana,2023-24,Middle and Secondary,govt_aided_schools_with_ict_lab,25,percent,UDISE_2023-2024.pdf,166,Percentage of Government Aided Schools with Middle and Secondary sections having: ICT labs,Table x.9 col (10)
Haryana,2023-24,Middle and Secondary,govt_aided_schools_with_functional_ict_lab,25,percent,UDISE_2023-2024.pdf,166,Percentage of Government Aided Schools with Middle and Secondary sections having: Functional ICT Labs,Table x.9 col (11)
Himachal Pradesh,2023-24,Middle and Secondary,govt_schools_total,4850,count,UDISE_2023-2024.pdf,166,Number of Government Schools with Middle and Secondary sections having: Total,Table x.9 col (2)
Himachal Pradesh,2023-24,Middle and Secondary,govt_schools_with_ict_lab,2695,count,UDISE_2023-2024.pdf,166,Number of Government Schools with Middle and Secondary sections having: ICT labs,Table x.9 col (3)
Himachal Pradesh,2023-24,Middle and Secondary,govt_schools_with_functional_ict_lab,2583,count,UDISE_2023-2024.pdf,166,Number of Government Schools with Middle and Secondary sections having: Functional ICT Labs,Table x.9 col (4)
Himachal Pradesh,2023-24,Middle and Secondary,govt_aided_schools_total,0,count,UDISE_2023-2024.pdf,166,Number of Government Aided Schools with Middle and Secondary sections having: Total,Table x.9 col (5)
Himachal Pradesh,2023-24,Middle and Secondary,govt_aided_schools_with_ict_lab,0,count,UDISE_2023-2024.pdf,166,Number of Government Aided Schools with Middle and Secondary sections having: ICT labs,Table x.9 col (6)
Himachal Pradesh,2023-24,Middle and Secondary,govt_aided_schools_with_functional_ict_lab,0,count,UDISE_2023-2024.pdf,166,Number of Government Aided Schools with Middle and Secondary sections having: Functional ICT Labs,Table x.9 col (7)
Himachal Pradesh,2023-24,Middle and Secondary,govt_schools_with_ict_lab,55.6,percent,UDISE_2023-2024.pdf,166,Percentage of Government Schools with Middle and Secondary sections having: ICT labs,Table x.9 col (8)
Himachal Pradesh,2023-24,Middle and Secondary,govt_schools_with_functional_ict_lab,53.3,percent,UDISE_2023-2024.pdf,166,Percentage of Government Schools with Middle and Secondary sections having: Functional ICT Labs,Table x.9 col (9)
Himachal Pradesh,2023-24,Middle and Secondary,govt_aided_schools_with_ict_lab,0,percent,UDISE_2023-2024.pdf,166,Percentage of Government Aided Schools with Middle and Secondary sections having: ICT labs,Table x.9 col (10)
Himachal Pradesh,2023-24,Middle and Secondary,govt_aided_schools_with_functional_ict_lab,0,percent,UDISE_2023-2024.pdf,166,Percentage of Government Aided Schools with Middle and Secondary sections having: Functional ICT Labs,Table x.9 col (11)
Jammu & Kashmir,2023-24,Middle and Secondary,govt_schools_total,9820,count,UDISE_2023-2024.pdf,166,Number of Government Schools with Middle and Secondary sections having: Total,Table x.9 col (2)
Jammu & Kashmir,2023-24,Middle and Secondary,govt_schools_with_ict_lab,2335,count,UDISE_2023-2024.pdf,166,Number of Government Schools with Middle and Secondary sections having: ICT labs,Table x.9 col (3)
Jammu & Kashmir,2023-24,Middle and Secondary,govt_schools_with_functional_ict_lab,2089,count,UDISE_2023-2024.pdf,166,Number of Government Schools with Middle and Secondary sections having: Functional ICT Labs,Table x.9 col (4)
Jammu & Kashmir,2023-24,Middle and Secondary,govt_aided_schools_total,1,count,UDISE_2023-2024.pdf,166,Number of Government Aided Schools with Middle and Secondary sections having: Total,Table x.9 col (5)
Jammu & Kashmir,2023-24,Middle and Secondary,govt_aided_schools_with_ict_lab,0,count,UDISE_2023-2024.pdf,166,Number of Government Aided Schools with Middle and Secondary sections having: ICT labs,Table x.9 col (6)
Jammu & Kashmir,2023-24,Middle and Secondary,govt_aided_schools_with_functional_ict_lab,0,count,UDISE_2023-2024.pdf,166,Number of Government Aided Schools with Middle and Secondary sections having: Functional ICT Labs,Table x.9 col (7)
Jammu & Kashmir,2023-24,Middle and Secondary,govt_schools_with_ict_lab,23.8,percent,UDISE_2023-2024.pdf,166,Percentage of Government Schools with Middle and Secondary sections having: ICT labs,Table x.9 col (8)
Jammu & Kashmir,2023-24,Middle and Secondary,govt_schools_with_functional_ict_lab,21.3,percent,UDISE_2023-2024.pdf,166,Percentage of Government Schools with Middle and Secondary sections having: Functional ICT Labs,Table x.9 col (9)
Jammu & Kashmir,2023-24,Middle and Secondary,govt_aided_schools_with_ict_lab,0,percent,UDISE_2023-2024.pdf,166,Percentage of Government Aided Schools with Middle and Secondary sections having: ICT labs,Table x.9 col (10)
Jammu & Kashmir,2023-24,Middle and Secondary,govt_aided_schools_with_functional_ict_lab,0,percent,UDISE_2023-2024.pdf,166,Percentage of Government Aided Schools with Middle and Secondary sections having: Functional ICT Labs,Table x.9 col (11)
Jharkhand,2023-24,Middle and Secondary,govt_schools_total,14521,count,UDISE_2023-2024.pdf,166,Number of Government Schools with Middle and Secondary sections having: Total,Table x.9 col (2)
Jharkhand,2023-24,Middle and Secondary,govt_schools_with_ict_lab,2921,count,UDISE_2023-2024.pdf,166,Number of Government Schools with Middle and Secondary sections having: ICT labs,Table x.9 col (3)
Jharkhand,2023-24,Middle and Secondary,govt_schools_with_functional_ict_lab,2626,count,UDISE_2023-2024.pdf,166,Number of Government Schools with Middle and Secondary sections having: Functional ICT Labs,Table x.9 col (4)
Jharkhand,2023-24,Middle and Secondary,govt_aided_schools_total,673,count,UDISE_2023-2024.pdf,166,Number of Government Aided Schools with Middle and Secondary sections having: Total,Table x.9 col (5)
Jharkhand,2023-24,Middle and Secondary,govt_aided_schools_with_ict_lab,36,count,UDISE_2023-2024.pdf,166,Number of Government Aided Schools with Middle and Secondary sections having: ICT labs,Table x.9 col (6)
Jharkhand,2023-24,Middle and Secondary,govt_aided_schools_with_functional_ict_lab,22,count,UDISE_2023-2024.pdf,166,Number of Government Aided Schools with Middle and Secondary sections having: Functional ICT Labs,Table x.9 col (7)
Jharkhand,2023-24,Middle and Secondary,govt_schools_with_ict_lab,20.1,percent,UDISE_2023-2024.pdf,166,Percentage of Government Schools with Middle and Secondary sections having: ICT labs,Table x.9 col (8)
Jharkhand,2023-24,Middle and Secondary,govt_schools_with_functional_ict_lab,18.1,percent,UDISE_2023-2024.pdf,166,Percentage of Government Schools with Middle and Secondary sections having: Functional ICT Labs,Table x.9 col (9)
Jharkhand,2023-24,Middle and Secondary,govt_aided_schools_with_ict_lab,5.3,percent,UDISE_2023-2024.pdf,166,Percentage of Government Aided Schools with Middle and Secondary sections having: ICT labs,Table x.9 col (10)
Jharkhand,2023-24,Middle and Secondary,govt_aided_schools_with_functional_ict_lab,3.3,percent,UDISE_2023-2024.pdf,166,Percentage of Government Aided Schools with Middle and Secondary sections having: Functional ICT Labs,Table x.9 col (11)
Karnataka,2023-24,Middle and Secondary,govt_schools_total,28627,count,UDISE_2023-2024.pdf,166,Number of Government Schools with Middle and Secondary sections having: Total,Table x.9 col (2)
Karnataka,2023-24,Middle and Secondary,govt_schools_with_ict_lab,3579,count,UDISE_2023-2024.pdf,166,Number of Government Schools with Middle and Secondary sections having: ICT labs,Table x.9 col (3)
Karnataka,2023-24,Middle and Secondary,govt_schools_with_functional_ict_lab,2396,count,UDISE_2023-2024.pdf,166,Number of Government Schools with Middle and Secondary sections having: Functional ICT Labs,Table x.9 col (4)
Karnataka,2023-24,Middle and Secondary,govt_aided_schools_total,6831,count,UDISE_2023-2024.pdf,166,Number of Government Aided Schools with Middle and Secondary sections having: Total,Table x.9 col (5)
Karnataka,2023-24,Middle and Secondary,govt_aided_schools_with_ict_lab,819,count,UDISE_2023-2024.pdf,166,Number of Government Aided Schools with Middle and Secondary sections having: ICT labs,Table x.9 col (6)
Karnataka,2023-24,Middle and Secondary,govt_aided_schools_with_functional_ict_lab,309,count,UDISE_2023-2024.pdf,166,Number of Government Aided Schools with Middle and Secondary sections having: Functional ICT Labs,Table x.9 col (7)
Karnataka,2023-24,Middle and Secondary,govt_schools_with_ict_lab,12.5,percent,UDISE_2023-2024.pdf,166,Percentage of Government Schools with Middle and Secondary sections having: ICT labs,Table x.9 col (8)
Karnataka,2023-24,Middle and Secondary,govt_schools_with_functional_ict_lab,8.4,percent,UDISE_2023-2024.pdf,166,Percentage of Government Schools with Middle and Secondary sections having: Functional ICT Labs,Table x.9 col (9)
Karnataka,2023-24,Middle and Secondary,govt_aided_schools_with_ict_lab,12,percent,UDISE_2023-2024.pdf,166,Percentage of Government Aided Schools with Middle and Secondary sections having: ICT labs,Table x.9 col (10)
Karnataka,2023-24,Middle and Secondary,govt_aided_schools_with_functional_ict_lab,4.5,percent,UDISE_2023-2024.pdf,166,Percentage of Government Aided Schools with Middle and Secondary sections having: Functional ICT Labs,Table x.9 col (11)
Kerala,2023-24,Middle and Secondary,govt_schools_total,2425,count,UDISE_2023-2024.pdf,166,Number of Government Schools with Middle and Secondary sections having: Total,Table x.9 col (2)
Kerala,2023-24,Middle and Secondary,govt_schools_with_ict_lab,1569,count,UDISE_2023-2024.pdf,166,Number of Government Schools with Middle and Secondary sections having: ICT labs,Table x.9 col (3)
Kerala,2023-24,Middle and Secondary,govt_schools_with_functional_ict_lab,1501,count,UDISE_2023-2024.pdf,166,Number of Government Schools with Middle and Secondary sections having: Functional ICT Labs,Table x.9 col (4)
Kerala,2023-24,Middle and Secondary,govt_aided_schools_total,3805,count,UDISE_2023-2024.pdf,166,Number of Government Aided Schools with Middle and Secondary sections having: Total,Table x.9 col (5)
Kerala,2023-24,Middle and Secondary,govt_aided_schools_with_ict_lab,2601,count,UDISE_2023-2024.pdf,166,Number of Government Aided Schools with Middle and Secondary sections having: ICT labs,Table x.9 col (6)
Kerala,2023-24,Middle and Secondary,govt_aided_schools_with_functional_ict_lab,2501,count,UDISE_2023-2024.pdf,166,Number of Government Aided Schools with Middle and Secondary sections having: Functional ICT Labs,Table x.9 col (7)
Kerala,2023-24,Middle and Secondary,govt_schools_with_ict_lab,64.7,percent,UDISE_2023-2024.pdf,166,Percentage of Government Schools with Middle and Secondary sections having: ICT labs,Table x.9 col (8)
Kerala,2023-24,Middle and Secondary,govt_schools_with_functional_ict_lab,61.9,percent,UDISE_2023-2024.pdf,166,Percentage of Government Schools with Middle and Secondary sections having: Functional ICT Labs,Table x.9 col (9)
Kerala,2023-24,Middle and Secondary,govt_aided_schools_with_ict_lab,68.4,percent,UDISE_2023-2024.pdf,166,Percentage of Government Aided Schools with Middle and Secondary sections having: ICT labs,Table x.9 col (10)
Kerala,2023-24,Middle and Secondary,govt_aided_schools_with_functional_ict_lab,65.7,percent,UDISE_2023-2024.pdf,166,Percentage of Government Aided Schools with Middle and Secondary sections having: Functional ICT Labs,Table x.9 col (11)
Ladakh,2023-24,Middle and Secondary,govt_schools_total,507,count,UDISE_2023-2024.pdf,166,Number of Government Schools with Middle and Secondary sections having: Total,Table x.9 col (2)
Ladakh,2023-24,Middle and Secondary,govt_schools_with_ict_lab,137,count,UDISE_2023-2024.pdf,166,Number of Government Schools with Middle and Secondary sections having: ICT labs,Table x.9 col (3)
Ladakh,2023-24,Middle and Secondary,govt_schools_with_functional_ict_lab,130,count,UDISE_2023-2024.pdf,166,Number of Government Schools with Middle and Secondary sections having: Functional ICT Labs,Table x.9 col (4)
Ladakh,2023-24,Middle and Secondary,govt_aided_schools_total,6,count,UDISE_2023-2024.pdf,166,Number of Government Aided Schools with Middle and Secondary sections having: Total,Table x.9 col (5)
Ladakh,2023-24,Middle and Secondary,govt_aided_schools_with_ict_lab,0,count,UDISE_2023-2024.pdf,166,Number of Government Aided Schools with Middle and Secondary sections having: ICT labs,Table x.9 col (6)
Ladakh,2023-24,Middle and Secondary,govt_aided_schools_with_functional_ict_lab,0,count,UDISE_2023-2024.pdf,166,Number of Government Aided Schools with Middle and Secondary sections having: Functional ICT Labs,Table x.9 col (7)
Ladakh,2023-24,Middle and Secondary,govt_schools_with_ict_lab,27,percent,UDISE_2023-2024.pdf,166,Percentage of Government Schools with Middle and Secondary sections having: ICT labs,Table x.9 col (8)
Ladakh,2023-24,Middle and Secondary,govt_schools_with_functional_ict_lab,25.6,percent,UDISE_2023-2024.pdf,166,Percentage of Government Schools with Middle and Secondary sections having: Functional ICT Labs,Table x.9 col (9)
Ladakh,2023-24,Middle and Secondary,govt_aided_schools_with_ict_lab,0,percent,UDISE_2023-2024.pdf,166,Percentage of Government Aided Schools with Middle and Secondary sections having: ICT labs,Table x.9 col (10)
Ladakh,2023-24,Middle and Secondary,govt_aided_schools_with_functional_ict_lab,0,percent,UDISE_2023-2024.pdf,166,Percentage of Government Aided Schools with Middle and Secondary sections having: Functional ICT Labs,Table x.9 col (11)
Lakshadweep,2023-24,Middle and Secondary,govt_schools_total,22,count,UDISE_2023-2024.pdf,166,Number of Government Schools with Middle and Secondary sections having: Total,Table x.9 col (2)
Lakshadweep,2023-24,Middle and Secondary,govt_schools_with_ict_lab,10,count,UDISE_2023-2024.pdf,166,Number of Government Schools with Middle and Secondary sections having: ICT labs,Table x.9 col (3)
Lakshadweep,2023-24,Middle and Secondary,govt_schools_with_functional_ict_lab,10,count,UDISE_2023-2024.pdf,166,Number of Government Schools with Middle and Secondary sections having: Functional ICT Labs,Table x.9 col (4)
Lakshadweep,2023-24,Middle and Secondary,govt_aided_schools_total,0,count,UDISE_2023-2024.pdf,166,Number of Government Aided Schools with Middle and Secondary sections having: Total,Table x.9 col (5)
Lakshadweep,2023-24,Middle and Secondary,govt_aided_schools_with_ict_lab,0,count,UDISE_2023-2024.pdf,166,Number of Government Aided Schools with Middle and Secondary sections having: ICT labs,Table x.9 col (6)
Lakshadweep,2023-24,Middle and Secondary,govt_aided_schools_with_functional_ict_lab,0,count,UDISE_2023-2024.pdf,166,Number of Government Aided Schools with Middle and Secondary sections having: Functional ICT Labs,Table x.9 col (7)
Lakshadweep,2023-24,Middle and Secondary,govt_schools_with_ict_lab,45.5,percent,UDISE_2023-2024.pdf,166,Percentage of Government Schools with Middle and Secondary sections having: ICT labs,Table x.9 col (8)
Lakshadweep,2023-24,Middle and Secondary,govt_schools_with_functional_ict_lab,45.5,percent,UDISE_2023-2024.pdf,166,Percentage of Government Schools with Middle and Secondary sections having: Functional ICT Labs,Table x.9 col (9)
Lakshadweep,2023-24,Middle and Secondary,govt_aided_schools_with_ict_lab,0,percent,UDISE_2023-2024.pdf,166,Percentage of Government Aided Schools with Middle and Secondary sections having: ICT labs,Table x.9 col (10)
Lakshadweep,2023-24,Middle and Secondary,govt_aided_schools_with_functional_ict_lab,0,percent,UDISE_2023-2024.pdf,166,Percentage of Government Aided Schools with Middle and Secondary sections having: Functional ICT Labs,Table x.9 col (11)
Madhya Pradesh,2023-24,Middle and Secondary,govt_schools_total,34161,count,UDISE_2023-2024.pdf,166,Number of Government Schools with Middle and Secondary sections having: Total,Table x.9 col (2)
Madhya Pradesh,2023-24,Middle and Secondary,govt_schools_with_ict_lab,2137,count,UDISE_2023-2024.pdf,166,Number of Government Schools with Middle and Secondary sections having: ICT labs,Table x.9 col (3)
Madhya Pradesh,2023-24,Middle and Secondary,govt_schools_with_functional_ict_lab,1957,count,UDISE_2023-2024.pdf,166,Number of Government Schools with Middle and Secondary sections having: Functional ICT Labs,Table x.9 col (4)
Madhya Pradesh,2023-24,Middle and Secondary,govt_aided_schools_total,388,count,UDISE_2023-2024.pdf,166,Number of Government Aided Schools with Middle and Secondary sections having: Total,Table x.9 col (5)
Madhya Pradesh,2023-24,Middle and Secondary,govt_aided_schools_with_ict_lab,7,count,UDISE_2023-2024.pdf,166,Number of Government Aided Schools with Middle and Secondary sections having: ICT labs,Table x.9 col (6)
Madhya Pradesh,2023-24,Middle and Secondary,govt_aided_schools_with_functional_ict_lab,5,count,UDISE_2023-2024.pdf,166,Number of Government Aided Schools with Middle and Secondary sections having: Functional ICT Labs,Table x.9 col (7)
Madhya Pradesh,2023-24,Middle and Secondary,govt_schools_with_ict_lab,6.3,percent,UDISE_2023-2024.pdf,166,Percentage of Government Schools with Middle and Secondary sections having: ICT labs,Table x.9 col (8)
Madhya Pradesh,2023-24,Middle and Secondary,govt_schools_with_functional_ict_lab,5.7,percent,UDISE_2023-2024.pdf,166,Percentage of Government Schools with Middle and Secondary sections having: Functional ICT Labs,Table x.9 col (9)
Madhya Pradesh,2023-24,Middle and Secondary,govt_aided_schools_with_ict_lab,1.8,percent,UDISE_2023-2024.pdf,166,Percentage of Government Aided Schools with Middle and Secondary sections having: ICT labs,Table x.9 col (10)
Madhya Pradesh,2023-24,Middle and Secondary,govt_aided_schools_with_functional_ict_lab,1.3,percent,UDISE_2023-2024.pdf,166,Percentage of Government Aided Schools with Middle and Secondary sections having: Functional ICT Labs,Table x.9 col (11)
Maharashtra,2023-24,Middle and Secondary,govt_schools_total,22565,count,UDISE_2023-2024.pdf,166,Number of Government Schools with Middle and Secondary sections having: Total,Table x.9 col (2)
Maharashtra,2023-24,Middle and Secondary,govt_schools_with_ict_lab,1957,count,UDISE_2023-2024.pdf,166,Number of Government Schools with Middle and Secondary sections having: ICT labs,Table x.9 col (3)
Maharashtra,2023-24,Middle and Secondary,govt_schools_with_functional_ict_lab,1507,count,UDISE_2023-2024.pdf,166,Number of Government Schools with Middle and Secondary sections having: Functional ICT Labs,Table x.9 col (4)
Maharashtra,2023-24,Middle and Secondary,govt_aided_schools_total,21005,count,UDISE_2023-2024.pdf,166,Number of Government Aided Schools with Middle and Secondary sections having: Total,Table x.9 col (5)
Maharashtra,2023-24,Middle and Secondary,govt_aided_schools_with_ict_lab,6857,count,UDISE_2023-2024.pdf,166,Number of Government Aided Schools with Middle and Secondary sections having: ICT labs,Table x.9 col (6)
Maharashtra,2023-24,Middle and Secondary,govt_aided_schools_with_functional_ict_lab,5359,count,UDISE_2023-2024.pdf,166,Number of Government Aided Schools with Middle and Secondary sections having: Functional ICT Labs,Table x.9 col (7)
Maharashtra,2023-24,Middle and Secondary,govt_schools_with_ict_lab,8.7,percent,UDISE_2023-2024.pdf,166,Percentage of Government Schools with Middle and Secondary sections having: ICT labs,Table x.9 col (8)
Maharashtra,2023-24,Middle and Secondary,govt_schools_with_functional_ict_lab,6.7,percent,UDISE_2023-2024.pdf,166,Percentage of Government Schools with Middle and Secondary sections having: Functional ICT Labs,Table x.9 col (9)
Maharashtra,2023-24,Middle and Secondary,govt_aided_schools_with_ict_lab,32.6,percent,UDISE_2023-2024.pdf,166,Percentage of Government Aided Schools with Middle and Secondary sections having: ICT labs,Table x.9 col (10)
Maharashtra,2023-24,Middle and Secondary,govt_aided_schools_with_functional_ict_lab,25.5,percent,UDISE_2023-2024.pdf,166,Percentage of Government Aided Schools with Middle and Secondary sections having: Functional ICT Labs,Table x.9 col (11)
Manipur,2023-24,Middle and Secondary,govt_schools_total,980,count,UDISE_2023-2024.pdf,166,Number of Government Schools with Middle and Secondary sections having: Total,Table x.9 col (2)
Manipur,2023-24,Middle and Secondary,govt_schools_with_ict_lab,338,count,UDISE_2023-2024.pdf,166,Number of Government Schools with Middle and Secondary sections having: ICT labs,Table x.9 col (3)
Manipur,2023-24,Middle and Secondary,govt_schools_with_functional_ict_lab,221,count,UDISE_2023-2024.pdf,166,Number of Government Schools with Middle and Secondary sections having: Functional ICT Labs,Table x.9 col (4)
Manipur,2023-24,Middle and Secondary,govt_aided_schools_total,185,count,UDISE_2023-2024.pdf,166,Number of Government Aided Schools with Middle and Secondary sections having: Total,Table x.9 col (5)
Manipur,2023-24,Middle and Secondary,govt_aided_schools_with_ict_lab,14,count,UDISE_2023-2024.pdf,166,Number of Government Aided Schools with Middle and Secondary sections having: ICT labs,Table x.9 col (6)
Manipur,2023-24,Middle and Secondary,govt_aided_schools_with_functional_ict_lab,9,count,UDISE_2023-2024.pdf,166,Number of Government Aided Schools with Middle and Secondary sections having: Functional ICT Labs,Table x.9 col (7)
Manipur,2023-24,Middle and Secondary,govt_schools_with_ict_lab,34.5,percent,UDISE_2023-2024.pdf,166,Percentage of Government Schools with Middle and Secondary sections having: ICT labs,Table x.9 col (8)
Manipur,2023-24,Middle and Secondary,govt_schools_with_functional_ict_lab,22.6,percent,UDISE_2023-2024.pdf,166,Percentage of Government Schools with Middle and Secondary sections having: Functional ICT Labs,Table x.9 col (9)
Manipur,2023-24,Middle and Secondary,govt_aided_schools_with_ict_lab,7.6,percent,UDISE_2023-2024.pdf,166,Percentage of Government Aided Schools with Middle and Secondary sections having: ICT labs,Table x.9 col (10)
Manipur,2023-24,Middle and Secondary,govt_aided_schools_with_functional_ict_lab,4.9,percent,UDISE_2023-2024.pdf,166,Percentage of Government Aided Schools with Middle and Secondary sections having: Functional ICT Labs,Table x.9 col (11)
Meghalaya,2023-24,Middle and Secondary,govt_schools_total,2354,count,UDISE_2023-2024.pdf,166,Number of Government Schools with Middle and Secondary sections having: Total,Table x.9 col (2)
Meghalaya,2023-24,Middle and Secondary,govt_schools_with_ict_lab,138,count,UDISE_2023-2024.pdf,166,Number of Government Schools with Middle and Secondary sections having: ICT labs,Table x.9 col (3)
Meghalaya,2023-24,Middle and Secondary,govt_schools_with_functional_ict_lab,104,count,UDISE_2023-2024.pdf,166,Number of Government Schools with Middle and Secondary sections having: Functional ICT Labs,Table x.9 col (4)
Meghalaya,2023-24,Middle and Secondary,govt_aided_schools_total,1671,count,UDISE_2023-2024.pdf,166,Number of Government Aided Schools with Middle and Secondary sections having: Total,Table x.9 col (5)
Meghalaya,2023-24,Middle and Secondary,govt_aided_schools_with_ict_lab,190,count,UDISE_2023-2024.pdf,166,Number of Government Aided Schools with Middle and Secondary sections having: ICT labs,Table x.9 col (6)
Meghalaya,2023-24,Middle and Secondary,govt_aided_schools_with_functional_ict_lab,152,count,UDISE_2023-2024.pdf,166,Number of Government Aided Schools with Middle and Secondary sections having: Functional ICT Labs,Table x.9 col (7)
Meghalaya,2023-24,Middle and Secondary,govt_schools_with_ict_lab,5.9,percent,UDISE_2023-2024.pdf,166,Percentage of Government Schools with Middle and Secondary sections having: ICT labs,Table x.9 col (8)
Meghalaya,2023-24,Middle and Secondary,govt_schools_with_functional_ict_lab,4.4,percent,UDISE_2023-2024.pdf,166,Percentage of Government Schools with Middle and Secondary sections having: Functional ICT Labs,Table x.9 col (9)
Meghalaya,2023-24,Middle and Secondary,govt_aided_schools_with_ict_lab,11.4,percent,UDISE_2023-2024.pdf,166,Percentage of Government Aided Schools with Middle and Secondary sections having: ICT labs,Table x.9 col (10)
Meghalaya,2023-24,Middle and Secondary,govt_aided_schools_with_functional_ict_lab,9.1,percent,UDISE_2023-2024.pdf,166,Percentage of Government Aided Schools with Middle and Secondary sections having: Functional ICT Labs,Table x.9 col (11)
Mizoram,2023-24,Middle and Secondary,govt_schools_total,1313,count,UDISE_2023-2024.pdf,166,Number of Government Schools with Middle and Secondary sections having: Total,Table x.9 col (2)
Mizoram,2023-24,Middle and Secondary,govt_schools_with_ict_lab,201,count,UDISE_2023-2024.pdf,166,Number of Government Schools with Middle and Secondary sections having: ICT labs,Table x.9 col (3)
Mizoram,2023-24,Middle and Secondary,govt_schools_with_functional_ict_lab,165,count,UDISE_2023-2024.pdf,166,Number of Government Schools with Middle and Secondary sections having: Functional ICT Labs,Table x.9 col (4)
Mizoram,2023-24,Middle and Secondary,govt_aided_schools_total,230,count,UDISE_2023-2024.pdf,166,Number of Government Aided Schools with Middle and Secondary sections having: Total,Table x.9 col (5)
Mizoram,2023-24,Middle and Secondary,govt_aided_schools_with_ict_lab,10,count,UDISE_2023-2024.pdf,166,Number of Government Aided Schools with Middle and Secondary sections having: ICT labs,Table x.9 col (6)
Mizoram,2023-24,Middle and Secondary,govt_aided_schools_with_functional_ict_lab,4,count,UDISE_2023-2024.pdf,166,Number of Government Aided Schools with Middle and Secondary sections having: Functional ICT Labs,Table x.9 col (7)
Mizoram,2023-24,Middle and Secondary,govt_schools_with_ict_lab,15.3,percent,UDISE_2023-2024.pdf,166,Percentage of Government Schools with Middle and Secondary sections having: ICT labs,Table x.9 col (8)
Mizoram,2023-24,Middle and Secondary,govt_schools_with_functional_ict_lab,12.6,percent,UDISE_2023-2024.pdf,166,Percentage of Government Schools with Middle and Secondary sections having: Functional ICT Labs,Table x.9 col (9)
Mizoram,2023-24,Middle and Secondary,govt_aided_schools_with_ict_lab,4.3,percent,UDISE_2023-2024.pdf,166,Percentage of Government Aided Schools with Middle and Secondary sections having: ICT labs,Table x.9 col (10)
Mizoram,2023-24,Middle and Secondary,govt_aided_schools_with_functional_ict_lab,1.7,percent,UDISE_2023-2024.pdf,166,Percentage of Government Aided Schools with Middle and Secondary sections having: Functional ICT Labs,Table x.9 col (11)
Nagaland,2023-24,Middle and Secondary,govt_schools_total,926,count,UDISE_2023-2024.pdf,166,Number of Government Schools with Middle and Secondary sections having: Total,Table x.9 col (2)
Nagaland,2023-24,Middle and Secondary,govt_schools_with_ict_lab,167,count,UDISE_2023-2024.pdf,166,Number of Government Schools with Middle and Secondary sections having: ICT labs,Table x.9 col (3)
Nagaland,2023-24,Middle and Secondary,govt_schools_with_functional_ict_lab,105,count,UDISE_2023-2024.pdf,166,Number of Government Schools with Middle and Secondary sections having: Functional ICT Labs,Table x.9 col (4)
Nagaland,2023-24,Middle and Secondary,govt_aided_schools_total,0,count,UDISE_2023-2024.pdf,166,Number of Government Aided Schools with Middle and Secondary sections having: Total,Table x.9 col (5)
Nagaland,2023-24,Middle and Secondary,govt_aided_schools_with_ict_lab,0,count,UDISE_2023-2024.pdf,166,Number of Government Aided Schools with Middle and Secondary sections having: ICT labs,Table x.9 col (6)
Nagaland,2023-24,Middle and Secondary,govt_aided_schools_with_functional_ict_lab,0,count,UDISE_2023-2024.pdf,166,Number of Government Aided Schools with Middle and Secondary sections having: Functional ICT Labs,Table x.9 col (7)
Nagaland,2023-24,Middle and Secondary,govt_schools_with_ict_lab,18,percent,UDISE_2023-2024.pdf,166,Percentage of Government Schools with Middle and Secondary sections having: ICT labs,Table x.9 col (8)
Nagaland,2023-24,Middle and Secondary,govt_schools_with_functional_ict_lab,11.3,percent,UDISE_2023-2024.pdf,166,Percentage of Government Schools with Middle and Secondary sections having: Functional ICT Labs,Table x.9 col (9)
Nagaland,2023-24,Middle and Secondary,govt_aided_schools_with_ict_lab,0,percent,UDISE_2023-2024.pdf,166,Percentage of Government Aided Schools with Middle and Secondary sections having: ICT labs,Table x.9 col (10)
Nagaland,2023-24,Middle and Secondary,govt_aided_schools_with_functional_ict_lab,0,percent,UDISE_2023-2024.pdf,166,Percentage of Government Aided Schools with Middle and Secondary sections having: Functional ICT Labs,Table x.9 col (11)
Odisha,2023-24,Middle and Secondary,govt_schools_total,21711,count,UDISE_2023-2024.pdf,166,Number of Government Schools with Middle and Secondary sections having: Total,Table x.9 col (2)
Odisha,2023-24,Middle and Secondary,govt_schools_with_ict_lab,6888,count,UDISE_2023-2024.pdf,166,Number of Government Schools with Middle and Secondary sections having: ICT labs,Table x.9 col (3)
Odisha,2023-24,Middle and Secondary,govt_schools_with_functional_ict_lab,4923,count,UDISE_2023-2024.pdf,166,Number of Government Schools with Middle and Secondary sections having: Functional ICT Labs,Table x.9 col (4)
Odisha,2023-24,Middle and Secondary,govt_aided_schools_total,5603,count,UDISE_2023-2024.pdf,166,Number of Government Aided Schools with Middle and Secondary sections having: Total,Table x.9 col (5)
Odisha,2023-24,Middle and Secondary,govt_aided_schools_with_ict_lab,2042,count,UDISE_2023-2024.pdf,166,Number of Government Aided Schools with Middle and Secondary sections having: ICT labs,Table x.9 col (6)
Odisha,2023-24,Middle and Secondary,govt_aided_schools_with_functional_ict_lab,1475,count,UDISE_2023-2024.pdf,166,Number of Government Aided Schools with Middle and Secondary sections having: Functional ICT Labs,Table x.9 col (7)
Odisha,2023-24,Middle and Secondary,govt_schools_with_ict_lab,31.7,percent,UDISE_2023-2024.pdf,166,Percentage of Government Schools with Middle and Secondary sections having: ICT labs,Table x.9 col (8)
Odisha,2023-24,Middle and Secondary,govt_schools_with_functional_ict_lab,22.7,percent,UDISE_2023-2024.pdf,166,Percentage of Government Schools with Middle and Secondary sections having: Functional ICT Labs,Table x.9 col (9)
Odisha,2023-24,Middle and Secondary,govt_aided_schools_with_ict_lab,36.4,percent,UDISE_2023-2024.pdf,166,Percentage of Government Aided Schools with Middle and Secondary sections having: ICT labs,Table x.9 col (10)
Odisha,2023-24,Middle and Secondary,govt_aided_schools_with_functional_ict_lab,26.3,percent,UDISE_2023-2024.pdf,166,Percentage of Government Aided Schools with Middle and Secondary sections having: Functional ICT Labs,Table x.9 col (11)
Puducherry,2023-24,Middle and Secondary,govt_schools_total,187,count,UDISE_2023-2024.pdf,166,Number of Government Schools with Middle and Secondary sections having: Total,Table x.9 col (2)
Puducherry,2023-24,Middle and Secondary,govt_schools_with_ict_lab,176,count,UDISE_2023-2024.pdf,166,Number of Government Schools with Middle and Secondary sections having: ICT labs,Table x.9 col (3)
Puducherry,2023-24,Middle and Secondary,govt_schools_with_functional_ict_lab,116,count,UDISE_2023-2024.pdf,166,Number of Government Schools with Middle and Secondary sections having: Functional ICT Labs,Table x.9 col (4)
Puducherry,2023-24,Middle and Secondary,govt_aided_schools_total,31,count,UDISE_2023-2024.pdf,166,Number of Government Aided Schools with Middle and Secondary sections having: Total,Table x.9 col (5)
Puducherry,2023-24,Middle and Secondary,govt_aided_schools_with_ict_lab,7,count,UDISE_2023-2024.pdf,166,Number of Government Aided Schools with Middle and Secondary sections having: ICT labs,Table x.9 col (6)
Puducherry,2023-24,Middle and Secondary,govt_aided_schools_with_functional_ict_lab,5,count,UDISE_2023-2024.pdf,166,Number of Government Aided Schools with Middle and Secondary sections having: Functional ICT Labs,Table x.9 col (7)
Puducherry,2023-24,Middle and Secondary,govt_schools_with_ict_lab,94.1,percent,UDISE_2023-2024.pdf,166,Percentage of Government Schools with Middle and Secondary sections having: ICT labs,Table x.9 col (8)
Puducherry,2023-24,Middle and Secondary,govt_schools_with_functional_ict_lab,62,percent,UDISE_2023-2024.pdf,166,Percentage of Government Schools with Middle and Secondary sections having: Functional ICT Labs,Table x.9 col (9)
Puducherry,2023-24,Middle and Secondary,govt_aided_schools_with_ict_lab,22.6,percent,UDISE_2023-2024.pdf,166,Percentage of Government Aided Schools with Middle and Secondary sections having: ICT labs,Table x.9 col (10)
Puducherry,2023-24,Middle and Secondary,govt_aided_schools_with_functional_ict_lab,16.1,percent,UDISE_2023-2024.pdf,166,Percentage of Government Aided Schools with Middle and Secondary sections having: Functional ICT Labs,Table x.9 col (11)
Punjab,2023-24,Middle and Secondary,govt_schools_total,6423,count,UDISE_2023-2024.pdf,166,Number of Government Schools with Middle and Secondary sections having: Total,Table x.9 col (2)
Punjab,2023-24,Middle and Secondary,govt_schools_with_ict_lab,4678,count,UDISE_2023-2024.pdf,166,Number of Government Schools with Middle and Secondary sections having: ICT labs,Table x.9 col (3)
Punjab,2023-24,Middle and Secondary,govt_schools_with_functional_ict_lab,4402,count,UDISE_2023-2024.pdf,166,Number of Government Schools with Middle and Secondary sections having: Functional ICT Labs,Table x.9 col (4)
Punjab,2023-24,Middle and Secondary,govt_aided_schools_total,396,count,UDISE_2023-2024.pdf,166,Number of Government Aided Schools with Middle and Secondary sections having: Total,Table x.9 col (5)
Punjab,2023-24,Middle and Secondary,govt_aided_schools_with_ict_lab,138,count,UDISE_2023-2024.pdf,166,Number of Government Aided Schools with Middle and Secondary sections having: ICT labs,Table x.9 col (6)
Punjab,2023-24,Middle and Secondary,govt_aided_schools_with_functional_ict_lab,132,count,UDISE_2023-2024.pdf,166,Number of Government Aided Schools with Middle and Secondary sections having: Functional ICT Labs,Table x.9 col (7)
Punjab,2023-24,Middle and Secondary,govt_schools_with_ict_lab,72.8,percent,UDISE_2023-2024.pdf,166,Percentage of Government Schools with Middle and Secondary sections having: ICT labs,Table x.9 col (8)
Punjab,2023-24,Middle and Secondary,govt_schools_with_functional_ict_lab,68.5,percent,UDISE_2023-2024.pdf,166,Percentage of Government Schools with Middle and Secondary sections having: Functional ICT Labs,Table x.9 col (9)
Punjab,2023-24,Middle and Secondary,govt_aided_schools_with_ict_lab,34.8,percent,UDISE_2023-2024.pdf,166,Percentage of Government Aided Schools with Middle and Secondary sections having: ICT labs,Table x.9 col (10)
Punjab,2023-24,Middle and Secondary,govt_aided_schools_with_functional_ict_lab,33.3,percent,UDISE_2023-2024.pdf,166,Percentage of Government Aided Schools with Middle and Secondary sections having: Functional ICT Labs,Table x.9 col (11)
Rajasthan,2023-24,Middle and Secondary,govt_schools_total,37635,count,UDISE_2023-2024.pdf,166,Number of Government Schools with Middle and Secondary sections having: Total,Table x.9 col (2)
Rajasthan,2023-24,Middle and Secondary,govt_schools_with_ict_lab,12562,count,UDISE_2023-2024.pdf,166,Number of Government Schools with Middle and Secondary sections having: ICT labs,Table x.9 col (3)
Rajasthan,2023-24,Middle and Secondary,govt_schools_with_functional_ict_lab,9828,count,UDISE_2023-2024.pdf,166,Number of Government Schools with Middle and Secondary sections having: Functional ICT Labs,Table x.9 col (4)
Rajasthan,2023-24,Middle and Secondary,govt_aided_schools_total,0,count,UDISE_2023-2024.pdf,166,Number of Government Aided Schools with Middle and Secondary sections having: Total,Table x.9 col (5)
Rajasthan,2023-24,Middle and Secondary,govt_aided_schools_with_ict_lab,0,count,UDISE_2023-2024.pdf,166,Number of Government Aided Schools with Middle and Secondary sections having: ICT labs,Table x.9 col (6)
Rajasthan,2023-24,Middle and Secondary,govt_aided_schools_with_functional_ict_lab,0,count,UDISE_2023-2024.pdf,166,Number of Government Aided Schools with Middle and Secondary sections having: Functional ICT Labs,Table x.9 col (7)
Rajasthan,2023-24,Middle and Secondary,govt_schools_with_ict_lab,33.4,percent,UDISE_2023-2024.pdf,166,Percentage of Government Schools with Middle and Secondary sections having: ICT labs,Table x.9 col (8)
Rajasthan,2023-24,Middle and Secondary,govt_schools_with_functional_ict_lab,26.1,percent,UDISE_2023-2024.pdf,166,Percentage of Government Schools with Middle and Secondary sections having: Functional ICT Labs,Table x.9 col (9)
Rajasthan,2023-24,Middle and Secondary,govt_aided_schools_with_ict_lab,0,percent,UDISE_2023-2024.pdf,166,Percentage of Government Aided Schools with Middle and Secondary sections having: ICT labs,Table x.9 col (10)
Rajasthan,2023-24,Middle and Secondary,govt_aided_schools_with_functional_ict_lab,0,percent,UDISE_2023-2024.pdf,166,Percentage of Government Aided Schools with Middle and Secondary sections having: Functional ICT Labs,Table x.9 col (11)
Sikkim,2023-24,Middle and Secondary,govt_schools_total,392,count,UDISE_2023-2024.pdf,166,Number of Government Schools with Middle and Secondary sections having: Total,Table x.9 col (2)
Sikkim,2023-24,Middle and Secondary,govt_schools_with_ict_lab,236,count,UDISE_2023-2024.pdf,166,Number of Government Schools with Middle and Secondary sections having: ICT labs,Table x.9 col (3)
Sikkim,2023-24,Middle and Secondary,govt_schools_with_functional_ict_lab,233,count,UDISE_2023-2024.pdf,166,Number of Government Schools with Middle and Secondary sections having: Functional ICT Labs,Table x.9 col (4)
Sikkim,2023-24,Middle and Secondary,govt_aided_schools_total,11,count,UDISE_2023-2024.pdf,166,Number of Government Aided Schools with Middle and Secondary sections having: Total,Table x.9 col (5)
Sikkim,2023-24,Middle and Secondary,govt_aided_schools_with_ict_lab,3,count,UDISE_2023-2024.pdf,166,Number of Government Aided Schools with Middle and Secondary sections having: ICT labs,Table x.9 col (6)
Sikkim,2023-24,Middle and Secondary,govt_aided_schools_with_functional_ict_lab,2,count,UDISE_2023-2024.pdf,166,Number of Government Aided Schools with Middle and Secondary sections having: Functional ICT Labs,Table x.9 col (7)
Sikkim,2023-24,Middle and Secondary,govt_schools_with_ict_lab,60.2,percent,UDISE_2023-2024.pdf,166,Percentage of Government Schools with Middle and Secondary sections having: ICT labs,Table x.9 col (8)
Sikkim,2023-24,Middle and Secondary,govt_schools_with_functional_ict_lab,59.4,percent,UDISE_2023-2024.pdf,166,Percentage of Government Schools with Middle and Secondary sections having: Functional ICT Labs,Table x.9 col (9)
Sikkim,2023-24,Middle and Secondary,govt_aided_schools_with_ict_lab,27.3,percent,UDISE_2023-2024.pdf,166,Percentage of Government Aided Schools with Middle and Secondary sections having: ICT labs,Table x.9 col (10)
Sikkim,2023-24,Middle and Secondary,govt_aided_schools_with_functional_ict_lab,18.2,percent,UDISE_2023-2024.pdf,166,Percentage of Government Aided Schools with Middle and Secondary sections having: Functional ICT Labs,Table x.9 col (11)
Tamil Nadu,2023-24,Middle and Secondary,govt_schools_total,13655,count,UDISE_2023-2024.pdf,166,Number of Government Schools with Middle and Secondary sections having: Total,Table x.9 col (2)
Tamil Nadu,2023-24,Middle and Secondary,govt_schools_with_ict_lab,5831,count,UDISE_2023-2024.pdf,166,Number of Government Schools with Middle and Secondary sections having: ICT labs,Table x.9 col (3)
Tamil Nadu,2023-24,Middle and Secondary,govt_schools_with_functional_ict_lab,5831,count,UDISE_2023-2024.pdf,166,Number of Government Schools with Middle and Secondary sections having: Functional ICT Labs,Table x.9 col (4)
Tamil Nadu,2023-24,Middle and Secondary,govt_aided_schools_total,3517,count,UDISE_2023-2024.pdf,166,Number of Government Aided Schools with Middle and Secondary sections having: Total,Table x.9 col (5)
Tamil Nadu,2023-24,Middle and Secondary,govt_aided_schools_with_ict_lab,0,count,UDISE_2023-2024.pdf,166,Number of Government Aided Schools with Middle and Secondary sections having: ICT labs,Table x.9 col (6)
Tamil Nadu,2023-24,Middle and Secondary,govt_aided_schools_with_functional_ict_lab,0,count,UDISE_2023-2024.pdf,166,Number of Government Aided Schools with Middle and Secondary sections having: Functional ICT Labs,Table x.9 col (7)
Tamil Nadu,2023-24,Middle and Secondary,govt_schools_with_ict_lab,42.7,percent,UDISE_2023-2024.pdf,166,Percentage of Government Schools with Middle and Secondary sections having: ICT labs,Table x.9 col (8)
Tamil Nadu,2023-24,Middle and Secondary,govt_schools_with_functional_ict_lab,42.7,percent,UDISE_2023-2024.pdf,166,Percentage of Government Schools with Middle and Secondary sections having: Functional ICT Labs,Table x.9 col (9)
Tamil Nadu,2023-24,Middle and Secondary,govt_aided_schools_with_ict_lab,0,percent,UDISE_2023-2024.pdf,166,Percentage of Government Aided Schools with Middle and Secondary sections having: ICT labs,Table x.9 col (10)
Tamil Nadu,2023-24,Middle and Secondary,govt_aided_schools_with_functional_ict_lab,0,percent,UDISE_2023-2024.pdf,166,Percentage of Government Aided Schools with Middle and Secondary sections having: Functional ICT Labs,Table x.9 col (11)
Telangana,2023-24,Middle and Secondary,govt_schools_total,10288,count,UDISE_2023-2024.pdf,166,Number of Government Schools with Middle and Secondary sections having: Total,Table x.9 col (2)
Telangana,2023-24,Middle and Secondary,govt_schools_with_ict_lab,4759,count,UDISE_2023-2024.pdf,166,Number of Government Schools with Middle and Secondary sections having: ICT labs,Table x.9 col (3)
Telangana,2023-24,Middle and Secondary,govt_schools_with_functional_ict_lab,3158,count,UDISE_2023-2024.pdf,166,Number of Government Schools with Middle and Secondary sections having: Functional ICT Labs,Table x.9 col (4)
Telangana,2023-24,Middle and Secondary,govt_aided_schools_total,393,count,UDISE_2023-2024.pdf,166,Number of Government Aided Schools with Middle and Secondary sections having: Total,Table x.9 col (5)
Telangana,2023-24,Middle and Secondary,govt_aided_schools_with_ict_lab,5,count,UDISE_2023-2024.pdf,166,Number of Government Aided Schools with Middle and Secondary sections having: ICT labs,Table x.9 col (6)
Telangana,2023-24,Middle and Secondary,govt_aided_schools_with_functional_ict_lab,5,count,UDISE_2023-2024.pdf,166,Number of Government Aided Schools with Middle and Secondary sections having: Functional ICT Labs,Table x.9 col (7)
Telangana,2023-24,Middle and Secondary,govt_schools_with_ict_lab,46.3,percent,UDISE_2023-2024.pdf,166,Percentage of Government Schools with Middle and Secondary sections having: ICT labs,Table x.9 col (8)
Telangana,2023-24,Middle and Secondary,govt_schools_with_functional_ict_lab,30.7,percent,UDISE_2023-2024.pdf,166,Percentage of Government Schools with Middle and Secondary sections having: Functional ICT Labs,Table x.9 col (9)
Telangana,2023-24,Middle and Secondary,govt_aided_schools_with_ict_lab,1.3,percent,UDISE_2023-2024.pdf,166,Percentage of Government Aided Schools with Middle and Secondary sections having: ICT labs,Table x.9 col (10)
Telangana,2023-24,Middle and Secondary,govt_aided_schools_with_functional_ict_lab,1.3,percent,UDISE_2023-2024.pdf,166,Percentage of Government Aided Schools with Middle and Secondary sections having: Functional ICT Labs,Table x.9 col (11)
Tripura,2023-24,Middle and Secondary,govt_schools_total,2144,count,UDISE_2023-2024.pdf,166,Number of Government Schools with Middle and Secondary sections having: Total,Table x.9 col (2)
Tripura,2023-24,Middle and Secondary,govt_schools_with_ict_lab,659,count,UDISE_2023-2024.pdf,166,Number of Government Schools with Middle and Secondary sections having: ICT labs,Table x.9 col (3)
Tripura,2023-24,Middle and Secondary,govt_schools_with_functional_ict_lab,637,count,UDISE_2023-2024.pdf,166,Number of Government Schools with Middle and Secondary sections having: Functional ICT Labs,Table x.9 col (4)
Tripura,2023-24,Middle and Secondary,govt_aided_schools_total,35,count,UDISE_2023-2024.pdf,166,Number of Government Aided Schools with Middle and Secondary sections having: Total,Table x.9 col (5)
Tripura,2023-24,Middle and Secondary,govt_aided_schools_with_ict_lab,4,count,UDISE_2023-2024.pdf,166,Number of Government Aided Schools with Middle and Secondary sections having: ICT labs,Table x.9 col (6)
Tripura,2023-24,Middle and Secondary,govt_aided_schools_with_functional_ict_lab,4,count,UDISE_2023-2024.pdf,166,Number of Government Aided Schools with Middle and Secondary sections having: Functional ICT Labs,Table x.9 col (7)
Tripura,2023-24,Middle and Secondary,govt_schools_with_ict_lab,30.7,percent,UDISE_2023-2024.pdf,166,Percentage of Government Schools with Middle and Secondary sections having: ICT labs,Table x.9 col (8)
Tripura,2023-24,Middle and Secondary,govt_schools_with_functional_ict_lab,29.7,percent,UDISE_2023-2024.pdf,166,Percentage of Government Schools with Middle and Secondary sections having: Functional ICT Labs,Table x.9 col (9)
Tripura,2023-24,Middle and Secondary,govt_aided_schools_with_ict_lab,11.4,percent,UDISE_2023-2024.pdf,166,Percentage of Government Aided Schools with Middle and Secondary sections having: ICT labs,Table x.9 col (10)
Tripura,2023-24,Middle and Secondary,govt_aided_schools_with_functional_ict_lab,11.4,percent,UDISE_2023-2024.pdf,166,Percentage of Government Aided Schools with Middle and Secondary sections having: Functional ICT Labs,Table x.9 col (11)
Uttar Pradesh,2023-24,Middle and Secondary,govt_schools_total,49325,count,UDISE_2023-2024.pdf,166,Number of Government Schools with Middle and Secondary sections having: Total,Table x.9 col (2)
Uttar Pradesh,2023-24,Middle and Secondary,govt_schools_with_ict_lab,1077,count,UDISE_2023-2024.pdf,166,Number of Government Schools with Middle and Secondary sections having: ICT labs,Table x.9 col (3)
Uttar Pradesh,2023-24,Middle and Secondary,govt_schools_with_functional_ict_lab,658,count,UDISE_2023-2024.pdf,166,Number of Government Schools with Middle and Secondary sections having: Functional ICT Labs,Table x.9 col (4)
Uttar Pradesh,2023-24,Middle and Secondary,govt_aided_schools_total,8178,count,UDISE_2023-2024.pdf,166,Number of Government Aided Schools with Middle and Secondary sections having: Total,Table x.9 col (5)
Uttar Pradesh,2023-24,Middle and Secondary,govt_aided_schools_with_ict_lab,730,count,UDISE_2023-2024.pdf,166,Number of Government Aided Schools with Middle and Secondary sections having: ICT labs,Table x.9 col (6)
Uttar Pradesh,2023-24,Middle and Secondary,govt_aided_schools_with_functional_ict_lab,319,count,UDISE_2023-2024.pdf,166,Number of Government Aided Schools with Middle and Secondary sections having: Functional ICT Labs,Table x.9 col (7)
Uttar Pradesh,2023-24,Middle and Secondary,govt_schools_with_ict_lab,2.2,percent,UDISE_2023-2024.pdf,166,Percentage of Government Schools with Middle and Secondary sections having: ICT labs,Table x.9 col (8)
Uttar Pradesh,2023-24,Middle and Secondary,govt_schools_with_functional_ict_lab,1.3,percent,UDISE_2023-2024.pdf,166,Percentage of Government Schools with Middle and Secondary sections having: Functional ICT Labs,Table x.9 col (9)
Uttar Pradesh,2023-24,Middle and Secondary,govt_aided_schools_with_ict_lab,8.9,percent,UDISE_2023-2024.pdf,166,Percentage of Government Aided Schools with Middle and Secondary sections having: ICT labs,Table x.9 col (10)
Uttar Pradesh,2023-24,Middle and Secondary,govt_aided_schools_with_functional_ict_lab,3.9,percent,UDISE_2023-2024.pdf,166,Percentage of Government Aided Schools with Middle and Secondary sections having: Functional ICT Labs,Table x.9 col (11)
Uttarakhand,2023-24,Middle and Secondary,govt_schools_total,4929,count,UDISE_2023-2024.pdf,166,Number of Government Schools with Middle and Secondary sections having: Total,Table x.9 col (2)
Uttarakhand,2023-24,Middle and Secondary,govt_schools_with_ict_lab,901,count,UDISE_2023-2024.pdf,166,Number of Government Schools with Middle and Secondary sections having: ICT labs,Table x.9 col (3)
Uttarakhand,2023-24,Middle and Secondary,govt_schools_with_functional_ict_lab,628,count,UDISE_2023-2024.pdf,166,Number of Government Schools with Middle and Secondary sections having: Functional ICT Labs,Table x.9 col (4)
Uttarakhand,2023-24,Middle and Secondary,govt_aided_schools_total,605,count,UDISE_2023-2024.pdf,166,Number of Government Aided Schools with Middle and Secondary sections having: Total,Table x.9 col (5)
Uttarakhand,2023-24,Middle and Secondary,govt_aided_schools_with_ict_lab,30,count,UDISE_2023-2024.pdf,166,Number of Government Aided Schools with Middle and Secondary sections having: ICT labs,Table x.9 col (6)
Uttarakhand,2023-24,Middle and Secondary,govt_aided_schools_with_functional_ict_lab,19,count,UDISE_2023-2024.pdf,166,Number of Government Aided Schools with Middle and Secondary sections having: Functional ICT Labs,Table x.9 col (7)
Uttarakhand,2023-24,Middle and Secondary,govt_schools_with_ict_lab,18.3,percent,UDISE_2023-2024.pdf,166,Percentage of Government Schools with Middle and Secondary sections having: ICT labs,Table x.9 col (8)
Uttarakhand,2023-24,Middle and Secondary,govt_schools_with_functional_ict_lab,12.7,percent,UDISE_2023-2024.pdf,166,Percentage of Government Schools with Middle and Secondary sections having: Functional ICT Labs,Table x.9 col (9)
Uttarakhand,2023-24,Middle and Secondary,govt_aided_schools_with_ict_lab,5,percent,UDISE_2023-2024.pdf,166,Percentage of Government Aided Schools with Middle and Secondary sections having: ICT labs,Table x.9 col (10)
Uttarakhand,2023-24,Middle and Secondary,govt_aided_schools_with_functional_ict_lab,3.1,percent,UDISE_2023-2024.pdf,166,Percentage of Government Aided Schools with Middle and Secondary sections having: Functional ICT Labs,Table x.9 col (11)
West Bengal,2023-24,Middle and Secondary,govt_schools_total,15563,count,UDISE_2023-2024.pdf,166,Number of Government Schools with Middle and Secondary sections having: Total,Table x.9 col (2)
West Bengal,2023-24,Middle and Secondary,govt_schools_with_ict_lab,8661,count,UDISE_2023-2024.pdf,166,Number of Government Schools with Middle and Secondary sections having: ICT labs,Table x.9 col (3)
West Bengal,2023-24,Middle and Secondary,govt_schools_with_functional_ict_lab,8395,count,UDISE_2023-2024.pdf,166,Number of Government Schools with Middle and Secondary sections having: Functional ICT Labs,Table x.9 col (4)
West Bengal,2023-24,Middle and Secondary,govt_aided_schools_total,41,count,UDISE_2023-2024.pdf,166,Number of Government Aided Schools with Middle and Secondary sections having: Total,Table x.9 col (5)
West Bengal,2023-24,Middle and Secondary,govt_aided_schools_with_ict_lab,3,count,UDISE_2023-2024.pdf,166,Number of Government Aided Schools with Middle and Secondary sections having: ICT labs,Table x.9 col (6)
West Bengal,2023-24,Middle and Secondary,govt_aided_schools_with_functional_ict_lab,3,count,UDISE_2023-2024.pdf,166,Number of Government Aided Schools with Middle and Secondary sections having: Functional ICT Labs,Table x.9 col (7)
West Bengal,2023-24,Middle and Secondary,govt_schools_with_ict_lab,55.7,percent,UDISE_2023-2024.pdf,166,Percentage of Government Schools with Middle and Secondary sections having: ICT labs,Table x.9 col (8)
West Bengal,2023-24,Middle and Secondary,govt_schools_with_functional_ict_lab,53.9,percent,UDISE_2023-2024.pdf,166,Percentage of Government Schools with Middle and Secondary sections having: Functional ICT Labs,Table x.9 col (9)
West Bengal,2023-24,Middle and Secondary,govt_aided_schools_with_ict_lab,7.3,percent,UDISE_2023-2024.pdf,166,Percentage of Government Aided Schools with Middle and Secondary sections having: ICT labs,Table x.9 col (10)
West Bengal,2023-24,Middle and Secondary,govt_aided_schools_with_functional_ict_lab,7.3,percent,UDISE_2023-2024.pdf,166,Percentage of Government Aided Schools with Middle and Secondary sections having: Functional ICT Labs,Table x.9 col (11)
India,2024-25,All,schools_with_electricity,1377945,count,UDISE_2024-2025.pdf,113,Schools with electricity facility,"Table 7.1 col (7), All management"
India,2024-25,All,schools_with_functional_electricity,1352061,count,UDISE_2024-2025.pdf,113,Schools with functional electricity facility,"Table 7.1 col (12), All management"
Andaman & Nicobar Islands,2024-25,All,schools_with_electricity,383,count,UDISE_2024-2025.pdf,113,Schools with electricity facility,"Table 7.1 col (7), All management"
Andaman & Nicobar Islands,2024-25,All,schools_with_functional_electricity,376,count,UDISE_2024-2025.pdf,113,Schools with functional electricity facility,"Table 7.1 col (12), All management"
Andhra Pradesh,2024-25,All,schools_with_electricity,61196,count,UDISE_2024-2025.pdf,113,Schools with electricity facility,"Table 7.1 col (7), All management"
Andhra Pradesh,2024-25,All,schools_with_functional_electricity,61103,count,UDISE_2024-2025.pdf,113,Schools with functional electricity facility,"Table 7.1 col (12), All management"
Arunachal Pradesh,2024-25,All,schools_with_electricity,2320,count,UDISE_2024-2025.pdf,113,Schools with electricity facility,"Table 7.1 col (7), All management"
Arunachal Pradesh,2024-25,All,schools_with_functional_electricity,2013,count,UDISE_2024-2025.pdf,113,Schools with functional electricity facility,"Table 7.1 col (12), All management"
Assam,2024-25,All,schools_with_electricity,49566,count,UDISE_2024-2025.pdf,113,Schools with electricity facility,"Table 7.1 col (7), All management"
Assam,2024-25,All,schools_with_functional_electricity,49092,count,UDISE_2024-2025.pdf,113,Schools with functional electricity facility,"Table 7.1 col (12), All management"
Bihar,2024-25,All,schools_with_electricity,91956,count,UDISE_2024-2025.pdf,113,Schools with electricity facility,"Table 7.1 col (7), All management"
Bihar,2024-25,All,schools_with_functional_electricity,91579,count,UDISE_2024-2025.pdf,113,Schools with functional electricity facility,"Table 7.1 col (12), All management"
Chandigarh,2024-25,All,schools_with_electricity,207,count,UDISE_2024-2025.pdf,113,Schools with electricity facility,"Table 7.1 col (7), All management"
Chandigarh,2024-25,All,schools_with_functional_electricity,207,count,UDISE_2024-2025.pdf,113,Schools with functional electricity facility,"Table 7.1 col (12), All management"
Chhattisgarh,2024-25,All,schools_with_electricity,53768,count,UDISE_2024-2025.pdf,113,Schools with electricity facility,"Table 7.1 col (7), All management"
Chhattisgarh,2024-25,All,schools_with_functional_electricity,51657,count,UDISE_2024-2025.pdf,113,Schools with functional electricity facility,"Table 7.1 col (12), All management"
Dadra & Nagar Haveli and Daman & Diu,2024-25,All,schools_with_electricity,433,count,UDISE_2024-2025.pdf,113,Schools with electricity facility,"Table 7.1 col (7), All management"
Dadra & Nagar Haveli and Daman & Diu,2024-25,All,schools_with_functional_electricity,433,count,UDISE_2024-2025.pdf,113,Schools with functional electricity facility,"Table 7.1 col (12), All management"
Delhi,2024-25,All,schools_with_electricity,5556,count,UDISE_2024-2025.pdf,113,Schools with electricity facility,"Table 7.1 col (7), All management"
Delhi,2024-25,All,schools_with_functional_electricity,5556,count,UDISE_2024-2025.pdf,113,Schools with functional electricity facility,"Table 7.1 col (12), All management"
Goa,2024-25,All,schools_with_electricity,1479,count,UDISE_2024-2025.pdf,113,Schools with electricity facility,"Table 7.1 col (7), All management"
Goa,2024-25,All,schools_with_functional_electricity,1479,count,UDISE_2024-2025.pdf,113,Schools with functional electricity facility,"Table 7.1 col (12), All management"
Gujarat,2024-25,All,schools_with_electricity,53310,count,UDISE_2024-2025.pdf,113,Schools with electricity facility,"Table 7.1 col (7), All management"
Gujarat,2024-25,All,schools_with_functional_electricity,53297,count,UDISE_2024-2025.pdf,113,Schools with functional electricity facility,"Table 7.1 col (12), All management"
Haryana,2024-25,All,schools_with_electricity,23485,count,UDISE_2024-2025.pdf,113,Schools with electricity facility,"Table 7.1 col (7), All management"
Haryana,2024-25,All,schools_with_functional_electricity,23483,count,UDISE_2024-2025.pdf,113,Schools with functional electricity facility,"Table 7.1 col (12), All management"
Himachal Pradesh,2024-25,All,schools_with_electricity,17227,count,UDISE_2024-2025.pdf,113,Schools with electricity facility,"Table 7.1 col (7), All management"
Himachal Pradesh,2024-25,All,schools_with_functional_electricity,17163,count,UDISE_2024-2025.pdf,113,Schools with functional electricity facility,"Table 7.1 col (12), All management"
Jammu & Kashmir,2024-25,All,schools_with_electricity,22127,count,UDISE_2024-2025.pdf,113,Schools with electricity facility,"Table 7.1 col (7), All management"
Jammu & Kashmir,2024-25,All,schools_with_functional_electricity,21093,count,UDISE_2024-2025.pdf,113,Schools with functional electricity facility,"Table 7.1 col (12), All management"
Jharkhand,2024-25,All,schools_with_electricity,42415,count,UDISE_2024-2025.pdf,113,Schools with electricity facility,"Table 7.1 col (7), All management"
Jharkhand,2024-25,All,schools_with_functional_electricity,41115,count,UDISE_2024-2025.pdf,113,Schools with functional electricity facility,"Table 7.1 col (12), All management"
Karnataka,2024-25,All,schools_with_electricity,74142,count,UDISE_2024-2025.pdf,113,Schools with electricity facility,"Table 7.1 col (7), All management"
Karnataka,2024-25,All,schools_with_functional_electricity,73570,count,UDISE_2024-2025.pdf,113,Schools with functional electricity facility,"Table 7.1 col (12), All management"
Kerala,2024-25,All,schools_with_electricity,15739,count,UDISE_2024-2025.pdf,113,Schools with electricity facility,"Table 7.1 col (7), All management"
Kerala,2024-25,All,schools_with_functional_electricity,15717,count,UDISE_2024-2025.pdf,113,Schools with functional electricity facility,"Table 7.1 col (12), All management"
Ladakh,2024-25,All,schools_with_electricity,794,count,UDISE_2024-2025.pdf,113,Schools with electricity facility,"Table 7.1 col (7), All management"
Ladakh,2024-25,All,schools_with_functional_electricity,734,count,UDISE_2024-2025.pdf,113,Schools with functional electricity facility,"Table 7.1 col (12), All management"
Lakshadweep,2024-25,All,schools_with_electricity,36,count,UDISE_2024-2025.pdf,113,Schools with electricity facility,"Table 7.1 col (7), All management"
Lakshadweep,2024-25,All,schools_with_functional_electricity,36,count,UDISE_2024-2025.pdf,113,Schools with functional electricity facility,"Table 7.1 col (12), All management"
Madhya Pradesh,2024-25,All,schools_with_electricity,111320,count,UDISE_2024-2025.pdf,113,Schools with electricity facility,"Table 7.1 col (7), All management"
Madhya Pradesh,2024-25,All,schools_with_functional_electricity,107204,count,UDISE_2024-2025.pdf,113,Schools with functional electricity facility,"Table 7.1 col (12), All management"
Maharashtra,2024-25,All,schools_with_electricity,102683,count,UDISE_2024-2025.pdf,113,Schools with electricity facility,"Table 7.1 col (7), All management"
Maharashtra,2024-25,All,schools_with_functional_electricity,96200,count,UDISE_2024-2025.pdf,113,Schools with functional electricity facility,"Table 7.1 col (12), All management"
Manipur,2024-25,All,schools_with_electricity,3262,count,UDISE_2024-2025.pdf,113,Schools with electricity facility,"Table 7.1 col (7), All management"
Manipur,2024-25,All,schools_with_functional_electricity,2952,count,UDISE_2024-2025.pdf,113,Schools with functional electricity facility,"Table 7.1 col (12), All management"
Meghalaya,2024-25,All,schools_with_electricity,4475,count,UDISE_2024-2025.pdf,113,Schools with electricity facility,"Table 7.1 col (7), All management"
Meghalaya,2024-25,All,schools_with_functional_electricity,4095,count,UDISE_2024-2025.pdf,113,Schools with functional electricity facility,"Table 7.1 col (12), All management"
Mizoram,2024-25,All,schools_with_electricity,3483,count,UDISE_2024-2025.pdf,113,Schools with electricity facility,"Table 7.1 col (7), All management"
Mizoram,2024-25,All,schools_with_functional_electricity,3193,count,UDISE_2024-2025.pdf,113,Schools with functional electricity facility,"Table 7.1 col (12), All management"
Nagaland,2024-25,All,schools_with_electricity,2347,count,UDISE_2024-2025.pdf,113,Schools with electricity facility,"Table 7.1 col (7), All management"
Nagaland,2024-25,All,schools_with_functional_electricity,2150,count,UDISE_2024-2025.pdf,113,Schools with functional electricity facility,"Table 7.1 col (12), All management"
Odisha,2024-25,All,schools_with_electricity,59987,count,UDISE_2024-2025.pdf,113,Schools with electricity facility,"Table 7.1 col (7), All management"
Odisha,2024-25,All,schools_with_functional_electricity,59665,count,UDISE_2024-2025.pdf,113,Schools with functional electricity facility,"Table 7.1 col (12), All management"
Puducherry,2024-25,All,schools_with_electricity,763,count,UDISE_2024-2025.pdf,113,Schools with electricity facility,"Table 7.1 col (7), All management"
Puducherry,2024-25,All,schools_with_functional_electricity,763,count,UDISE_2024-2025.pdf,113,Schools with functional electricity facility,"Table 7.1 col (12), All management"
Punjab,2024-25,All,schools_with_electricity,27272,count,UDISE_2024-2025.pdf,113,Schools with electricity facility,"Table 7.1 col (7), All management"
Punjab,2024-25,All,schools_with_functional_electricity,27261,count,UDISE_2024-2025.pdf,113,Schools with functional electricity facility,"Table 7.1 col (12), All management"
Rajasthan,2024-25,All,schools_with_electricity,98054,count,UDISE_2024-2025.pdf,113,Schools with electricity facility,"Table 7.1 col (7), All management"
Rajasthan,2024-25,All,schools_with_functional_electricity,97075,count,UDISE_2024-2025.pdf,113,Schools with functional electricity facility,"Table 7.1 col (12), All management"
Sikkim,2024-25,All,schools_with_electricity,1231,count,UDISE_2024-2025.pdf,113,Schools with electricity facility,"Table 7.1 col (7), All management"
Sikkim,2024-25,All,schools_with_functional_electricity,1208,count,UDISE_2024-2025.pdf,113,Schools with functional electricity facility,"Table 7.1 col (12), All management"
Tamil Nadu,2024-25,All,schools_with_electricity,57770,count,UDISE_2024-2025.pdf,113,Schools with electricity facility,"Table 7.1 col (7), All management"
Tamil Nadu,2024-25,All,schools_with_functional_electricity,57699,count,UDISE_2024-2025.pdf,113,Schools with functional electricity facility,"Table 7.1 col (12), All management"
Telangana,2024-25,All,schools_with_electricity,41845,count,UDISE_2024-2025.pdf,113,Schools with electricity facility,"Table 7.1 col (7), All management"
Telangana,2024-25,All,schools_with_functional_electricity,41059,count,UDISE_2024-2025.pdf,113,Schools with functional electricity facility,"Table 7.1 col (12), All management"
Tripura,2024-25,All,schools_with_electricity,4109,count,UDISE_2024-2025.pdf,113,Schools with electricity facility,"Table 7.1 col (7), All management"
Tripura,2024-25,All,schools_with_functional_electricity,3952,count,UDISE_2024-2025.pdf,113,Schools with functional electricity facility,"Table 7.1 col (12), All management"
Uttar Pradesh,2024-25,All,schools_with_electricity,229759,count,UDISE_2024-2025.pdf,113,Schools with electricity facility,"Table 7.1 col (7), All management"
Uttar Pradesh,2024-25,All,schools_with_functional_electricity,225711,count,UDISE_2024-2025.pdf,113,Schools with functional electricity facility,"Table 7.1 col (12), All management"
Uttarakhand,2024-25,All,schools_with_electricity,21611,count,UDISE_2024-2025.pdf,113,Schools with electricity facility,"Table 7.1 col (7), All management"
Uttarakhand,2024-25,All,schools_with_functional_electricity,21173,count,UDISE_2024-2025.pdf,113,Schools with functional electricity facility,"Table 7.1 col (12), All management"
West Bengal,2024-25,All,schools_with_electricity,91835,count,UDISE_2024-2025.pdf,113,Schools with electricity facility,"Table 7.1 col (7), All management"
West Bengal,2024-25,All,schools_with_functional_electricity,90998,count,UDISE_2024-2025.pdf,113,Schools with functional electricity facility,"Table 7.1 col (12), All management"
India,2024-25,All,schools_with_electricity,93.6,percent,UDISE_2024-2025.pdf,114,Percentage of Schools with electricity connection,"Table 7.1 (continued) col (17), All management"
India,2024-25,All,schools_with_functional_electricity,91.9,percent,UDISE_2024-2025.pdf,114,Percentage of Schools with functional electricity connection,"Table 7.1 (continued) col (22), All management"
Andaman & Nicobar Islands,2024-25,All,schools_with_electricity,93.9,percent,UDISE_2024-2025.pdf,114,Percentage of Schools with electricity connection,"Table 7.1 (continued) col (17), All management"
Andaman & Nicobar Islands,2024-25,All,schools_with_functional_electricity,92.2,percent,UDISE_2024-2025.pdf,114,Percentage of Schools with functional electricity connection,"Table 7.1 (continued) col (22), All management"
Andhra Pradesh,2024-25,All,schools_with_electricity,99.8,percent,UDISE_2024-2025.pdf,114,Percentage of Schools with electricity connection,"Table 7.1 (continued) col (17), All management"
Andhra Pradesh,2024-25,All,schools_with_functional_electricity,99.7,percent,UDISE_2024-2025.pdf,114,Percentage of Schools with functional electricity connection,"Table 7.1 (continued) col (22), All management"
Arunachal Pradesh,2024-25,All,schools_with_electricity,71.8,percent,UDISE_2024-2025.pdf,114,Percentage of Schools with electricity connection,"Table 7.1 (continued) col (17), All management"
Arunachal Pradesh,2024-25,All,schools_with_functional_electricity,62.3,percent,UDISE_2024-2025.pdf,114,Percentage of Schools with functional electricity connection,"Table 7.1 (continued) col (22), All management"
Assam,2024-25,All,schools_with_electricity,89.7,percent,UDISE_2024-2025.pdf,114,Percentage of Schools with electricity connection,"Table 7.1 (continued) col (17), All management"
Assam,2024-25,All,schools_with_functional_electricity,88.8,percent,UDISE_2024-2025.pdf,114,Percentage of Schools with functional electricity connection,"Table 7.1 (continued) col (22), All management"
Bihar,2024-25,All,schools_with_electricity,97.5,percent,UDISE_2024-2025.pdf,114,Percentage of Schools with electricity connection,"Table 7.1 (continued) col (17), All management"
Bihar,2024-25,All,schools_with_functional_electricity,97.1,percent,UDISE_2024-2025.pdf,114,Percentage of Schools with functional electricity connection,"Table 7.1 (continued) col (22), All management"
Chandigarh,2024-25,All,schools_with_electricity,100,percent,UDISE_2024-2025.pdf,114,Percentage of Schools with electricity connection,"Table 7.1 (continued) col (17), All management"
Chandigarh,2024-25,All,schools_with_functional_electricity,100,percent,UDISE_2024-2025.pdf,114,Percentage of Schools with functional electricity connection,"Table 7.1 (continued) col (22), All management"
Chhattisgarh,2024-25,All,schools_with_electricity,94.7,percent,UDISE_2024-2025.pdf,114,Percentage of Schools with electricity connection,"Table 7.1 (continued) col (17), All management"
Chhattisgarh,2024-25,All,schools_with_functional_electricity,90.9,percent,UDISE_2024-2025.pdf,114,Percentage of Schools with functional electricity connection,"Table 7.1 (continued) col (22), All management"
Dadra & Nagar Haveli and Daman & Diu,2024-25,All,schools_with_electricity,100,percent,UDISE_2024-2025.pdf,114,Percentage of Schools with electricity connection,"Table 7.1 (continued) col (17), All management"
Dadra & Nagar Haveli and Daman & Diu,2024-25,All,schools_with_functional_electricity,100,percent,UDISE_2024-2025.pdf,114,Percentage of Schools with functional electricity connection,"Table 7.1 (continued) col (22), All management"
Delhi,2024-25,All,schools_with_electricity,100,percent,UDISE_2024-2025.pdf,114,Percentage of Schools with electricity connection,"Table 7.1 (continued) col (17), All management"
Delhi,2024-25,All,schools_with_functional_electricity,100,percent,UDISE_2024-2025.pdf,114,Percentage of Schools with functional electricity connection,"Table 7.1 (continued) col (22), All management"
Goa,2024-25,All,schools_with_electricity,100,percent,UDISE_2024-2025.pdf,114,Percentage of Schools with electricity connection,"Table 7.1 (continued) col (17), All management"
Goa,2024-25,All,schools_with_functional_electricity,100,percent,UDISE_2024-2025.pdf,114,Percentage of Schools with functional electricity connection,"Table 7.1 (continued) col (22), All management"
Gujarat,2024-25,All,schools_with_electricity,99.9,percent,UDISE_2024-2025.pdf,114,Percentage of Schools with electricity connection,"Table 7.1 (continued) col (17), All management"
Gujarat,2024-25,All,schools_with_functional_electricity,99.9,percent,UDISE_2024-2025.pdf,114,Percentage of Schools with functional electricity connection,"Table 7.1 (continued) col (22), All management"
Haryana,2024-25,All,schools_with_electricity,100,percent,UDISE_2024-2025.pdf,114,Percentage of Schools with electricity connection,"Table 7.1 (continued) col (17), All management"
Haryana,2024-25,All,schools_with_functional_electricity,100,percent,UDISE_2024-2025.pdf,114,Percentage of Schools with functional electricity connection,"Table 7.1 (continued) col (22), All management"
Himachal Pradesh,2024-25,All,schools_with_electricity,99.4,percent,UDISE_2024-2025.pdf,114,Percentage of Schools with electricity connection,"Table 7.1 (continued) col (17), All management"
Himachal Pradesh,2024-25,All,schools_with_functional_electricity,99,percent,UDISE_2024-2025.pdf,114,Percentage of Schools with functional electricity connection,"Table 7.1 (continued) col (22), All management"
Jammu & Kashmir,2024-25,All,schools_with_electricity,91.5,percent,UDISE_2024-2025.pdf,114,Percentage of Schools with electricity connection,"Table 7.1 (continued) col (17), All management"
Jammu & Kashmir,2024-25,All,schools_with_functional_electricity,87.2,percent,UDISE_2024-2025.pdf,114,Percentage of Schools with functional electricity connection,"Table 7.1 (continued) col (22), All management"
Jharkhand,2024-25,All,schools_with_electricity,95.6,percent,UDISE_2024-2025.pdf,114,Percentage of Schools with electricity connection,"Table 7.1 (continued) col (17), All management"
Jharkhand,2024-25,All,schools_with_functional_electricity,92.7,percent,UDISE_2024-2025.pdf,114,Percentage of Schools with functional electricity connection,"Table 7.1 (continued) col (22), All management"
Karnataka,2024-25,All,schools_with_electricity,99,percent,UDISE_2024-2025.pdf,114,Percentage of Schools with electricity connection,"Table 7.1 (continued) col (17), All management"
Karnataka,2024-25,All,schools_with_functional_electricity,98.3,percent,UDISE_2024-2025.pdf,114,Percentage of Schools with functional electricity connection,"Table 7.1 (continued) col (22), All management"
Kerala,2024-25,All,schools_with_electricity,99.9,percent,UDISE_2024-2025.pdf,114,Percentage of Schools with electricity connection,"Table 7.1 (continued) col (17), All management"
Kerala,2024-25,All,schools_with_functional_electricity,99.7,percent,UDISE_2024-2025.pdf,114,Percentage of Schools with functional electricity connection,"Table 7.1 (continued) col (22), All management"
Ladakh,2024-25,All,schools_with_electricity,82.6,percent,UDISE_2024-2025.pdf,114,Percentage of Schools with electricity connection,"Table 7.1 (continued) col (17), All management"
Ladakh,2024-25,All,schools_with_functional_electricity,76.4,percent,UDISE_2024-2025.pdf,114,Percentage of Schools with functional electricity connection,"Table 7.1 (continued) col (22), All management"
Lakshadweep,2024-25,All,schools_with_electricity,100,percent,UDISE_2024-2025.pdf,114,Percentage of Schools with electricity connection,"Table 7.1 (continued) col (17), All management"
Lakshadweep,2024-25,All,schools_with_functional_electricity,100,percent,UDISE_2024-2025.pdf,114,Percentage of Schools with functional electricity connection,"Table 7.1 (continued) col (22), All management"
Madhya Pradesh,2024-25,All,schools_with_electricity,91.2,percent,UDISE_2024-2025.pdf,114,Percentage of Schools with electricity connection,"Table 7.1 (continued) col (17), All management"
Madhya Pradesh,2024-25,All,schools_with_functional_electricity,87.8,percent,UDISE_2024-2025.pdf,114,Percentage of Schools with functional electricity connection,"Table 7.1 (continued) col (22), All management"
Maharashtra,2024-25,All,schools_with_electricity,94.9,percent,UDISE_2024-2025.pdf,114,Percentage of Schools with electricity connection,"Table 7.1 (continued) col (17), All management"
Maharashtra,2024-25,All,schools_with_functional_electricity,88.9,percent,UDISE_2024-2025.pdf,114,Percentage of Schools with functional electricity connection,"Table 7.1 (continued) col (22), All management"
Manipur,2024-25,All,schools_with_electricity,69.9,percent,UDISE_2024-2025.pdf,114,Percentage of Schools with electricity connection,"Table 7.1 (continued) col (17), All management"
Manipur,2024-25,All,schools_with_functional_electricity,63.3,percent,UDISE_2024-2025.pdf,114,Percentage of Schools with functional electricity connection,"Table 7.1 (continued) col (22), All management"
Meghalaya,2024-25,All,schools_with_electricity,30.7,percent,UDISE_2024-2025.pdf,114,Percentage of Schools with electricity connection,"Table 7.1 (continued) col (17), All management"
Meghalaya,2024-25,All,schools_with_functional_electricity,28.1,percent,UDISE_2024-2025.pdf,114,Percentage of Schools with functional electricity connection,"Table 7.1 (continued) col (22), All management"
Mizoram,2024-25,All,schools_with_electricity,87.6,percent,UDISE_2024-2025.pdf,114,Percentage of Schools with electricity connection,"Table 7.1 (continued) col (17), All management"
Mizoram,2024-25,All,schools_with_functional_electricity,80.3,percent,UDISE_2024-2025.pdf,114,Percentage of Schools with functional electricity connection,"Table 7.1 (continued) col (22), All management"
Nagaland,2024-25,All,schools_with_electricity,85.3,percent,UDISE_2024-2025.pdf,114,Percentage of Schools with electricity connection,"Table 7.1 (continued) col (17), All management"
Nagaland,2024-25,All,schools_with_functional_electricity,78.2,percent,UDISE_2024-2025.pdf,114,Percentage of Schools with functional electricity connection,"Table 7.1 (continued) col (22), All management"
Odisha,2024-25,All,schools_with_electricity,97.4,percent,UDISE_2024-2025.pdf,114,Percentage of Schools with electricity connection,"Table 7.1 (continued) col (17), All management"
Odisha,2024-25,All,schools_with_functional_electricity,96.9,percent,UDISE_2024-2025.pdf,114,Percentage of Schools with functional electricity connection,"Table 7.1 (continued) col (22), All management"
Puducherry,2024-25,All,schools_with_electricity,100,percent,UDISE_2024-2025.pdf,114,Percentage of Schools with electricity connection,"Table 7.1 (continued) col (17), All management"
Puducherry,2024-25,All,schools_with_functional_electricity,100,percent,UDISE_2024-2025.pdf,114,Percentage of Schools with functional electricity connection,"Table 7.1 (continued) col (22), All management"
Punjab,2024-25,All,schools_with_electricity,100,percent,UDISE_2024-2025.pdf,114,Percentage of Schools with electricity connection,"Table 7.1 (continued) col (17), All management"
Punjab,2024-25,All,schools_with_functional_electricity,99.9,percent,UDISE_2024-2025.pdf,114,Percentage of Schools with functional electricity connection,"Table 7.1 (continued) col (22), All management"
Rajasthan,2024-25,All,schools_with_electricity,92.2,percent,UDISE_2024-2025.pdf,114,Percentage of Schools with electricity connection,"Table 7.1 (continued) col (17), All management"
Rajasthan,2024-25,All,schools_with_functional_electricity,91.3,percent,UDISE_2024-2025.pdf,114,Percentage of Schools with functional electricity connection,"Table 7.1 (continued) col (22), All management"
Sikkim,2024-25,All,schools_with_electricity,98.9,percent,UDISE_2024-2025.pdf,114,Percentage of Schools with electricity connection,"Table 7.1 (continued) col (17), All management"
Sikkim,2024-25,All,schools_with_functional_electricity,97,percent,UDISE_2024-2025.pdf,114,Percentage of Schools with functional electricity connection,"Table 7.1 (continued) col (22), All management"
Tamil Nadu,2024-25,All,schools_with_electricity,99.7,percent,UDISE_2024-2025.pdf,114,Percentage of Schools with electricity connection,"Table 7.1 (continued) col (17), All management"
Tamil Nadu,2024-25,All,schools_with_functional_electricity,99.6,percent,UDISE_2024-2025.pdf,114,Percentage of Schools with functional electricity connection,"Table 7.1 (continued) col (22), All management"
Telangana,2024-25,All,schools_with_electricity,97,percent,UDISE_2024-2025.pdf,114,Percentage of Schools with electricity connection,"Table 7.1 (continued) col (17), All management"
Telangana,2024-25,All,schools_with_functional_electricity,95.1,percent,UDISE_2024-2025.pdf,114,Percentage of Schools with functional electricity connection,"Table 7.1 (continued) col (22), All management"
Tripura,2024-25,All,schools_with_electricity,83.1,percent,UDISE_2024-2025.pdf,114,Percentage of Schools with electricity connection,"Table 7.1 (continued) col (17), All management"
Tripura,2024-25,All,schools_with_functional_electricity,80,percent,UDISE_2024-2025.pdf,114,Percentage of Schools with functional electricity connection,"Table 7.1 (continued) col (22), All management"
Uttar Pradesh,2024-25,All,schools_with_electricity,87.6,percent,UDISE_2024-2025.pdf,114,Percentage of Schools with electricity connection,"Table 7.1 (continued) col (17), All management"
Uttar Pradesh,2024-25,All,schools_with_functional_electricity,86,percent,UDISE_2024-2025.pdf,114,Percentage of Schools with functional electricity connection,"Table 7.1 (continued) col (22), All management"
Uttarakhand,2024-25,All,schools_with_electricity,96.3,percent,UDISE_2024-2025.pdf,114,Percentage of Schools with electricity connection,"Table 7.1 (continued) col (17), All management"
Uttarakhand,2024-25,All,schools_with_functional_electricity,94.3,percent,UDISE_2024-2025.pdf,114,Percentage of Schools with functional electricity connection,"Table 7.1 (continued) col (22), All management"
West Bengal,2024-25,All,schools_with_electricity,98,percent,UDISE_2024-2025.pdf,114,Percentage of Schools with electricity connection,"Table 7.1 (continued) col (17), All management"
West Bengal,2024-25,All,schools_with_functional_electricity,97.1,percent,UDISE_2024-2025.pdf,114,Percentage of Schools with functional electricity connection,"Table 7.1 (continued) col (22), All management"
India,2024-25,All,schools_total,1471473,count,UDISE_2024-2025.pdf,126,Total Schools,"Table 7.9 col (2), All management"
India,2024-25,All,schools_with_computer,951868,count,UDISE_2024-2025.pdf,126,Schools with computer facility,"Table 7.9 col (7), All management"
India,2024-25,All,schools_with_computer,64.7,percent,UDISE_2024-2025.pdf,126,Percentage of Schools with computer facility,"Table 7.9 col (12), All management"
Andaman & Nicobar Islands,2024-25,All,schools_total,408,count,UDISE_2024-2025.pdf,126,Total Schools,"Table 7.9 col (2), All management"
Andaman & Nicobar Islands,2024-25,All,schools_with_computer,346,count,UDISE_2024-2025.pdf,126,Schools with computer facility,"Table 7.9 col (7), All management"
Andaman & Nicobar Islands,2024-25,All,schools_with_computer,84.8,percent,UDISE_2024-2025.pdf,126,Percentage of Schools with computer facility,"Table 7.9 col (12), All management"
Andhra Pradesh,2024-25,All,schools_total,61317,count,UDISE_2024-2025.pdf,126,Total Schools,"Table 7.9 col (2), All management"
Andhra Pradesh,2024-25,All,schools_with_computer,48833,count,UDISE_2024-2025.pdf,126,Schools with computer facility,"Table 7.9 col (7), All management"
Andhra Pradesh,2024-25,All,schools_with_computer,79.6,percent,UDISE_2024-2025.pdf,126,Percentage of Schools with computer facility,"Table 7.9 col (12), All management"
Arunachal Pradesh,2024-25,All,schools_total,3229,count,UDISE_2024-2025.pdf,126,Total Schools,"Table 7.9 col (2), All management"
Arunachal Pradesh,2024-25,All,schools_with_computer,1539,count,UDISE_2024-2025.pdf,126,Schools with computer facility,"Table 7.9 col (7), All management"
Arunachal Pradesh,2024-25,All,schools_with_computer,47.7,percent,UDISE_2024-2025.pdf,126,Percentage of Schools with computer facility,"Table 7.9 col (12), All management"
Assam,2024-25,All,schools_total,55283,count,UDISE_2024-2025.pdf,126,Total Schools,"Table 7.9 col (2), All management"
Assam,2024-25,All,schools_with_computer,43515,count,UDISE_2024-2025.pdf,126,Schools with computer facility,"Table 7.9 col (7), All management"
Assam,2024-25,All,schools_with_computer,78.7,percent,UDISE_2024-2025.pdf,126,Percentage of Schools with computer facility,"Table 7.9 col (12), All management"
Bihar,2024-25,All,schools_total,94339,count,UDISE_2024-2025.pdf,126,Total Schools,"Table 7.9 col (2), All management"
Bihar,2024-25,All,schools_with_computer,23750,count,UDISE_2024-2025.pdf,126,Schools with computer facility,"Table 7.9 col (7), All management"
Bihar,2024-25,All,schools_with_computer,25.2,percent,UDISE_2024-2025.pdf,126,Percentage of Schools with computer facility,"Table 7.9 col (12), All management"
Chandigarh,2024-25,All,schools_total,207,count,UDISE_2024-2025.pdf,126,Total Schools,"Table 7.9 col (2), All management"
Chandigarh,2024-25,All,schools_with_computer,206,count,UDISE_2024-2025.pdf,126,Schools with computer facility,"Table 7.9 col (7), All management"
Chandigarh,2024-25,All,schools_with_computer,99.5,percent,UDISE_2024-2025.pdf,126,Percentage of Schools with computer facility,"Table 7.9 col (12), All management"
Chhattisgarh,2024-25,All,schools_total,56802,count,UDISE_2024-2025.pdf,126,Total Schools,"Table 7.9 col (2), All management"
Chhattisgarh,2024-25,All,schools_with_computer,35610,count,UDISE_2024-2025.pdf,126,Schools with computer facility,"Table 7.9 col (7), All management"
Chhattisgarh,2024-25,All,schools_with_computer,62.7,percent,UDISE_2024-2025.pdf,126,Percentage of Schools with computer facility,"Table 7.9 col (12), All management"
Dadra & Nagar Haveli and Daman & Diu,2024-25,All,schools_total,433,count,UDISE_2024-2025.pdf,126,Total Schools,"Table 7.9 col (2), All management"
Dadra & Nagar Haveli and Daman & Diu,2024-25,All,schools_with_computer,421,count,UDISE_2024-2025.pdf,126,Schools with computer facility,"Table 7.9 col (7), All management"
Dadra & Nagar Haveli and Daman & Diu,2024-25,All,schools_with_computer,97.2,percent,UDISE_2024-2025.pdf,126,Percentage of Schools with computer facility,"Table 7.9 col (12), All management"
Delhi,2024-25,All,schools_total,5556,count,UDISE_2024-2025.pdf,126,Total Schools,"Table 7.9 col (2), All management"
Delhi,2024-25,All,schools_with_computer,5553,count,UDISE_2024-2025.pdf,126,Schools with computer facility,"Table 7.9 col (7), All management"
Delhi,2024-25,All,schools_with_computer,99.9,percent,UDISE_2024-2025.pdf,126,Percentage of Schools with computer facility,"Table 7.9 col (12), All management"
Goa,2024-25,All,schools_total,1479,count,UDISE_2024-2025.pdf,126,Total Schools,"Table 7.9 col (2), All management"
Goa,2024-25,All,schools_with_computer,844,count,UDISE_2024-2025.pdf,126,Schools with computer facility,"Table 7.9 col (7), All management"
Goa,2024-25,All,schools_with_computer,57.1,percent,UDISE_2024-2025.pdf,126,Percentage of Schools with computer facility,"Table 7.9 col (12), All management"
Gujarat,2024-25,All,schools_total,53355,count,UDISE_2024-2025.pdf,126,Total Schools,"Table 7.9 col (2), All management"
Gujarat,2024-25,All,schools_with_computer,52203,count,UDISE_2024-2025.pdf,126,Schools with computer facility,"Table 7.9 col (7), All management"
Gujarat,2024-25,All,schools_with_computer,97.8,percent,UDISE_2024-2025.pdf,126,Percentage of Schools with computer facility,"Table 7.9 col (12), All management"
Haryana,2024-25,All,schools_total,23494,count,UDISE_2024-2025.pdf,126,Total Schools,"Table 7.9 col (2), All management"
Haryana,2024-25,All,schools_with_computer,22860,count,UDISE_2024-2025.pdf,126,Schools with computer facility,"Table 7.9 col (7), All management"
Haryana,2024-25,All,schools_with_computer,97.3,percent,UDISE_2024-2025.pdf,126,Percentage of Schools with computer facility,"Table 7.9 col (12), All management"
Himachal Pradesh,2024-25,All,schools_total,17330,count,UDISE_2024-2025.pdf,126,Total Schools,"Table 7.9 col (2), All management"
Himachal Pradesh,2024-25,All,schools_with_computer,13496,count,UDISE_2024-2025.pdf,126,Schools with computer facility,"Table 7.9 col (7), All management"
Himachal Pradesh,2024-25,All,schools_with_computer,77.9,percent,UDISE_2024-2025.pdf,126,Percentage of Schools with computer facility,"Table 7.9 col (12), All management"
Jammu & Kashmir,2024-25,All,schools_total,24192,count,UDISE_2024-2025.pdf,126,Total Schools,"Table 7.9 col (2), All management"
Jammu & Kashmir,2024-25,All,schools_with_computer,10417,count,UDISE_2024-2025.pdf,126,Schools with computer facility,"Table 7.9 col (7), All management"
Jammu & Kashmir,2024-25,All,schools_with_computer,43.1,percent,UDISE_2024-2025.pdf,126,Percentage of Schools with computer facility,"Table 7.9 col (12), All management"
Jharkhand,2024-25,All,schools_total,44376,count,UDISE_2024-2025.pdf,126,Total Schools,"Table 7.9 col (2), All management"
Jharkhand,2024-25,All,schools_with_computer,33718,count,UDISE_2024-2025.pdf,126,Schools with computer facility,"Table 7.9 col (7), All management"
Jharkhand,2024-25,All,schools_with_computer,76,percent,UDISE_2024-2025.pdf,126,Percentage of Schools with computer facility,"Table 7.9 col (12), All management"
Karnataka,2024-25,All,schools_total,74859,count,UDISE_2024-2025.pdf,126,Total Schools,"Table 7.9 col (2), All management"
Karnataka,2024-25,All,schools_with_computer,41662,count,UDISE_2024-2025.pdf,126,Schools with computer facility,"Table 7.9 col (7), All management"
Karnataka,2024-25,All,schools_with_computer,55.7,percent,UDISE_2024-2025.pdf,126,Percentage of Schools with computer facility,"Table 7.9 col (12), All management"
Kerala,2024-25,All,schools_total,15757,count,UDISE_2024-2025.pdf,126,Total Schools,"Table 7.9 col (2), All management"
Kerala,2024-25,All,schools_with_computer,15683,count,UDISE_2024-2025.pdf,126,Schools with computer facility,"Table 7.9 col (7), All management"
Kerala,2024-25,All,schools_with_computer,99.5,percent,UDISE_2024-2025.pdf,126,Percentage of Schools with computer facility,"Table 7.9 col (12), All management"
Ladakh,2024-25,All,schools_total,961,count,UDISE_2024-2025.pdf,126,Total Schools,"Table 7.9 col (2), All management"
Ladakh,2024-25,All,schools_with_computer,579,count,UDISE_2024-2025.pdf,126,Schools with computer facility,"Table 7.9 col (7), All management"
Ladakh,2024-25,All,schools_with_computer,60.2,percent,UDISE_2024-2025.pdf,126,Percentage of Schools with computer facility,"Table 7.9 col (12), All management"
Lakshadweep,2024-25,All,schools_total,36,count,UDISE_2024-2025.pdf,126,Total Schools,"Table 7.9 col (2), All management"
Lakshadweep,2024-25,All,schools_with_computer,36,count,UDISE_2024-2025.pdf,126,Schools with computer facility,"Table 7.9 col (7), All management"
Lakshadweep,2024-25,All,schools_with_computer,100,percent,UDISE_2024-2025.pdf,126,Percentage of Schools with computer facility,"Table 7.9 col (12), All management"
Madhya Pradesh,2024-25,All,schools_total,122120,count,UDISE_2024-2025.pdf,126,Total Schools,"Table 7.9 col (2), All management"
Madhya Pradesh,2024-25,All,schools_with_computer,72323,count,UDISE_2024-2025.pdf,126,Schools with computer facility,"Table 7.9 col (7), All management"
Madhya Pradesh,2024-25,All,schools_with_computer,59.2,percent,UDISE_2024-2025.pdf,126,Percentage of Schools with computer facility,"Table 7.9 col (12), All management"
Maharashtra,2024-25,All,schools_total,108250,count,UDISE_2024-2025.pdf,126,Total Schools,"Table 7.9 col (2), All management"
Maharashtra,2024-25,All,schools_with_computer,89346,count,UDISE_2024-2025.pdf,126,Schools with computer facility,"Table 7.9 col (7), All management"
Maharashtra,2024-25,All,schools_with_computer,82.5,percent,UDISE_2024-2025.pdf,126,Percentage of Schools with computer facility,"Table 7.9 col (12), All management"
Manipur,2024-25,All,schools_total,4666,count,UDISE_2024-2025.pdf,126,Total Schools,"Table 7.9 col (2), All management"
Manipur,2024-25,All,schools_with_computer,1775,count,UDISE_2024-2025.pdf,126,Schools with computer facility,"Table 7.9 col (7), All management"
Manipur,2024-25,All,schools_with_computer,38,percent,UDISE_2024-2025.pdf,126,Percentage of Schools with computer facility,"Table 7.9 col (12), All management"
Meghalaya,2024-25,All,schools_total,14587,count,UDISE_2024-2025.pdf,126,Total Schools,"Table 7.9 col (2), All management"
Meghalaya,2024-25,All,schools_with_computer,2869,count,UDISE_2024-2025.pdf,126,Schools with computer facility,"Table 7.9 col (7), All management"
Meghalaya,2024-25,All,schools_with_computer,19.7,percent,UDISE_2024-2025.pdf,126,Percentage of Schools with computer facility,"Table 7.9 col (12), All management"
Mizoram,2024-25,All,schools_total,3974,count,UDISE_2024-2025.pdf,126,Total Schools,"Table 7.9 col (2), All management"
Mizoram,2024-25,All,schools_with_computer,3049,count,UDISE_2024-2025.pdf,126,Schools with computer facility,"Table 7.9 col (7), All management"
Mizoram,2024-25,All,schools_with_computer,76.7,percent,UDISE_2024-2025.pdf,126,Percentage of Schools with computer facility,"Table 7.9 col (12), All management"
Nagaland,2024-25,All,schools_total,2750,count,UDISE_2024-2025.pdf,126,Total Schools,"Table 7.9 col (2), All management"
Nagaland,2024-25,All,schools_with_computer,2498,count,UDISE_2024-2025.pdf,126,Schools with computer facility,"Table 7.9 col (7), All management"
Nagaland,2024-25,All,schools_with_computer,90.8,percent,UDISE_2024-2025.pdf,126,Percentage of Schools with computer facility,"Table 7.9 col (12), All management"
Odisha,2024-25,All,schools_total,61565,count,UDISE_2024-2025.pdf,126,Total Schools,"Table 7.9 col (2), All management"
Odisha,2024-25,All,schools_with_computer,47241,count,UDISE_2024-2025.pdf,126,Schools with computer facility,"Table 7.9 col (7), All management"
Odisha,2024-25,All,schools_with_computer,76.7,percent,UDISE_2024-2025.pdf,126,Percentage of Schools with computer facility,"Table 7.9 col (12), All management"
Puducherry,2024-25,All,schools_total,763,count,UDISE_2024-2025.pdf,126,Total Schools,"Table 7.9 col (2), All management"
Puducherry,2024-25,All,schools_with_computer,759,count,UDISE_2024-2025.pdf,126,Schools with computer facility,"Table 7.9 col (7), All management"
Puducherry,2024-25,All,schools_with_computer,99.5,percent,UDISE_2024-2025.pdf,126,Percentage of Schools with computer facility,"Table 7.9 col (12), All management"
Punjab,2024-25,All,schools_total,27281,count,UDISE_2024-2025.pdf,126,Total Schools,"Table 7.9 col (2), All management"
Punjab,2024-25,All,schools_with_computer,27015,count,UDISE_2024-2025.pdf,126,Schools with computer facility,"Table 7.9 col (7), All management"
Punjab,2024-25,All,schools_with_computer,99,percent,UDISE_2024-2025.pdf,126,Percentage of Schools with computer facility,"Table 7.9 col (12), All management"
Rajasthan,2024-25,All,schools_total,106302,count,UDISE_2024-2025.pdf,126,Total Schools,"Table 7.9 col (2), All management"
Rajasthan,2024-25,All,schools_with_computer,56702,count,UDISE_2024-2025.pdf,126,Schools with computer facility,"Table 7.9 col (7), All management"
Rajasthan,2024-25,All,schools_with_computer,53.3,percent,UDISE_2024-2025.pdf,126,Percentage of Schools with computer facility,"Table 7.9 col (12), All management"
Sikkim,2024-25,All,schools_total,1245,count,UDISE_2024-2025.pdf,126,Total Schools,"Table 7.9 col (2), All management"
Sikkim,2024-25,All,schools_with_computer,1166,count,UDISE_2024-2025.pdf,126,Schools with computer facility,"Table 7.9 col (7), All management"
Sikkim,2024-25,All,schools_with_computer,93.7,percent,UDISE_2024-2025.pdf,126,Percentage of Schools with computer facility,"Table 7.9 col (12), All management"
Tamil Nadu,2024-25,All,schools_total,57935,count,UDISE_2024-2025.pdf,126,Total Schools,"Table 7.9 col (2), All management"
Tamil Nadu,2024-25,All,schools_with_computer,53676,count,UDISE_2024-2025.pdf,126,Schools with computer facility,"Table 7.9 col (7), All management"
Tamil Nadu,2024-25,All,schools_with_computer,92.6,percent,UDISE_2024-2025.pdf,126,Percentage of Schools with computer facility,"Table 7.9 col (12), All management"
Telangana,2024-25,All,schools_total,43154,count,UDISE_2024-2025.pdf,126,Total Schools,"Table 7.9 col (2), All management"
Telangana,2024-25,All,schools_with_computer,37095,count,UDISE_2024-2025.pdf,126,Schools with computer facility,"Table 7.9 col (7), All management"
Telangana,2024-25,All,schools_with_computer,86,percent,UDISE_2024-2025.pdf,126,Percentage of Schools with computer facility,"Table 7.9 col (12), All management"
Tripura,2024-25,All,schools_total,4943,count,UDISE_2024-2025.pdf,126,Total Schools,"Table 7.9 col (2), All management"
Tripura,2024-25,All,schools_with_computer,3289,count,UDISE_2024-2025.pdf,126,Schools with computer facility,"Table 7.9 col (7), All management"
Tripura,2024-25,All,schools_with_computer,66.5,percent,UDISE_2024-2025.pdf,126,Percentage of Schools with computer facility,"Table 7.9 col (12), All management"
Uttar Pradesh,2024-25,All,schools_total,262358,count,UDISE_2024-2025.pdf,126,Total Schools,"Table 7.9 col (2), All management"
Uttar Pradesh,2024-25,All,schools_with_computer,157798,count,UDISE_2024-2025.pdf,126,Schools with computer facility,"Table 7.9 col (7), All management"
Uttar Pradesh,2024-25,All,schools_with_computer,60.1,percent,UDISE_2024-2025.pdf,126,Percentage of Schools with computer facility,"Table 7.9 col (12), All management"
Uttarakhand,2024-25,All,schools_total,22452,count,UDISE_2024-2025.pdf,126,Total Schools,"Table 7.9 col (2), All management"
Uttarakhand,2024-25,All,schools_with_computer,20504,count,UDISE_2024-2025.pdf,126,Schools with computer facility,"Table 7.9 col (7), All management"
Uttarakhand,2024-25,All,schools_with_computer,91.3,percent,UDISE_2024-2025.pdf,126,Percentage of Schools with computer facility,"Table 7.9 col (12), All management"
West Bengal,2024-25,All,schools_total,93715,count,UDISE_2024-2025.pdf,126,Total Schools,"Table 7.9 col (2), All management"
West Bengal,2024-25,All,schools_with_computer,23492,count,UDISE_2024-2025.pdf,126,Schools with computer facility,"Table 7.9 col (7), All management"
West Bengal,2024-25,All,schools_with_computer,25.1,percent,UDISE_2024-2025.pdf,126,Percentage of Schools with computer facility,"Table 7.9 col (12), All management"
India,2024-25,All,schools_with_functional_computer,852684,count,UDISE_2024-2025.pdf,127,Schools with functional computer facility for pedagogical purpose,"Table 7.10 col (7), All management"
India,2024-25,All,schools_with_functional_computer,57.9,percent,UDISE_2024-2025.pdf,127,Percentage of Schools with functional computer facility for pedagogical purpose,"Table 7.10 col (12), All management"
Andaman & Nicobar Islands,2024-25,All,schools_with_functional_computer,332,count,UDISE_2024-2025.pdf,127,Schools with functional computer facility for pedagogical purpose,"Table 7.10 col (7), All management"
Andaman & Nicobar Islands,2024-25,All,schools_with_functional_computer,81.4,percent,UDISE_2024-2025.pdf,127,Percentage of Schools with functional computer facility for pedagogical purpose,"Table 7.10 col (12), All management"
Andhra Pradesh,2024-25,All,schools_with_functional_computer,46909,count,UDISE_2024-2025.pdf,127,Schools with functional computer facility for pedagogical purpose,"Table 7.10 col (7), All management"
Andhra Pradesh,2024-25,All,schools_with_functional_computer,76.5,percent,UDISE_2024-2025.pdf,127,Percentage of Schools with functional computer facility for pedagogical purpose,"Table 7.10 col (12), All management"
Arunachal Pradesh,2024-25,All,schools_with_functional_computer,1357,count,UDISE_2024-2025.pdf,127,Schools with functional computer facility for pedagogical purpose,"Table 7.10 col (7), All management"
Arunachal Pradesh,2024-25,All,schools_with_functional_computer,42,percent,UDISE_2024-2025.pdf,127,Percentage of Schools with functional computer facility for pedagogical purpose,"Table 7.10 col (12), All management"
Assam,2024-25,All,schools_with_functional_computer,36848,count,UDISE_2024-2025.pdf,127,Schools with functional computer facility for pedagogical purpose,"Table 7.10 col (7), All management"
Assam,2024-25,All,schools_with_functional_computer,66.7,percent,UDISE_2024-2025.pdf,127,Percentage of Schools with functional computer facility for pedagogical purpose,"Table 7.10 col (12), All management"
Bihar,2024-25,All,schools_with_functional_computer,22410,count,UDISE_2024-2025.pdf,127,Schools with functional computer facility for pedagogical purpose,"Table 7.10 col (7), All management"
Bihar,2024-25,All,schools_with_functional_computer,23.8,percent,UDISE_2024-2025.pdf,127,Percentage of Schools with functional computer facility for pedagogical purpose,"Table 7.10 col (12), All management"
Chandigarh,2024-25,All,schools_with_functional_computer,206,count,UDISE_2024-2025.pdf,127,Schools with functional computer facility for pedagogical purpose,"Table 7.10 col (7), All management"
Chandigarh,2024-25,All,schools_with_functional_computer,99.5,percent,UDISE_2024-2025.pdf,127,Percentage of Schools with functional computer facility for pedagogical purpose,"Table 7.10 col (12), All management"
Chhattisgarh,2024-25,All,schools_with_functional_computer,21685,count,UDISE_2024-2025.pdf,127,Schools with functional computer facility for pedagogical purpose,"Table 7.10 col (7), All management"
Chhattisgarh,2024-25,All,schools_with_functional_computer,38.2,percent,UDISE_2024-2025.pdf,127,Percentage of Schools with functional computer facility for pedagogical purpose,"Table 7.10 col (12), All management"
Dadra & Nagar Haveli and Daman & Diu,2024-25,All,schools_with_functional_computer,414,count,UDISE_2024-2025.pdf,127,Schools with functional computer facility for pedagogical purpose,"Table 7.10 col (7), All management"
Dadra & Nagar Haveli and Daman & Diu,2024-25,All,schools_with_functional_computer,95.6,percent,UDISE_2024-2025.pdf,127,Percentage of Schools with functional computer facility for pedagogical purpose,"Table 7.10 col (12), All management"
Delhi,2024-25,All,schools_with_functional_computer,5553,count,UDISE_2024-2025.pdf,127,Schools with functional computer facility for pedagogical purpose,"Table 7.10 col (7), All management"
Delhi,2024-25,All,schools_with_functional_computer,99.9,percent,UDISE_2024-2025.pdf,127,Percentage of Schools with functional computer facility for pedagogical purpose,"Table 7.10 col (12), All management"
Goa,2024-25,All,schools_with_functional_computer,824,count,UDISE_2024-2025.pdf,127,Schools with functional computer facility for pedagogical purpose,"Table 7.10 col (7), All management"
Goa,2024-25,All,schools_with_functional_computer,55.7,percent,UDISE_2024-2025.pdf,127,Percentage of Schools with functional computer facility for pedagogical purpose,"Table 7.10 col (12), All management"
Gujarat,2024-25,All,schools_with_functional_computer,51252,count,UDISE_2024-2025.pdf,127,Schools with functional computer facility for pedagogical purpose,"Table 7.10 col (7), All management"
Gujarat,2024-25,All,schools_with_functional_computer,96.1,percent,UDISE_2024-2025.pdf,127,Percentage of Schools with functional computer facility for pedagogical purpose,"Table 7.10 col (12), All management"
Haryana,2024-25,All,schools_with_functional_computer,22457,count,UDISE_2024-2025.pdf,127,Schools with functional computer facility for pedagogical purpose,"Table 7.10 col (7), All management"
Haryana,2024-25,All,schools_with_functional_computer,95.6,percent,UDISE_2024-2025.pdf,127,Percentage of Schools with functional computer facility for pedagogical purpose,"Table 7.10 col (12), All management"
Himachal Pradesh,2024-25,All,schools_with_functional_computer,12505,count,UDISE_2024-2025.pdf,127,Schools with functional computer facility for pedagogical purpose,"Table 7.10 col (7), All management"
Himachal Pradesh,2024-25,All,schools_with_functional_computer,72.2,percent,UDISE_2024-2025.pdf,127,Percentage of Schools with functional computer facility for pedagogical purpose,"Table 7.10 col (12), All management"
Jammu & Kashmir,2024-25,All,schools_with_functional_computer,8841,count,UDISE_2024-2025.pdf,127,Schools with functional computer facility for pedagogical purpose,"Table 7.10 col (7), All management"
Jammu & Kashmir,2024-25,All,schools_with_functional_computer,36.5,percent,UDISE_2024-2025.pdf,127,Percentage of Schools with functional computer facility for pedagogical purpose,"Table 7.10 col (12), All management"
Jharkhand,2024-25,All,schools_with_functional_computer,19369,count,UDISE_2024-2025.pdf,127,Schools with functional computer facility for pedagogical purpose,"Table 7.10 col (7), All management"
Jharkhand,2024-25,All,schools_with_functional_computer,43.6,percent,UDISE_2024-2025.pdf,127,Percentage of Schools with functional computer facility for pedagogical purpose,"Table 7.10 col (12), All management"
Karnataka,2024-25,All,schools_with_functional_computer,37939,count,UDISE_2024-2025.pdf,127,Schools with functional computer facility for pedagogical purpose,"Table 7.10 col (7), All management"
Karnataka,2024-25,All,schools_with_functional_computer,50.7,percent,UDISE_2024-2025.pdf,127,Percentage of Schools with functional computer facility for pedagogical purpose,"Table 7.10 col (12), All management"
Kerala,2024-25,All,schools_with_functional_computer,15618,count,UDISE_2024-2025.pdf,127,Schools with functional computer facility for pedagogical purpose,"Table 7.10 col (7), All management"
Kerala,2024-25,All,schools_with_functional_computer,99.1,percent,UDISE_2024-2025.pdf,127,Percentage of Schools with functional computer facility for pedagogical purpose,"Table 7.10 col (12), All management"
Ladakh,2024-25,All,schools_with_functional_computer,537,count,UDISE_2024-2025.pdf,127,Schools with functional computer facility for pedagogical purpose,"Table 7.10 col (7), All management"
Ladakh,2024-25,All,schools_with_functional_computer,55.9,percent,UDISE_2024-2025.pdf,127,Percentage of Schools with functional computer facility for pedagogical purpose,"Table 7.10 col (12), All management"
Lakshadweep,2024-25,All,schools_with_functional_computer,35,count,UDISE_2024-2025.pdf,127,Schools with functional computer facility for pedagogical purpose,"Table 7.10 col (7), All management"
Lakshadweep,2024-25,All,schools_with_functional_computer,97.2,percent,UDISE_2024-2025.pdf,127,Percentage of Schools with functional computer facility for pedagogical purpose,"Table 7.10 col (12), All management"
Madhya Pradesh,2024-25,All,schools_with_functional_computer,66314,count,UDISE_2024-2025.pdf,127,Schools with functional computer facility for pedagogical purpose,"Table 7.10 col (7), All management"
Madhya Pradesh,2024-25,All,schools_with_functional_computer,54.3,percent,UDISE_2024-2025.pdf,127,Percentage of Schools with functional computer facility for pedagogical purpose,"Table 7.10 col (12), All management"
Maharashtra,2024-25,All,schools_with_functional_computer,82992,count,UDISE_2024-2025.pdf,127,Schools with functional computer facility for pedagogical purpose,"Table 7.10 col (7), All management"
Maharashtra,2024-25,All,schools_with_functional_computer,76.7,percent,UDISE_2024-2025.pdf,127,Percentage of Schools with functional computer facility for pedagogical purpose,"Table 7.10 col (12), All management"
Manipur,2024-25,All,schools_with_functional_computer,1642,count,UDISE_2024-2025.pdf,127,Schools with functional computer facility for pedagogical purpose,"Table 7.10 col (7), All management"
Manipur,2024-25,All,schools_with_functional_computer,35.2,percent,UDISE_2024-2025.pdf,127,Percentage of Schools with functional computer facility for pedagogical purpose,"Table 7.10 col (12), All management"
Meghalaya,2024-25,All,schools_with_functional_computer,2552,count,UDISE_2024-2025.pdf,127,Schools with functional computer facility for pedagogical purpose,"Table 7.10 col (7), All management"
Meghalaya,2024-25,All,schools_with_functional_computer,17.5,percent,UDISE_2024-2025.pdf,127,Percentage of Schools with functional computer facility for pedagogical purpose,"Table 7.10 col (12), All management"
Mizoram,2024-25,All,schools_with_functional_computer,2573,count,UDISE_2024-2025.pdf,127,Schools with functional computer facility for pedagogical purpose,"Table 7.10 col (7), All management"
Mizoram,2024-25,All,schools_with_functional_computer,64.7,percent,UDISE_2024-2025.pdf,127,Percentage of Schools with functional computer facility for pedagogical purpose,"Table 7.10 col (12), All management"
Nagaland,2024-25,All,schools_with_functional_computer,2162,count,UDISE_2024-2025.pdf,127,Schools with functional computer facility for pedagogical purpose,"Table 7.10 col (7), All management"
Nagaland,2024-25,All,schools_with_functional_computer,78.6,percent,UDISE_2024-2025.pdf,127,Percentage of Schools with functional computer facility for pedagogical purpose,"Table 7.10 col (12), All management"
Odisha,2024-25,All,schools_with_functional_computer,43793,count,UDISE_2024-2025.pdf,127,Schools with functional computer facility for pedagogical purpose,"Table 7.10 col (7), All management"
Odisha,2024-25,All,schools_with_functional_computer,71.1,percent,UDISE_2024-2025.pdf,127,Percentage of Schools with functional computer facility for pedagogical purpose,"Table 7.10 col (12), All management"
Puducherry,2024-25,All,schools_with_functional_computer,751,count,UDISE_2024-2025.pdf,127,Schools with functional computer facility for pedagogical purpose,"Table 7.10 col (7), All management"
Puducherry,2024-25,All,schools_with_functional_computer,98.4,percent,UDISE_2024-2025.pdf,127,Percentage of Schools with functional computer facility for pedagogical purpose,"Table 7.10 col (12), All management"
Punjab,2024-25,All,schools_with_functional_computer,26546,count,UDISE_2024-2025.pdf,127,Schools with functional computer facility for pedagogical purpose,"Table 7.10 col (7), All management"
Punjab,2024-25,All,schools_with_functional_computer,97.3,percent,UDISE_2024-2025.pdf,127,Percentage of Schools with functional computer facility for pedagogical purpose,"Table 7.10 col (12), All management"
Rajasthan,2024-25,All,schools_with_functional_computer,49967,count,UDISE_2024-2025.pdf,127,Schools with functional computer facility for pedagogical purpose,"Table 7.10 col (7), All management"
Rajasthan,2024-25,All,schools_with_functional_computer,47,percent,UDISE_2024-2025.pdf,127,Percentage of Schools with functional computer facility for pedagogical purpose,"Table 7.10 col (12), All management"
Sikkim,2024-25,All,schools_with_functional_computer,1118,count,UDISE_2024-2025.pdf,127,Schools with functional computer facility for pedagogical purpose,"Table 7.10 col (7), All management"
Sikkim,2024-25,All,schools_with_functional_computer,89.8,percent,UDISE_2024-2025.pdf,127,Percentage of Schools with functional computer facility for pedagogical purpose,"Table 7.10 col (12), All management"
Tamil Nadu,2024-25,All,schools_with_functional_computer,53080,count,UDISE_2024-2025.pdf,127,Schools with functional computer facility for pedagogical purpose,"Table 7.10 col (7), All management"
Tamil Nadu,2024-25,All,schools_with_functional_computer,91.6,percent,UDISE_2024-2025.pdf,127,Percentage of Schools with functional computer facility for pedagogical purpose,"Table 7.10 col (12), All management"
Telangana,2024-25,All,schools_with_functional_computer,35048,count,UDISE_2024-2025.pdf,127,Schools with functional computer facility for pedagogical purpose,"Table 7.10 col (7), All management"
Telangana,2024-25,All,schools_with_functional_computer,81.2,percent,UDISE_2024-2025.pdf,127,Percentage of Schools with functional computer facility for pedagogical purpose,"Table 7.10 col (12), All management"
Tripura,2024-25,All,schools_with_functional_computer,3015,count,UDISE_2024-2025.pdf,127,Schools with functional computer facility for pedagogical purpose,"Table 7.10 col (7), All management"
Tripura,2024-25,All,schools_with_functional_computer,61,percent,UDISE_2024-2025.pdf,127,Percentage of Schools with functional computer facility for pedagogical purpose,"Table 7.10 col (12), All management"
Uttar Pradesh,2024-25,All,schools_with_functional_computer,134462,count,UDISE_2024-2025.pdf,127,Schools with functional computer facility for pedagogical purpose,"Table 7.10 col (7), All management"
Uttar Pradesh,2024-25,All,schools_with_functional_computer,51.3,percent,UDISE_2024-2025.pdf,127,Percentage of Schools with functional computer facility for pedagogical purpose,"Table 7.10 col (12), All management"
Uttarakhand,2024-25,All,schools_with_functional_computer,18857,count,UDISE_2024-2025.pdf,127,Schools with functional computer facility for pedagogical purpose,"Table 7.10 col (7), All management"
Uttarakhand,2024-25,All,schools_with_functional_computer,84,percent,UDISE_2024-2025.pdf,127,Percentage of Schools with functional computer facility for pedagogical purpose,"Table 7.10 col (12), All management"
West Bengal,2024-25,All,schools_with_functional_computer,22721,count,UDISE_2024-2025.pdf,127,Schools with functional computer facility for pedagogical purpose,"Table 7.10 col (7), All management"
West Bengal,2024-25,All,schools_with_functional_computer,24.2,percent,UDISE_2024-2025.pdf,127,Percentage of Schools with functional computer facility for pedagogical purpose,"Table 7.10 col (12), All management"
India,2024-25,All,schools_with_internet,933987,count,UDISE_2024-2025.pdf,128,Schools with internet facility available,"Table 7.11 col (7), All management"
India,2024-25,All,schools_with_internet,63.5,percent,UDISE_2024-2025.pdf,128,Percentage of Schools with internet facility available,"Table 7.11 col (12), All management"
Andaman & Nicobar Islands,2024-25,All,schools_with_internet,264,count,UDISE_2024-2025.pdf,128,Schools with internet facility available,"Table 7.11 col (7), All management"
Andaman & Nicobar Islands,2024-25,All,schools_with_internet,64.7,percent,UDISE_2024-2025.pdf,128,Percentage of Schools with internet facility available,"Table 7.11 col (12), All management"
Andhra Pradesh,2024-25,All,schools_with_internet,60731,count,UDISE_2024-2025.pdf,128,Schools with internet facility available,"Table 7.11 col (7), All management"
Andhra Pradesh,2024-25,All,schools_with_internet,99,percent,UDISE_2024-2025.pdf,128,Percentage of Schools with internet facility available,"Table 7.11 col (12), All management"
Arunachal Pradesh,2024-25,All,schools_with_internet,1086,count,UDISE_2024-2025.pdf,128,Schools with internet facility available,"Table 7.11 col (7), All management"
Arunachal Pradesh,2024-25,All,schools_with_internet,33.6,percent,UDISE_2024-2025.pdf,128,Percentage of Schools with internet facility available,"Table 7.11 col (12), All management"
Assam,2024-25,All,schools_with_internet,48201,count,UDISE_2024-2025.pdf,128,Schools with internet facility available,"Table 7.11 col (7), All management"
Assam,2024-25,All,schools_with_internet,87.2,percent,UDISE_2024-2025.pdf,128,Percentage of Schools with internet facility available,"Table 7.11 col (12), All management"
Bihar,2024-25,All,schools_with_internet,80035,count,UDISE_2024-2025.pdf,128,Schools with internet facility available,"Table 7.11 col (7), All management"
Bihar,2024-25,All,schools_with_internet,84.8,percent,UDISE_2024-2025.pdf,128,Percentage of Schools with internet facility available,"Table 7.11 col (12), All management"
Chandigarh,2024-25,All,schools_with_internet,207,count,UDISE_2024-2025.pdf,128,Schools with internet facility available,"Table 7.11 col (7), All management"
Chandigarh,2024-25,All,schools_with_internet,100,percent,UDISE_2024-2025.pdf,128,Percentage of Schools with internet facility available,"Table 7.11 col (12), All management"
Chhattisgarh,2024-25,All,schools_with_internet,36511,count,UDISE_2024-2025.pdf,128,Schools with internet facility available,"Table 7.11 col (7), All management"
Chhattisgarh,2024-25,All,schools_with_internet,64.3,percent,UDISE_2024-2025.pdf,128,Percentage of Schools with internet facility available,"Table 7.11 col (12), All management"
Dadra & Nagar Haveli and Daman & Diu,2024-25,All,schools_with_internet,431,count,UDISE_2024-2025.pdf,128,Schools with internet facility available,"Table 7.11 col (7), All management"
Dadra & Nagar Haveli and Daman & Diu,2024-25,All,schools_with_internet,99.5,percent,UDISE_2024-2025.pdf,128,Percentage of Schools with internet facility available,"Table 7.11 col (12), All management"
Delhi,2024-25,All,schools_with_internet,5556,count,UDISE_2024-2025.pdf,128,Schools with internet facility available,"Table 7.11 col (7), All management"
Delhi,2024-25,All,schools_with_internet,100,percent,UDISE_2024-2025.pdf,128,Percentage of Schools with internet facility available,"Table 7.11 col (12), All management"
Goa,2024-25,All,schools_with_internet,1379,count,UDISE_2024-2025.pdf,128,Schools with internet facility available,"Table 7.11 col (7), All management"
Goa,2024-25,All,schools_with_internet,93.2,percent,UDISE_2024-2025.pdf,128,Percentage of Schools with internet facility available,"Table 7.11 col (12), All management"
Gujarat,2024-25,All,schools_with_internet,51514,count,UDISE_2024-2025.pdf,128,Schools with internet facility available,"Table 7.11 col (7), All management"
Gujarat,2024-25,All,schools_with_internet,96.5,percent,UDISE_2024-2025.pdf,128,Percentage of Schools with internet facility available,"Table 7.11 col (12), All management"
Haryana,2024-25,All,schools_with_internet,18539,count,UDISE_2024-2025.pdf,128,Schools with internet facility available,"Table 7.11 col (7), All management"
Haryana,2024-25,All,schools_with_internet,78.9,percent,UDISE_2024-2025.pdf,128,Percentage of Schools with internet facility available,"Table 7.11 col (12), All management"
Himachal Pradesh,2024-25,All,schools_with_internet,11011,count,UDISE_2024-2025.pdf,128,Schools with internet facility available,"Table 7.11 col (7), All management"
Himachal Pradesh,2024-25,All,schools_with_internet,63.5,percent,UDISE_2024-2025.pdf,128,Percentage of Schools with internet facility available,"Table 7.11 col (12), All management"
Jammu & Kashmir,2024-25,All,schools_with_internet,11883,count,UDISE_2024-2025.pdf,128,Schools with internet facility available,"Table 7.11 col (7), All management"
Jammu & Kashmir,2024-25,All,schools_with_internet,49.1,percent,UDISE_2024-2025.pdf,128,Percentage of Schools with internet facility available,"Table 7.11 col (12), All management"
Jharkhand,2024-25,All,schools_with_internet,25715,count,UDISE_2024-2025.pdf,128,Schools with internet facility available,"Table 7.11 col (7), All management"
Jharkhand,2024-25,All,schools_with_internet,57.9,percent,UDISE_2024-2025.pdf,128,Percentage of Schools with internet facility available,"Table 7.11 col (12), All management"
Karnataka,2024-25,All,schools_with_internet,37921,count,UDISE_2024-2025.pdf,128,Schools with internet facility available,"Table 7.11 col (7), All management"
Karnataka,2024-25,All,schools_with_internet,50.7,percent,UDISE_2024-2025.pdf,128,Percentage of Schools with internet facility available,"Table 7.11 col (12), All management"
Kerala,2024-25,All,schools_with_internet,14442,count,UDISE_2024-2025.pdf,128,Schools with internet facility available,"Table 7.11 col (7), All management"
Kerala,2024-25,All,schools_with_internet,91.7,percent,UDISE_2024-2025.pdf,128,Percentage of Schools with internet facility available,"Table 7.11 col (12), All management"
Ladakh,2024-25,All,schools_with_internet,488,count,UDISE_2024-2025.pdf,128,Schools with internet facility available,"Table 7.11 col (7), All management"
Ladakh,2024-25,All,schools_with_internet,50.8,percent,UDISE_2024-2025.pdf,128,Percentage of Schools with internet facility available,"Table 7.11 col (12), All management"
Lakshadweep,2024-25,All,schools_with_internet,36,count,UDISE_2024-2025.pdf,128,Schools with internet facility available,"Table 7.11 col (7), All management"
Lakshadweep,2024-25,All,schools_with_internet,100,percent,UDISE_2024-2025.pdf,128,Percentage of Schools with internet facility available,"Table 7.11 col (12), All management"
Madhya Pradesh,2024-25,All,schools_with_internet,55865,count,UDISE_2024-2025.pdf,128,Schools with internet facility available,"Table 7.11 col (7), All management"
Madhya Pradesh,2024-25,All,schools_with_internet,45.7,percent,UDISE_2024-2025.pdf,128,Percentage of Schools with internet facility available,"Table 7.11 col (12), All management"
Maharashtra,2024-25,All,schools_with_internet,78084,count,UDISE_2024-2025.pdf,128,Schools with internet facility available,"Table 7.11 col (7), All management"
Maharashtra,2024-25,All,schools_with_internet,72.1,percent,UDISE_2024-2025.pdf,128,Percentage of Schools with internet facility available,"Table 7.11 col (12), All management"
Manipur,2024-25,All,schools_with_internet,1709,count,UDISE_2024-2025.pdf,128,Schools with internet facility available,"Table 7.11 col (7), All management"
Manipur,2024-25,All,schools_with_internet,36.6,percent,UDISE_2024-2025.pdf,128,Percentage of Schools with internet facility available,"Table 7.11 col (12), All management"
Meghalaya,2024-25,All,schools_with_internet,3858,count,UDISE_2024-2025.pdf,128,Schools with internet facility available,"Table 7.11 col (7), All management"
Meghalaya,2024-25,All,schools_with_internet,26.4,percent,UDISE_2024-2025.pdf,128,Percentage of Schools with internet facility available,"Table 7.11 col (12), All management"
Mizoram,2024-25,All,schools_with_internet,2580,count,UDISE_2024-2025.pdf,128,Schools with internet facility available,"Table 7.11 col (7), All management"
Mizoram,2024-25,All,schools_with_internet,64.9,percent,UDISE_2024-2025.pdf,128,Percentage of Schools with internet facility available,"Table 7.11 col (12), All management"
Nagaland,2024-25,All,schools_with_internet,1622,count,UDISE_2024-2025.pdf,128,Schools with internet facility available,"Table 7.11 col (7), All management"
Nagaland,2024-25,All,schools_with_internet,59,percent,UDISE_2024-2025.pdf,128,Percentage of Schools with internet facility available,"Table 7.11 col (12), All management"
Odisha,2024-25,All,schools_with_internet,51588,count,UDISE_2024-2025.pdf,128,Schools with internet facility available,"Table 7.11 col (7), All management"
Odisha,2024-25,All,schools_with_internet,83.8,percent,UDISE_2024-2025.pdf,128,Percentage of Schools with internet facility available,"Table 7.11 col (12), All management"
Puducherry,2024-25,All,schools_with_internet,760,count,UDISE_2024-2025.pdf,128,Schools with internet facility available,"Table 7.11 col (7), All management"
Puducherry,2024-25,All,schools_with_internet,99.6,percent,UDISE_2024-2025.pdf,128,Percentage of Schools with internet facility available,"Table 7.11 col (12), All management"
Punjab,2024-25,All,schools_with_internet,24249,count,UDISE_2024-2025.pdf,128,Schools with internet facility available,"Table 7.11 col (7), All management"
Punjab,2024-25,All,schools_with_internet,88.9,percent,UDISE_2024-2025.pdf,128,Percentage of Schools with internet facility available,"Table 7.11 col (12), All management"
Rajasthan,2024-25,All,schools_with_internet,74358,count,UDISE_2024-2025.pdf,128,Schools with internet facility available,"Table 7.11 col (7), All management"
Rajasthan,2024-25,All,schools_with_internet,69.9,percent,UDISE_2024-2025.pdf,128,Percentage of Schools with internet facility available,"Table 7.11 col (12), All management"
Sikkim,2024-25,All,schools_with_internet,643,count,UDISE_2024-2025.pdf,128,Schools with internet facility available,"Table 7.11 col (7), All management"
Sikkim,2024-25,All,schools_with_internet,51.6,percent,UDISE_2024-2025.pdf,128,Percentage of Schools with internet facility available,"Table 7.11 col (12), All management"
Tamil Nadu,2024-25,All,schools_with_internet,49211,count,UDISE_2024-2025.pdf,128,Schools with internet facility available,"Table 7.11 col (7), All management"
Tamil Nadu,2024-25,All,schools_with_internet,84.9,percent,UDISE_2024-2025.pdf,128,Percentage of Schools with internet facility available,"Table 7.11 col (12), All management"
Telangana,2024-25,All,schools_with_internet,27309,count,UDISE_2024-2025.pdf,128,Schools with internet facility available,"Table 7.11 col (7), All management"
Telangana,2024-25,All,schools_with_internet,63.3,percent,UDISE_2024-2025.pdf,128,Percentage of Schools with internet facility available,"Table 7.11 col (12), All management"
Tripura,2024-25,All,schools_with_internet,2059,count,UDISE_2024-2025.pdf,128,Schools with internet facility available,"Table 7.11 col (7), All management"
Tripura,2024-25,All,schools_with_internet,41.7,percent,UDISE_2024-2025.pdf,128,Percentage of Schools with internet facility available,"Table 7.11 col (12), All management"
Uttar Pradesh,2024-25,All,schools_with_internet,120465,count,UDISE_2024-2025.pdf,128,Schools with internet facility available,"Table 7.11 col (7), All management"
Uttar Pradesh,2024-25,All,schools_with_internet,45.9,percent,UDISE_2024-2025.pdf,128,Percentage of Schools with internet facility available,"Table 7.11 col (12), All management"
Uttarakhand,2024-25,All,schools_with_internet,16236,count,UDISE_2024-2025.pdf,128,Schools with internet facility available,"Table 7.11 col (7), All management"
Uttarakhand,2024-25,All,schools_with_internet,72.3,percent,UDISE_2024-2025.pdf,128,Percentage of Schools with internet facility available,"Table 7.11 col (12), All management"
West Bengal,2024-25,All,schools_with_internet,17441,count,UDISE_2024-2025.pdf,128,Schools with internet facility available,"Table 7.11 col (7), All management"
West Bengal,2024-25,All,schools_with_internet,18.6,percent,UDISE_2024-2025.pdf,128,Percentage of Schools with internet facility available,"Table 7.11 col (12), All management"
India,2024-25,All,schools_with_smart_classroom,450919,count,UDISE_2024-2025.pdf,165,Schools having functional Smart Classrooms used for teaching with Digital Boards/ Smart Boards/ Virtual Classrooms/ Smart TV availability,"Table x.6 col (7), All management"
India,2024-25,All,schools_with_smart_classroom,30.6,percent,UDISE_2024-2025.pdf,165,Percentage of Schools having functional Smart Classrooms used for teaching with Digital Boards/ Smart Boards/ Virtual Classrooms/ Smart TV availability,"Table x.6 col (12), All management"
Andaman & Nicobar Islands,2024-25,All,schools_with_smart_classroom,181,count,UDISE_2024-2025.pdf,165,Schools having functional Smart Classrooms used for teaching with Digital Boards/ Smart Boards/ Virtual Classrooms/ Smart TV availability,"Table x.6 col (7), All management"
Andaman & Nicobar Islands,2024-25,All,schools_with_smart_classroom,44.4,percent,UDISE_2024-2025.pdf,165,Percentage of Schools having functional Smart Classrooms used for teaching with Digital Boards/ Smart Boards/ Virtual Classrooms/ Smart TV availability,"Table x.6 col (12), All management"
Andhra Pradesh,2024-25,All,schools_with_smart_classroom,29125,count,UDISE_2024-2025.pdf,165,Schools having functional Smart Classrooms used for teaching with Digital Boards/ Smart Boards/ Virtual Classrooms/ Smart TV availability,"Table x.6 col (7), All management"
Andhra Pradesh,2024-25,All,schools_with_smart_classroom,47.5,percent,UDISE_2024-2025.pdf,165,Percentage of Schools having functional Smart Classrooms used for teaching with Digital Boards/ Smart Boards/ Virtual Classrooms/ Smart TV availability,"Table x.6 col (12), All management"
Arunachal Pradesh,2024-25,All,schools_with_smart_classroom,831,count,UDISE_2024-2025.pdf,165,Schools having functional Smart Classrooms used for teaching with Digital Boards/ Smart Boards/ Virtual Classrooms/ Smart TV availability,"Table x.6 col (7), All management"
Arunachal Pradesh,2024-25,All,schools_with_smart_classroom,25.7,percent,UDISE_2024-2025.pdf,165,Percentage of Schools having functional Smart Classrooms used for teaching with Digital Boards/ Smart Boards/ Virtual Classrooms/ Smart TV availability,"Table x.6 col (12), All management"
Assam,2024-25,All,schools_with_smart_classroom,11513,count,UDISE_2024-2025.pdf,165,Schools having functional Smart Classrooms used for teaching with Digital Boards/ Smart Boards/ Virtual Classrooms/ Smart TV availability,"Table x.6 col (7), All management"
Assam,2024-25,All,schools_with_smart_classroom,20.8,percent,UDISE_2024-2025.pdf,165,Percentage of Schools having functional Smart Classrooms used for teaching with Digital Boards/ Smart Boards/ Virtual Classrooms/ Smart TV availability,"Table x.6 col (12), All management"
Bihar,2024-25,All,schools_with_smart_classroom,14023,count,UDISE_2024-2025.pdf,165,Schools having functional Smart Classrooms used for teaching with Digital Boards/ Smart Boards/ Virtual Classrooms/ Smart TV availability,"Table x.6 col (7), All management"
Bihar,2024-25,All,schools_with_smart_classroom,14.9,percent,UDISE_2024-2025.pdf,165,Percentage of Schools having functional Smart Classrooms used for teaching with Digital Boards/ Smart Boards/ Virtual Classrooms/ Smart TV availability,"Table x.6 col (12), All management"
Chandigarh,2024-25,All,schools_with_smart_classroom,197,count,UDISE_2024-2025.pdf,165,Schools having functional Smart Classrooms used for teaching with Digital Boards/ Smart Boards/ Virtual Classrooms/ Smart TV availability,"Table x.6 col (7), All management"
Chandigarh,2024-25,All,schools_with_smart_classroom,95.2,percent,UDISE_2024-2025.pdf,165,Percentage of Schools having functional Smart Classrooms used for teaching with Digital Boards/ Smart Boards/ Virtual Classrooms/ Smart TV availability,"Table x.6 col (12), All management"
Chhattisgarh,2024-25,All,schools_with_smart_classroom,12849,count,UDISE_2024-2025.pdf,165,Schools having functional Smart Classrooms used for teaching with Digital Boards/ Smart Boards/ Virtual Classrooms/ Smart TV availability,"Table x.6 col (7), All management"
Chhattisgarh,2024-25,All,schools_with_smart_classroom,22.6,percent,UDISE_2024-2025.pdf,165,Percentage of Schools having functional Smart Classrooms used for teaching with Digital Boards/ Smart Boards/ Virtual Classrooms/ Smart TV availability,"Table x.6 col (12), All management"
Dadra & Nagar Haveli and Daman & Diu,2024-25,All,schools_with_smart_classroom,302,count,UDISE_2024-2025.pdf,165,Schools having functional Smart Classrooms used for teaching with Digital Boards/ Smart Boards/ Virtual Classrooms/ Smart TV availability,"Table x.6 col (7), All management"
Dadra & Nagar Haveli and Daman & Diu,2024-25,All,schools_with_smart_classroom,69.7,percent,UDISE_2024-2025.pdf,165,Percentage of Schools having functional Smart Classrooms used for teaching with Digital Boards/ Smart Boards/ Virtual Classrooms/ Smart TV availability,"Table x.6 col (12), All management"
Delhi,2024-25,All,schools_with_smart_classroom,4206,count,UDISE_2024-2025.pdf,165,Schools having functional Smart Classrooms used for teaching with Digital Boards/ Smart Boards/ Virtual Classrooms/ Smart TV availability,"Table x.6 col (7), All management"
Delhi,2024-25,All,schools_with_smart_classroom,75.7,percent,UDISE_2024-2025.pdf,165,Percentage of Schools having functional Smart Classrooms used for teaching with Digital Boards/ Smart Boards/ Virtual Classrooms/ Smart TV availability,"Table x.6 col (12), All management"
Goa,2024-25,All,schools_with_smart_classroom,419,count,UDISE_2024-2025.pdf,165,Schools having functional Smart Classrooms used for teaching with Digital Boards/ Smart Boards/ Virtual Classrooms/ Smart TV availability,"Table x.6 col (7), All management"
Goa,2024-25,All,schools_with_smart_classroom,28.3,percent,UDISE_2024-2025.pdf,165,Percentage of Schools having functional Smart Classrooms used for teaching with Digital Boards/ Smart Boards/ Virtual Classrooms/ Smart TV availability,"Table x.6 col (12), All management"
Gujarat,2024-25,All,schools_with_smart_classroom,35923,count,UDISE_2024-2025.pdf,165,Schools having functional Smart Classrooms used for teaching with Digital Boards/ Smart Boards/ Virtual Classrooms/ Smart TV availability,"Table x.6 col (7), All management"
Gujarat,2024-25,All,schools_with_smart_classroom,67.3,percent,UDISE_2024-2025.pdf,165,Percentage of Schools having functional Smart Classrooms used for teaching with Digital Boards/ Smart Boards/ Virtual Classrooms/ Smart TV availability,"Table x.6 col (12), All management"
Haryana,2024-25,All,schools_with_smart_classroom,11822,count,UDISE_2024-2025.pdf,165,Schools having functional Smart Classrooms used for teaching with Digital Boards/ Smart Boards/ Virtual Classrooms/ Smart TV availability,"Table x.6 col (7), All management"
Haryana,2024-25,All,schools_with_smart_classroom,50.3,percent,UDISE_2024-2025.pdf,165,Percentage of Schools having functional Smart Classrooms used for teaching with Digital Boards/ Smart Boards/ Virtual Classrooms/ Smart TV availability,"Table x.6 col (12), All management"
Himachal Pradesh,2024-25,All,schools_with_smart_classroom,8471,count,UDISE_2024-2025.pdf,165,Schools having functional Smart Classrooms used for teaching with Digital Boards/ Smart Boards/ Virtual Classrooms/ Smart TV availability,"Table x.6 col (7), All management"
Himachal Pradesh,2024-25,All,schools_with_smart_classroom,48.9,percent,UDISE_2024-2025.pdf,165,Percentage of Schools having functional Smart Classrooms used for teaching with Digital Boards/ Smart Boards/ Virtual Classrooms/ Smart TV availability,"Table x.6 col (12), All management"
Jammu & Kashmir,2024-25,All,schools_with_smart_classroom,3989,count,UDISE_2024-2025.pdf,165,Schools having functional Smart Classrooms used for teaching with Digital Boards/ Smart Boards/ Virtual Classrooms/ Smart TV availability,"Table x.6 col (7), All management"
Jammu & Kashmir,2024-25,All,schools_with_smart_classroom,16.5,percent,UDISE_2024-2025.pdf,165,Percentage of Schools having functional Smart Classrooms used for teaching with Digital Boards/ Smart Boards/ Virtual Classrooms/ Smart TV availability,"Table x.6 col (12), All management"
Jharkhand,2024-25,All,schools_with_smart_classroom,6560,count,UDISE_2024-2025.pdf,165,Schools having functional Smart Classrooms used for teaching with Digital Boards/ Smart Boards/ Virtual Classrooms/ Smart TV availability,"Table x.6 col (7), All management"
Jharkhand,2024-25,All,schools_with_smart_classroom,14.8,percent,UDISE_2024-2025.pdf,165,Percentage of Schools having functional Smart Classrooms used for teaching with Digital Boards/ Smart Boards/ Virtual Classrooms/ Smart TV availability,"Table x.6 col (12), All management"
Karnataka,2024-25,All,schools_with_smart_classroom,19390,count,UDISE_2024-2025.pdf,165,Schools having functional Smart Classrooms used for teaching with Digital Boards/ Smart Boards/ Virtual Classrooms/ Smart TV availability,"Table x.6 col (7), All management"
Karnataka,2024-25,All,schools_with_smart_classroom,25.9,percent,UDISE_2024-2025.pdf,165,Percentage of Schools having functional Smart Classrooms used for teaching with Digital Boards/ Smart Boards/ Virtual Classrooms/ Smart TV availability,"Table x.6 col (12), All management"
Kerala,2024-25,All,schools_with_smart_classroom,9412,count,UDISE_2024-2025.pdf,165,Schools having functional Smart Classrooms used for teaching with Digital Boards/ Smart Boards/ Virtual Classrooms/ Smart TV availability,"Table x.6 col (7), All management"
Kerala,2024-25,All,schools_with_smart_classroom,59.7,percent,UDISE_2024-2025.pdf,165,Percentage of Schools having functional Smart Classrooms used for teaching with Digital Boards/ Smart Boards/ Virtual Classrooms/ Smart TV availability,"Table x.6 col (12), All management"
Ladakh,2024-25,All,schools_with_smart_classroom,368,count,UDISE_2024-2025.pdf,165,Schools having functional Smart Classrooms used for teaching with Digital Boards/ Smart Boards/ Virtual Classrooms/ Smart TV availability,"Table x.6 col (7), All management"
Ladakh,2024-25,All,schools_with_smart_classroom,38.3,percent,UDISE_2024-2025.pdf,165,Percentage of Schools having functional Smart Classrooms used for teaching with Digital Boards/ Smart Boards/ Virtual Classrooms/ Smart TV availability,"Table x.6 col (12), All management"
Lakshadweep,2024-25,All,schools_with_smart_classroom,31,count,UDISE_2024-2025.pdf,165,Schools having functional Smart Classrooms used for teaching with Digital Boards/ Smart Boards/ Virtual Classrooms/ Smart TV availability,"Table x.6 col (7), All management"
Lakshadweep,2024-25,All,schools_with_smart_classroom,86.1,percent,UDISE_2024-2025.pdf,165,Percentage of Schools having functional Smart Classrooms used for teaching with Digital Boards/ Smart Boards/ Virtual Classrooms/ Smart TV availability,"Table x.6 col (12), All management"
Madhya Pradesh,2024-25,All,schools_with_smart_classroom,23920,count,UDISE_2024-2025.pdf,165,Schools having functional Smart Classrooms used for teaching with Digital Boards/ Smart Boards/ Virtual Classrooms/ Smart TV availability,"Table x.6 col (7), All management"
Madhya Pradesh,2024-25,All,schools_with_smart_classroom,19.6,percent,UDISE_2024-2025.pdf,165,Percentage of Schools having functional Smart Classrooms used for teaching with Digital Boards/ Smart Boards/ Virtual Classrooms/ Smart TV availability,"Table x.6 col (12), All management"
Maharashtra,2024-25,All,schools_with_smart_classroom,68817,count,UDISE_2024-2025.pdf,165,Schools having functional Smart Classrooms used for teaching with Digital Boards/ Smart Boards/ Virtual Classrooms/ Smart TV availability,"Table x.6 col (7), All management"
Maharashtra,2024-25,All,schools_with_smart_classroom,63.6,percent,UDISE_2024-2025.pdf,165,Percentage of Schools having functional Smart Classrooms used for teaching with Digital Boards/ Smart Boards/ Virtual Classrooms/ Smart TV availability,"Table x.6 col (12), All management"
Manipur,2024-25,All,schools_with_smart_classroom,870,count,UDISE_2024-2025.pdf,165,Schools having functional Smart Classrooms used for teaching with Digital Boards/ Smart Boards/ Virtual Classrooms/ Smart TV availability,"Table x.6 col (7), All management"
Manipur,2024-25,All,schools_with_smart_classroom,18.6,percent,UDISE_2024-2025.pdf,165,Percentage of Schools having functional Smart Classrooms used for teaching with Digital Boards/ Smart Boards/ Virtual Classrooms/ Smart TV availability,"Table x.6 col (12), All management"
Meghalaya,2024-25,All,schools_with_smart_classroom,630,count,UDISE_2024-2025.pdf,165,Schools having functional Smart Classrooms used for teaching with Digital Boards/ Smart Boards/ Virtual Classrooms/ Smart TV availability,"Table x.6 col (7), All management"
Meghalaya,2024-25,All,schools_with_smart_classroom,4.3,percent,UDISE_2024-2025.pdf,165,Percentage of Schools having functional Smart Classrooms used for teaching with Digital Boards/ Smart Boards/ Virtual Classrooms/ Smart TV availability,"Table x.6 col (12), All management"
Mizoram,2024-25,All,schools_with_smart_classroom,449,count,UDISE_2024-2025.pdf,165,Schools having functional Smart Classrooms used for teaching with Digital Boards/ Smart Boards/ Virtual Classrooms/ Smart TV availability,"Table x.6 col (7), All management"
Mizoram,2024-25,All,schools_with_smart_classroom,11.3,percent,UDISE_2024-2025.pdf,165,Percentage of Schools having functional Smart Classrooms used for teaching with Digital Boards/ Smart Boards/ Virtual Classrooms/ Smart TV availability,"Table x.6 col (12), All management"
Nagaland,2024-25,All,schools_with_smart_classroom,902,count,UDISE_2024-2025.pdf,165,Schools having functional Smart Classrooms used for teaching with Digital Boards/ Smart Boards/ Virtual Classrooms/ Smart TV availability,"Table x.6 col (7), All management"
Nagaland,2024-25,All,schools_with_smart_classroom,32.8,percent,UDISE_2024-2025.pdf,165,Percentage of Schools having functional Smart Classrooms used for teaching with Digital Boards/ Smart Boards/ Virtual Classrooms/ Smart TV availability,"Table x.6 col (12), All management"
Odisha,2024-25,All,schools_with_smart_classroom,20868,count,UDISE_2024-2025.pdf,165,Schools having functional Smart Classrooms used for teaching with Digital Boards/ Smart Boards/ Virtual Classrooms/ Smart TV availability,"Table x.6 col (7), All management"
Odisha,2024-25,All,schools_with_smart_classroom,33.9,percent,UDISE_2024-2025.pdf,165,Percentage of Schools having functional Smart Classrooms used for teaching with Digital Boards/ Smart Boards/ Virtual Classrooms/ Smart TV availability,"Table x.6 col (12), All management"
Puducherry,2024-25,All,schools_with_smart_classroom,553,count,UDISE_2024-2025.pdf,165,Schools having functional Smart Classrooms used for teaching with Digital Boards/ Smart Boards/ Virtual Classrooms/ Smart TV availability,"Table x.6 col (7), All management"
Puducherry,2024-25,All,schools_with_smart_classroom,72.5,percent,UDISE_2024-2025.pdf,165,Percentage of Schools having functional Smart Classrooms used for teaching with Digital Boards/ Smart Boards/ Virtual Classrooms/ Smart TV availability,"Table x.6 col (12), All management"
Punjab,2024-25,All,schools_with_smart_classroom,21854,count,UDISE_2024-2025.pdf,165,Schools having functional Smart Classrooms used for teaching with Digital Boards/ Smart Boards/ Virtual Classrooms/ Smart TV availability,"Table x.6 col (7), All management"
Punjab,2024-25,All,schools_with_smart_classroom,80.1,percent,UDISE_2024-2025.pdf,165,Percentage of Schools having functional Smart Classrooms used for teaching with Digital Boards/ Smart Boards/ Virtual Classrooms/ Smart TV availability,"Table x.6 col (12), All management"
Rajasthan,2024-25,All,schools_with_smart_classroom,25281,count,UDISE_2024-2025.pdf,165,Schools having functional Smart Classrooms used for teaching with Digital Boards/ Smart Boards/ Virtual Classrooms/ Smart TV availability,"Table x.6 col (7), All management"
Rajasthan,2024-25,All,schools_with_smart_classroom,23.8,percent,UDISE_2024-2025.pdf,165,Percentage of Schools having functional Smart Classrooms used for teaching with Digital Boards/ Smart Boards/ Virtual Classrooms/ Smart TV availability,"Table x.6 col (12), All management"
Sikkim,2024-25,All,schools_with_smart_classroom,642,count,UDISE_2024-2025.pdf,165,Schools having functional Smart Classrooms used for teaching with Digital Boards/ Smart Boards/ Virtual Classrooms/ Smart TV availability,"Table x.6 col (7), All management"
Sikkim,2024-25,All,schools_with_smart_classroom,51.6,percent,UDISE_2024-2025.pdf,165,Percentage of Schools having functional Smart Classrooms used for teaching with Digital Boards/ Smart Boards/ Virtual Classrooms/ Smart TV availability,"Table x.6 col (12), All management"
Tamil Nadu,2024-25,All,schools_with_smart_classroom,35218,count,UDISE_2024-2025.pdf,165,Schools having functional Smart Classrooms used for teaching with Digital Boards/ Smart Boards/ Virtual Classrooms/ Smart TV availability,"Table x.6 col (7), All management"
Tamil Nadu,2024-25,All,schools_with_smart_classroom,60.8,percent,UDISE_2024-2025.pdf,165,Percentage of Schools having functional Smart Classrooms used for teaching with Digital Boards/ Smart Boards/ Virtual Classrooms/ Smart TV availability,"Table x.6 col (12), All management"
Telangana,2024-25,All,schools_with_smart_classroom,15774,count,UDISE_2024-2025.pdf,165,Schools having functional Smart Classrooms used for teaching with Digital Boards/ Smart Boards/ Virtual Classrooms/ Smart TV availability,"Table x.6 col (7), All management"
Telangana,2024-25,All,schools_with_smart_classroom,36.6,percent,UDISE_2024-2025.pdf,165,Percentage of Schools having functional Smart Classrooms used for teaching with Digital Boards/ Smart Boards/ Virtual Classrooms/ Smart TV availability,"Table x.6 col (12), All management"
Tripura,2024-25,All,schools_with_smart_classroom,1070,count,UDISE_2024-2025.pdf,165,Schools having functional Smart Classrooms used for teaching with Digital Boards/ Smart Boards/ Virtual Classrooms/ Smart TV availability,"Table x.6 col (7), All management"
Tripura,2024-25,All,schools_with_smart_classroom,21.6,percent,UDISE_2024-2025.pdf,165,Percentage of Schools having functional Smart Classrooms used for teaching with Digital Boards/ Smart Boards/ Virtual Classrooms/ Smart TV availability,"Table x.6 col (12), All management"
Uttar Pradesh,2024-25,All,schools_with_smart_classroom,51998,count,UDISE_2024-2025.pdf,165,Schools having functional Smart Classrooms used for teaching with Digital Boards/ Smart Boards/ Virtual Classrooms/ Smart TV availability,"Table x.6 col (7), All management"
Uttar Pradesh,2024-25,All,schools_with_smart_classroom,19.8,percent,UDISE_2024-2025.pdf,165,Percentage of Schools having functional Smart Classrooms used for teaching with Digital Boards/ Smart Boards/ Virtual Classrooms/ Smart TV availability,"Table x.6 col (12), All management"
Uttarakhand,2024-25,All,schools_with_smart_classroom,7099,count,UDISE_2024-2025.pdf,165,Schools having functional Smart Classrooms used for teaching with Digital Boards/ Smart Boards/ Virtual Classrooms/ Smart TV availability,"Table x.6 col (7), All management"
Uttarakhand,2024-25,All,schools_with_smart_classroom,31.6,percent,UDISE_2024-2025.pdf,165,Percentage of Schools having functional Smart Classrooms used for teaching with Digital Boards/ Smart Boards/ Virtual Classrooms/ Smart TV availability,"Table x.6 col (12), All management"
West Bengal,2024-25,All,schools_with_smart_classroom,5362,count,UDISE_2024-2025.pdf,165,Schools having functional Smart Classrooms used for teaching with Digital Boards/ Smart Boards/ Virtual Classrooms/ Smart TV availability,"Table x.6 col (7), All management"
West Bengal,2024-25,All,schools_with_smart_classroom,5.7,percent,UDISE_2024-2025.pdf,165,Percentage of Schools having functional Smart Classrooms used for teaching with Digital Boards/ Smart Boards/ Virtual Classrooms/ Smart TV availability,"Table x.6 col (12), All management"
India,2024-25,All,schools_with_digital_library,101505,count,UDISE_2024-2025.pdf,167,Schools having Digital Library availability,"Table x.8 col (7), All management"
India,2024-25,All,schools_with_digital_library,6.9,percent,UDISE_2024-2025.pdf,167,Percentage of Schools having Digital Library availability,"Table x.8 col (12), All management"
Andaman & Nicobar Islands,2024-25,All,schools_with_digital_library,12,count,UDISE_2024-2025.pdf,167,Schools having Digital Library availability,"Table x.8 col (7), All management"
Andaman & Nicobar Islands,2024-25,All,schools_with_digital_library,2.9,percent,UDISE_2024-2025.pdf,167,Percentage of Schools having Digital Library availability,"Table x.8 col (12), All management"
Andhra Pradesh,2024-25,All,schools_with_digital_library,7711,count,UDISE_2024-2025.pdf,167,Schools having Digital Library availability,"Table x.8 col (7), All management"
Andhra Pradesh,2024-25,All,schools_with_digital_library,12.6,percent,UDISE_2024-2025.pdf,167,Percentage of Schools having Digital Library availability,"Table x.8 col (12), All management"
Arunachal Pradesh,2024-25,All,schools_with_digital_library,43,count,UDISE_2024-2025.pdf,167,Schools having Digital Library availability,"Table x.8 col (7), All management"
Arunachal Pradesh,2024-25,All,schools_with_digital_library,1.3,percent,UDISE_2024-2025.pdf,167,Percentage of Schools having Digital Library availability,"Table x.8 col (12), All management"
Assam,2024-25,All,schools_with_digital_library,1123,count,UDISE_2024-2025.pdf,167,Schools having Digital Library availability,"Table x.8 col (7), All management"
Assam,2024-25,All,schools_with_digital_library,2,percent,UDISE_2024-2025.pdf,167,Percentage of Schools having Digital Library availability,"Table x.8 col (12), All management"
Bihar,2024-25,All,schools_with_digital_library,3237,count,UDISE_2024-2025.pdf,167,Schools having Digital Library availability,"Table x.8 col (7), All management"
Bihar,2024-25,All,schools_with_digital_library,3.4,percent,UDISE_2024-2025.pdf,167,Percentage of Schools having Digital Library availability,"Table x.8 col (12), All management"
Chandigarh,2024-25,All,schools_with_digital_library,29,count,UDISE_2024-2025.pdf,167,Schools having Digital Library availability,"Table x.8 col (7), All management"
Chandigarh,2024-25,All,schools_with_digital_library,14,percent,UDISE_2024-2025.pdf,167,Percentage of Schools having Digital Library availability,"Table x.8 col (12), All management"
Chhattisgarh,2024-25,All,schools_with_digital_library,773,count,UDISE_2024-2025.pdf,167,Schools having Digital Library availability,"Table x.8 col (7), All management"
Chhattisgarh,2024-25,All,schools_with_digital_library,1.4,percent,UDISE_2024-2025.pdf,167,Percentage of Schools having Digital Library availability,"Table x.8 col (12), All management"
Dadra & Nagar Haveli and Daman & Diu,2024-25,All,schools_with_digital_library,6,count,UDISE_2024-2025.pdf,167,Schools having Digital Library availability,"Table x.8 col (7), All management"
Dadra & Nagar Haveli and Daman & Diu,2024-25,All,schools_with_digital_library,1.4,percent,UDISE_2024-2025.pdf,167,Percentage of Schools having Digital Library availability,"Table x.8 col (12), All management"
Delhi,2024-25,All,schools_with_digital_library,430,count,UDISE_2024-2025.pdf,167,Schools having Digital Library availability,"Table x.8 col (7), All management"
Delhi,2024-25,All,schools_with_digital_library,7.7,percent,UDISE_2024-2025.pdf,167,Percentage of Schools having Digital Library availability,"Table x.8 col (12), All management"
Goa,2024-25,All,schools_with_digital_library,41,count,UDISE_2024-2025.pdf,167,Schools having Digital Library availability,"Table x.8 col (7), All management"
Goa,2024-25,All,schools_with_digital_library,2.8,percent,UDISE_2024-2025.pdf,167,Percentage of Schools having Digital Library availability,"Table x.8 col (12), All management"
Gujarat,2024-25,All,schools_with_digital_library,1340,count,UDISE_2024-2025.pdf,167,Schools having Digital Library availability,"Table x.8 col (7), All management"
Gujarat,2024-25,All,schools_with_digital_library,2.5,percent,UDISE_2024-2025.pdf,167,Percentage of Schools having Digital Library availability,"Table x.8 col (12), All management"
Haryana,2024-25,All,schools_with_digital_library,652,count,UDISE_2024-2025.pdf,167,Schools having Digital Library availability,"Table x.8 col (7), All management"
Haryana,2024-25,All,schools_with_digital_library,2.8,percent,UDISE_2024-2025.pdf,167,Percentage of Schools having Digital Library availability,"Table x.8 col (12), All management"
Himachal Pradesh,2024-25,All,schools_with_digital_library,420,count,UDISE_2024-2025.pdf,167,Schools having Digital Library availability,"Table x.8 col (7), All management"
Himachal Pradesh,2024-25,All,schools_with_digital_library,2.4,percent,UDISE_2024-2025.pdf,167,Percentage of Schools having Digital Library availability,"Table x.8 col (12), All management"
Jammu & Kashmir,2024-25,All,schools_with_digital_library,381,count,UDISE_2024-2025.pdf,167,Schools having Digital Library availability,"Table x.8 col (7), All management"
Jammu & Kashmir,2024-25,All,schools_with_digital_library,1.6,percent,UDISE_2024-2025.pdf,167,Percentage of Schools having Digital Library availability,"Table x.8 col (12), All management"
Jharkhand,2024-25,All,schools_with_digital_library,917,count,UDISE_2024-2025.pdf,167,Schools having Digital Library availability,"Table x.8 col (7), All management"
Jharkhand,2024-25,All,schools_with_digital_library,2.1,percent,UDISE_2024-2025.pdf,167,Percentage of Schools having Digital Library availability,"Table x.8 col (12), All management"
Karnataka,2024-25,All,schools_with_digital_library,2931,count,UDISE_2024-2025.pdf,167,Schools having Digital Library availability,"Table x.8 col (7), All management"
Karnataka,2024-25,All,schools_with_digital_library,3.9,percent,UDISE_2024-2025.pdf,167,Percentage of Schools having Digital Library availability,"Table x.8 col (12), All management"
Kerala,2024-25,All,schools_with_digital_library,3068,count,UDISE_2024-2025.pdf,167,Schools having Digital Library availability,"Table x.8 col (7), All management"
Kerala,2024-25,All,schools_with_digital_library,19.5,percent,UDISE_2024-2025.pdf,167,Percentage of Schools having Digital Library availability,"Table x.8 col (12), All management"
Ladakh,2024-25,All,schools_with_digital_library,38,count,UDISE_2024-2025.pdf,167,Schools having Digital Library availability,"Table x.8 col (7), All management"
Ladakh,2024-25,All,schools_with_digital_library,4,percent,UDISE_2024-2025.pdf,167,Percentage of Schools having Digital Library availability,"Table x.8 col (12), All management"
Lakshadweep,2024-25,All,schools_with_digital_library,2,count,UDISE_2024-2025.pdf,167,Schools having Digital Library availability,"Table x.8 col (7), All management"
Lakshadweep,2024-25,All,schools_with_digital_library,5.6,percent,UDISE_2024-2025.pdf,167,Percentage of Schools having Digital Library availability,"Table x.8 col (12), All management"
Madhya Pradesh,2024-25,All,schools_with_digital_library,2708,count,UDISE_2024-2025.pdf,167,Schools having Digital Library availability,"Table x.8 col (7), All management"
Madhya Pradesh,2024-25,All,schools_with_digital_library,2.2,percent,UDISE_2024-2025.pdf,167,Percentage of Schools having Digital Library availability,"Table x.8 col (12), All management"
Maharashtra,2024-25,All,schools_with_digital_library,12137,count,UDISE_2024-2025.pdf,167,Schools having Digital Library availability,"Table x.8 col (7), All management"
Maharashtra,2024-25,All,schools_with_digital_library,11.2,percent,UDISE_2024-2025.pdf,167,Percentage of Schools having Digital Library availability,"Table x.8 col (12), All management"
Manipur,2024-25,All,schools_with_digital_library,64,count,UDISE_2024-2025.pdf,167,Schools having Digital Library availability,"Table x.8 col (7), All management"
Manipur,2024-25,All,schools_with_digital_library,1.4,percent,UDISE_2024-2025.pdf,167,Percentage of Schools having Digital Library availability,"Table x.8 col (12), All management"
Meghalaya,2024-25,All,schools_with_digital_library,103,count,UDISE_2024-2025.pdf,167,Schools having Digital Library availability,"Table x.8 col (7), All management"
Meghalaya,2024-25,All,schools_with_digital_library,0.7,percent,UDISE_2024-2025.pdf,167,Percentage of Schools having Digital Library availability,"Table x.8 col (12), All management"
Mizoram,2024-25,All,schools_with_digital_library,5,count,UDISE_2024-2025.pdf,167,Schools having Digital Library availability,"Table x.8 col (7), All management"
Mizoram,2024-25,All,schools_with_digital_library,0.1,percent,UDISE_2024-2025.pdf,167,Percentage of Schools having Digital Library availability,"Table x.8 col (12), All management"
Nagaland,2024-25,All,schools_with_digital_library,34,count,UDISE_2024-2025.pdf,167,Schools having Digital Library availability,"Table x.8 col (7), All management"
Nagaland,2024-25,All,schools_with_digital_library,1.2,percent,UDISE_2024-2025.pdf,167,Percentage of Schools having Digital Library availability,"Table x.8 col (12), All management"
Odisha,2024-25,All,schools_with_digital_library,9219,count,UDISE_2024-2025.pdf,167,Schools having Digital Library availability,"Table x.8 col (7), All management"
Odisha,2024-25,All,schools_with_digital_library,15,percent,UDISE_2024-2025.pdf,167,Percentage of Schools having Digital Library availability,"Table x.8 col (12), All management"
Puducherry,2024-25,All,schools_with_digital_library,57,count,UDISE_2024-2025.pdf,167,Schools having Digital Library availability,"Table x.8 col (7), All management"
Puducherry,2024-25,All,schools_with_digital_library,7.5,percent,UDISE_2024-2025.pdf,167,Percentage of Schools having Digital Library availability,"Table x.8 col (12), All management"
Punjab,2024-25,All,schools_with_digital_library,1453,count,UDISE_2024-2025.pdf,167,Schools having Digital Library availability,"Table x.8 col (7), All management"
Punjab,2024-25,All,schools_with_digital_library,5.3,percent,UDISE_2024-2025.pdf,167,Percentage of Schools having Digital Library availability,"Table x.8 col (12), All management"
Rajasthan,2024-25,All,schools_with_digital_library,2004,count,UDISE_2024-2025.pdf,167,Schools having Digital Library availability,"Table x.8 col (7), All management"
Rajasthan,2024-25,All,schools_with_digital_library,1.9,percent,UDISE_2024-2025.pdf,167,Percentage of Schools having Digital Library availability,"Table x.8 col (12), All management"
Sikkim,2024-25,All,schools_with_digital_library,79,count,UDISE_2024-2025.pdf,167,Schools having Digital Library availability,"Table x.8 col (7), All management"
Sikkim,2024-25,All,schools_with_digital_library,6.3,percent,UDISE_2024-2025.pdf,167,Percentage of Schools having Digital Library availability,"Table x.8 col (12), All management"
Tamil Nadu,2024-25,All,schools_with_digital_library,7444,count,UDISE_2024-2025.pdf,167,Schools having Digital Library availability,"Table x.8 col (7), All management"
Tamil Nadu,2024-25,All,schools_with_digital_library,12.8,percent,UDISE_2024-2025.pdf,167,Percentage of Schools having Digital Library availability,"Table x.8 col (12), All management"
Telangana,2024-25,All,schools_with_digital_library,36985,count,UDISE_2024-2025.pdf,167,Schools having Digital Library availability,"Table x.8 col (7), All management"
Telangana,2024-25,All,schools_with_digital_library,85.7,percent,UDISE_2024-2025.pdf,167,Percentage of Schools having Digital Library availability,"Table x.8 col (12), All management"
Tripura,2024-25,All,schools_with_digital_library,140,count,UDISE_2024-2025.pdf,167,Schools having Digital Library availability,"Table x.8 col (7), All management"
Tripura,2024-25,All,schools_with_digital_library,2.8,percent,UDISE_2024-2025.pdf,167,Percentage of Schools having Digital Library availability,"Table x.8 col (12), All management"
Uttar Pradesh,2024-25,All,schools_with_digital_library,5176,count,UDISE_2024-2025.pdf,167,Schools having Digital Library availability,"Table x.8 col (7), All management"
Uttar Pradesh,2024-25,All,schools_with_digital_library,2,percent,UDISE_2024-2025.pdf,167,Percentage of Schools having Digital Library availability,"Table x.8 col (12), All management"
Uttarakhand,2024-25,All,schools_with_digital_library,365,count,UDISE_2024-2025.pdf,167,Schools having Digital Library availability,"Table x.8 col (7), All management"
Uttarakhand,2024-25,All,schools_with_digital_library,1.6,percent,UDISE_2024-2025.pdf,167,Percentage of Schools having Digital Library availability,"Table x.8 col (12), All management"
West Bengal,2024-25,All,schools_with_digital_library,378,count,UDISE_2024-2025.pdf,167,Schools having Digital Library availability,"Table x.8 col (7), All management"
West Bengal,2024-25,All,schools_with_digital_library,0.4,percent,UDISE_2024-2025.pdf,167,Percentage of Schools having Digital Library availability,"Table x.8 col (12), All management"
India,2024-25,Middle and Secondary,govt_schools_total,394924,count,UDISE_2024-2025.pdf,168,Number of Government Schools with Middle and Secondary sections having: Total,Table x.9 col (2)
India,2024-25,Middle and Secondary,govt_schools_with_ict_lab,101147,count,UDISE_2024-2025.pdf,168,Number of Government Schools with Middle and Secondary sections having: ICT labs,Table x.9 col (3)
India,2024-25,Middle and Secondary,govt_schools_with_functional_ict_lab,83813,count,UDISE_2024-2025.pdf,168,Number of Government Schools with Middle and Secondary sections having: Functional ICT Labs,Table x.9 col (4)
India,2024-25,Middle and Secondary,govt_aided_schools_total,62500,count,UDISE_2024-2025.pdf,168,Number of Government Aided Schools with Middle and Secondary sections having: Total,Table x.9 col (5)
India,2024-25,Middle and Secondary,govt_aided_schools_with_ict_lab,16275,count,UDISE_2024-2025.pdf,168,Number of Government Aided Schools with Middle and Secondary sections having: ICT labs,Table x.9 col (6)
India,2024-25,Middle and Secondary,govt_aided_schools_with_functional_ict_lab,13260,count,UDISE_2024-2025.pdf,168,Number of Government Aided Schools with Middle and Secondary sections having: Functional ICT Labs,Table x.9 col (7)
India,2024-25,Middle and Secondary,govt_schools_with_ict_lab,25.6,percent,UDISE_2024-2025.pdf,168,Percentage of Government Schools with Middle and Secondary sections having: ICT labs,Table x.9 col (8)
India,2024-25,Middle and Secondary,govt_schools_with_functional_ict_lab,21.2,percent,UDISE_2024-2025.pdf,168,Percentage of Government Schools with Middle and Secondary sections having: Functional ICT Labs,Table x.9 col (9)
India,2024-25,Middle and Secondary,govt_aided_schools_with_ict_lab,26,percent,UDISE_2024-2025.pdf,168,Percentage of Government Aided Schools with Middle and Secondary sections having: ICT labs,Table x.9 col (10)
India,2024-25,Middle and Secondary,govt_aided_schools_with_functional_ict_lab,21.2,percent,UDISE_2024-2025.pdf,168,Percentage of Government Aided Schools with Middle and Secondary sections having: Functional ICT Labs,Table x.9 col (11)
Andaman & Nicobar Islands,2024-25,Middle and Secondary,govt_schools_total,160,count,UDISE_2024-2025.pdf,168,Number of Government Schools with Middle and Secondary sections having: Total,Table x.9 col (2)
Andaman & Nicobar Islands,2024-25,Middle and Secondary,govt_schools_with_ict_lab,137,count,UDISE_2024-2025.pdf,168,Number of Government Schools with Middle and Secondary sections having: ICT labs,Table x.9 col (3)
Andaman & Nicobar Islands,2024-25,Middle and Secondary,govt_schools_with_functional_ict_lab,136,count,UDISE_2024-2025.pdf,168,Number of Government Schools with Middle and Secondary sections having: Functional ICT Labs,Table x.9 col (4)
Andaman & Nicobar Islands,2024-25,Middle and Secondary,govt_aided_schools_total,2,count,UDISE_2024-2025.pdf,168,Number of Government Aided Schools with Middle and Secondary sections having: Total,Table x.9 col (5)
Andaman & Nicobar Islands,2024-25,Middle and Secondary,govt_aided_schools_with_ict_lab,0,count,UDISE_2024-2025.pdf,168,Number of Government Aided Schools with Middle and Secondary sections having: ICT labs,Table x.9 col (6)
Andaman & Nicobar Islands,2024-25,Middle and Secondary,govt_aided_schools_with_functional_ict_lab,0,count,UDISE_2024-2025.pdf,168,Number of Government Aided Schools with Middle and Secondary sections having: Functional ICT Labs,Table x.9 col (7)
Andaman & Nicobar Islands,2024-25,Middle and Secondary,govt_schools_with_ict_lab,85.6,percent,UDISE_2024-2025.pdf,168,Percentage of Government Schools with Middle and Secondary sections having: ICT labs,Table x.9 col (8)
Andaman & Nicobar Islands,2024-25,Middle and Secondary,govt_schools_with_functional_ict_lab,85,percent,UDISE_2024-2025.pdf,168,Percentage of Government Schools with Middle and Secondary sections having: Functional ICT Labs,Table x.9 col (9)
Andaman & Nicobar Islands,2024-25,Middle and Secondary,govt_aided_schools_with_ict_lab,0,percent,UDISE_2024-2025.pdf,168,Percentage of Government Aided Schools with Middle and Secondary sections having: ICT labs,Table x.9 col (10)
Andaman & Nicobar Islands,2024-25,Middle and Secondary,govt_aided_schools_with_functional_ict_lab,0,percent,UDISE_2024-2025.pdf,168,Percentage of Government Aided Schools with Middle and Secondary sections having: Functional ICT Labs,Table x.9 col (11)
Andhra Pradesh,2024-25,Middle and Secondary,govt_schools_total,10646,count,UDISE_2024-2025.pdf,168,Number of Government Schools with Middle and Secondary sections having: Total,Table x.9 col (2)
Andhra Pradesh,2024-25,Middle and Secondary,govt_schools_with_ict_lab,1760,count,UDISE_2024-2025.pdf,168,Number of Government Schools with Middle and Secondary sections having: ICT labs,Table x.9 col (3)
Andhra Pradesh,2024-25,Middle and Secondary,govt_schools_with_functional_ict_lab,1309,count,UDISE_2024-2025.pdf,168,Number of Government Schools with Middle and Secondary sections having: Functional ICT Labs,Table x.9 col (4)
Andhra Pradesh,2024-25,Middle and Secondary,govt_aided_schools_total,423,count,UDISE_2024-2025.pdf,168,Number of Government Aided Schools with Middle and Secondary sections having: Total,Table x.9 col (5)
Andhra Pradesh,2024-25,Middle and Secondary,govt_aided_schools_with_ict_lab,43,count,UDISE_2024-2025.pdf,168,Number of Government Aided Schools with Middle and Secondary sections having: ICT labs,Table x.9 col (6)
Andhra Pradesh,2024-25,Middle and Secondary,govt_aided_schools_with_functional_ict_lab,39,count,UDISE_2024-2025.pdf,168,Number of Government Aided Schools with Middle and Secondary sections having: Functional ICT Labs,Table x.9 col (7)
Andhra Pradesh,2024-25,Middle and Secondary,govt_schools_with_ict_lab,16.5,percent,UDISE_2024-2025.pdf,168,Percentage of Government Schools with Middle and Secondary sections having: ICT labs,Table x.9 col (8)
Andhra Pradesh,2024-25,Middle and Secondary,govt_schools_with_functional_ict_lab,12.3,percent,UDISE_2024-2025.pdf,168,Percentage of Government Schools with Middle and Secondary sections having: Functional ICT Labs,Table x.9 col (9)
Andhra Pradesh,2024-25,Middle and Secondary,govt_aided_schools_with_ict_lab,10.2,percent,UDISE_2024-2025.pdf,168,Percentage of Government Aided Schools with Middle and Secondary sections having: ICT labs,Table x.9 col (10)
Andhra Pradesh,2024-25,Middle and Secondary,govt_aided_schools_with_functional_ict_lab,9.2,percent,UDISE_2024-2025.pdf,168,Percentage of Government Aided Schools with Middle and Secondary sections having: Functional ICT Labs,Table x.9 col (11)
Arunachal Pradesh,2024-25,Middle and Secondary,govt_schools_total,1269,count,UDISE_2024-2025.pdf,168,Number of Government Schools with Middle and Secondary sections having: Total,Table x.9 col (2)
Arunachal Pradesh,2024-25,Middle and Secondary,govt_schools_with_ict_lab,164,count,UDISE_2024-2025.pdf,168,Number of Government Schools with Middle and Secondary sections having: ICT labs,Table x.9 col (3)
Arunachal Pradesh,2024-25,Middle and Secondary,govt_schools_with_functional_ict_lab,140,count,UDISE_2024-2025.pdf,168,Number of Government Schools with Middle and Secondary sections having: Functional ICT Labs,Table x.9 col (4)
Arunachal Pradesh,2024-25,Middle and Secondary,govt_aided_schools_total,63,count,UDISE_2024-2025.pdf,168,Number of Government Aided Schools with Middle and Secondary sections having: Total,Table x.9 col (5)
Arunachal Pradesh,2024-25,Middle and Secondary,govt_aided_schools_with_ict_lab,11,count,UDISE_2024-2025.pdf,168,Number of Government Aided Schools with Middle and Secondary sections having: ICT labs,Table x.9 col (6)
Arunachal Pradesh,2024-25,Middle and Secondary,govt_aided_schools_with_functional_ict_lab,11,count,UDISE_2024-2025.pdf,168,Number of Government Aided Schools with Middle and Secondary sections having: Functional ICT Labs,Table x.9 col (7)
Arunachal Pradesh,2024-25,Middle and Secondary,govt_schools_with_ict_lab,12.9,percent,UDISE_2024-2025.pdf,168,Percentage of Government Schools with Middle and Secondary sections having: ICT labs,Table x.9 col (8)
Arunachal Pradesh,2024-25,Middle and Secondary,govt_schools_with_functional_ict_lab,11,percent,UDISE_2024-2025.pdf,168,Percentage of Government Schools with Middle and Secondary sections having: Functional ICT Labs,Table x.9 col (9)
Arunachal Pradesh,2024-25,Middle and Secondary,govt_aided_schools_with_ict_lab,17.5,percent,UDISE_2024-2025.pdf,168,Percentage of Government Aided Schools with Middle and Secondary sections having: ICT labs,Table x.9 col (10)
Arunachal Pradesh,2024-25,Middle and Secondary,govt_aided_schools_with_functional_ict_lab,17.5,percent,UDISE_2024-2025.pdf,168,Percentage of Government Aided Schools with Middle and Secondary sections having: Functional ICT Labs,Table x.9 col (11)
Assam,2024-25,Middle and Secondary,govt_schools_total,11282,count,UDISE_2024-2025.pdf,168,Number of Government Schools with Middle and Secondary sections having: Total,Table x.9 col (2)
Assam,2024-25,Middle and Secondary,govt_schools_with_ict_lab,4637,count,UDISE_2024-2025.pdf,168,Number of Government Schools with Middle and Secondary sections having: ICT labs,Table x.9 col (3)
Assam,2024-25,Middle and Secondary,govt_schools_with_functional_ict_lab,3946,count,UDISE_2024-2025.pdf,168,Number of Government Schools with Middle and Secondary sections having: Functional ICT Labs,Table x.9 col (4)
Assam,2024-25,Middle and Secondary,govt_aided_schools_total,1587,count,UDISE_2024-2025.pdf,168,Number of Government Aided Schools with Middle and Secondary sections having: Total,Table x.9 col (5)
Assam,2024-25,Middle and Secondary,govt_aided_schools_with_ict_lab,19,count,UDISE_2024-2025.pdf,168,Number of Government Aided Schools with Middle and Secondary sections having: ICT labs,Table x.9 col (6)
Assam,2024-25,Middle and Secondary,govt_aided_schools_with_functional_ict_lab,12,count,UDISE_2024-2025.pdf,168,Number of Government Aided Schools with Middle and Secondary sections having: Functional ICT Labs,Table x.9 col (7)
Assam,2024-25,Middle and Secondary,govt_schools_with_ict_lab,41.1,percent,UDISE_2024-2025.pdf,168,Percentage of Government Schools with Middle and Secondary sections having: ICT labs,Table x.9 col (8)
Assam,2024-25,Middle and Secondary,govt_schools_with_functional_ict_lab,35,percent,UDISE_2024-2025.pdf,168,Percentage of Government Schools with Middle and Secondary sections having: Functional ICT Labs,Table x.9 col (9)
Assam,2024-25,Middle and Secondary,govt_aided_schools_with_ict_lab,1.2,percent,UDISE_2024-2025.pdf,168,Percentage of Government Aided Schools with Middle and Secondary sections having: ICT labs,Table x.9 col (10)
Assam,2024-25,Middle and Secondary,govt_aided_schools_with_functional_ict_lab,0.8,percent,UDISE_2024-2025.pdf,168,Percentage of Government Aided Schools with Middle and Secondary sections having: Functional ICT Labs,Table x.9 col (11)
Bihar,2024-25,Middle and Secondary,govt_schools_total,38355,count,UDISE_2024-2025.pdf,168,Number of Government Schools with Middle and Secondary sections having: Total,Table x.9 col (2)
Bihar,2024-25,Middle and Secondary,govt_schools_with_ict_lab,5134,count,UDISE_2024-2025.pdf,168,Number of Government Schools with Middle and Secondary sections having: ICT labs,Table x.9 col (3)
Bihar,2024-25,Middle and Secondary,govt_schools_with_functional_ict_lab,4871,count,UDISE_2024-2025.pdf,168,Number of Government Schools with Middle and Secondary sections having: Functional ICT Labs,Table x.9 col (4)
Bihar,2024-25,Middle and Secondary,govt_aided_schools_total,675,count,UDISE_2024-2025.pdf,168,Number of Government Aided Schools with Middle and Secondary sections having: Total,Table x.9 col (5)
Bihar,2024-25,Middle and Secondary,govt_aided_schools_with_ict_lab,15,count,UDISE_2024-2025.pdf,168,Number of Government Aided Schools with Middle and Secondary sections having: ICT labs,Table x.9 col (6)
Bihar,2024-25,Middle and Secondary,govt_aided_schools_with_functional_ict_lab,14,count,UDISE_2024-2025.pdf,168,Number of Government Aided Schools with Middle and Secondary sections having: Functional ICT Labs,Table x.9 col (7)
Bihar,2024-25,Middle and Secondary,govt_schools_with_ict_lab,13.4,percent,UDISE_2024-2025.pdf,168,Percentage of Government Schools with Middle and Secondary sections having: ICT labs,Table x.9 col (8)
Bihar,2024-25,Middle and Secondary,govt_schools_with_functional_ict_lab,12.7,percent,UDISE_2024-2025.pdf,168,Percentage of Government Schools with Middle and Secondary sections having: Functional ICT Labs,Table x.9 col (9)
Bihar,2024-25,Middle and Secondary,govt_aided_schools_with_ict_lab,2.2,percent,UDISE_2024-2025.pdf,168,Percentage of Government Aided Schools with Middle and Secondary sections having: ICT labs,Table x.9 col (10)
Bihar,2024-25,Middle and Secondary,govt_aided_schools_with_functional_ict_lab,2.1,percent,UDISE_2024-2025.pdf,168,Percentage of Government Aided Schools with Middle and Secondary sections having: Functional ICT Labs,Table x.9 col (11)
Chandigarh,2024-25,Middle and Secondary,govt_schools_total,115,count,UDISE_2024-2025.pdf,168,Number of Government Schools with Middle and Secondary sections having: Total,Table x.9 col (2)
Chandigarh,2024-25,Middle and Secondary,govt_schools_with_ict_lab,104,count,UDISE_2024-2025.pdf,168,Number of Government Schools with Middle and Secondary sections having: ICT labs,Table x.9 col (3)
Chandigarh,2024-25,Middle and Secondary,govt_schools_with_functional_ict_lab,103,count,UDISE_2024-2025.pdf,168,Number of Government Schools with Middle and Secondary sections having: Functional ICT Labs,Table x.9 col (4)
Chandigarh,2024-25,Middle and Secondary,govt_aided_schools_total,7,count,UDISE_2024-2025.pdf,168,Number of Government Aided Schools with Middle and Secondary sections having: Total,Table x.9 col (5)
Chandigarh,2024-25,Middle and Secondary,govt_aided_schools_with_ict_lab,6,count,UDISE_2024-2025.pdf,168,Number of Government Aided Schools with Middle and Secondary sections having: ICT labs,Table x.9 col (6)
Chandigarh,2024-25,Middle and Secondary,govt_aided_schools_with_functional_ict_lab,6,count,UDISE_2024-2025.pdf,168,Number of Government Aided Schools with Middle and Secondary sections having: Functional ICT Labs,Table x.9 col (7)
Chandigarh,2024-25,Middle and Secondary,govt_schools_with_ict_lab,90.4,percent,UDISE_2024-2025.pdf,168,Percentage of Government Schools with Middle and Secondary sections having: ICT labs,Table x.9 col (8)
Chandigarh,2024-25,Middle and Secondary,govt_schools_with_functional_ict_lab,89.6,percent,UDISE_2024-2025.pdf,168,Percentage of Government Schools with Middle and Secondary sections having: Functional ICT Labs,Table x.9 col (9)
Chandigarh,2024-25,Middle and Secondary,govt_aided_schools_with_ict_lab,85.7,percent,UDISE_2024-2025.pdf,168,Percentage of Government Aided Schools with Middle and Secondary sections having: ICT labs,Table x.9 col (10)
Chandigarh,2024-25,Middle and Secondary,govt_aided_schools_with_functional_ict_lab,85.7,percent,UDISE_2024-2025.pdf,168,Percentage of Government Aided Schools with Middle and Secondary sections having: Functional ICT Labs,Table x.9 col (11)
Chhattisgarh,2024-25,Middle and Secondary,govt_schools_total,18091,count,UDISE_2024-2025.pdf,168,Number of Government Schools with Middle and Secondary sections having: Total,Table x.9 col (2)
Chhattisgarh,2024-25,Middle and Secondary,govt_schools_with_ict_lab,1376,count,UDISE_2024-2025.pdf,168,Number of Government Schools with Middle and Secondary sections having: ICT labs,Table x.9 col (3)
Chhattisgarh,2024-25,Middle and Secondary,govt_schools_with_functional_ict_lab,932,count,UDISE_2024-2025.pdf,168,Number of Government Schools with Middle and Secondary sections having: Functional ICT Labs,Table x.9 col (4)
Chhattisgarh,2024-25,Middle and Secondary,govt_aided_schools_total,211,count,UDISE_2024-2025.pdf,168,Number of Government Aided Schools with Middle and Secondary sections having: Total,Table x.9 col (5)
Chhattisgarh,2024-25,Middle and Secondary,govt_aided_schools_with_ict_lab,0,count,UDISE_2024-2025.pdf,168,Number of Government Aided Schools with Middle and Secondary sections having: ICT labs,Table x.9 col (6)
Chhattisgarh,2024-25,Middle and Secondary,govt_aided_schools_with_functional_ict_lab,0,count,UDISE_2024-2025.pdf,168,Number of Government Aided Schools with Middle and Secondary sections having: Functional ICT Labs,Table x.9 col (7)
Chhattisgarh,2024-25,Middle and Secondary,govt_schools_with_ict_lab,7.6,percent,UDISE_2024-2025.pdf,168,Percentage of Government Schools with Middle and Secondary sections having: ICT labs,Table x.9 col (8)
Chhattisgarh,2024-25,Middle and Secondary,govt_schools_with_functional_ict_lab,5.2,percent,UDISE_2024-2025.pdf,168,Percentage of Government Schools with Middle and Secondary sections having: Functional ICT Labs,Table x.9 col (9)
Chhattisgarh,2024-25,Middle and Secondary,govt_aided_schools_with_ict_lab,0,percent,UDISE_2024-2025.pdf,168,Percentage of Government Aided Schools with Middle and Secondary sections having: ICT labs,Table x.9 col (10)
Chhattisgarh,2024-25,Middle and Secondary,govt_aided_schools_with_functional_ict_lab,0,percent,UDISE_2024-2025.pdf,168,Percentage of Government Aided Schools with Middle and Secondary sections having: Functional ICT Labs,Table x.9 col (11)
Dadra & Nagar Haveli and Daman & Diu,2024-25,Middle and Secondary,govt_schools_total,211,count,UDISE_2024-2025.pdf,168,Number of Government Schools with Middle and Secondary sections having: Total,Table x.9 col (2)
Dadra & Nagar Haveli and Daman & Diu,2024-25,Middle and Secondary,govt_schools_with_ict_lab,162,count,UDISE_2024-2025.pdf,168,Number of Government Schools with Middle and Secondary sections having: ICT labs,Table x.9 col (3)
Dadra & Nagar Haveli and Daman & Diu,2024-25,Middle and Secondary,govt_schools_with_functional_ict_lab,160,count,UDISE_2024-2025.pdf,168,Number of Government Schools with Middle and Secondary sections having: Functional ICT Labs,Table x.9 col (4)
Dadra & Nagar Haveli and Daman & Diu,2024-25,Middle and Secondary,govt_aided_schools_total,8,count,UDISE_2024-2025.pdf,168,Number of Government Aided Schools with Middle and Secondary sections having: Total,Table x.9 col (5)
Dadra & Nagar Haveli and Daman & Diu,2024-25,Middle and Secondary,govt_aided_schools_with_ict_lab,6,count,UDISE_2024-2025.pdf,168,Number of Government Aided Schools with Middle and Secondary sections having: ICT labs,Table x.9 col (6)
Dadra & Nagar Haveli and Daman & Diu,2024-25,Middle and Secondary,govt_aided_schools_with_functional_ict_lab,6,count,UDISE_2024-2025.pdf,168,Number of Government Aided Schools with Middle and Secondary sections having: Functional ICT Labs,Table x.9 col (7)
Dadra & Nagar Haveli and Daman & Diu,2024-25,Middle and Secondary,govt_schools_with_ict_lab,76.8,percent,UDISE_2024-2025.pdf,168,Percentage of Government Schools with Middle and Secondary sections having: ICT labs,Table x.9 col (8)
Dadra & Nagar Haveli and Daman & Diu,2024-25,Middle and Secondary,govt_schools_with_functional_ict_lab,75.8,percent,UDISE_2024-2025.pdf,168,Percentage of Government Schools with Middle and Secondary sections having: Functional ICT Labs,Table x.9 col (9)
Dadra & Nagar Haveli and Daman & Diu,2024-25,Middle and Secondary,govt_aided_schools_with_ict_lab,75,percent,UDISE_2024-2025.pdf,168,Percentage of Government Aided Schools with Middle and Secondary sections having: ICT labs,Table x.9 col (10)
Dadra & Nagar Haveli and Daman & Diu,2024-25,Middle and Secondary,govt_aided_schools_with_functional_ict_lab,75,percent,UDISE_2024-2025.pdf,168,Percentage of Government Aided Schools with Middle and Secondary sections having: Functional ICT Labs,Table x.9 col (11)
Delhi,2024-25,Middle and Secondary,govt_schools_total,1157,count,UDISE_2024-2025.pdf,168,Number of Government Schools with Middle and Secondary sections having: Total,Table x.9 col (2)
Delhi,2024-25,Middle and Secondary,govt_schools_with_ict_lab,742,count,UDISE_2024-2025.pdf,168,Number of Government Schools with Middle and Secondary sections having: ICT labs,Table x.9 col (3)
Delhi,2024-25,Middle and Secondary,govt_schools_with_functional_ict_lab,715,count,UDISE_2024-2025.pdf,168,Number of Government Schools with Middle and Secondary sections having: Functional ICT Labs,Table x.9 col (4)
Delhi,2024-25,Middle and Secondary,govt_aided_schools_total,199,count,UDISE_2024-2025.pdf,168,Number of Government Aided Schools with Middle and Secondary sections having: Total,Table x.9 col (5)
Delhi,2024-25,Middle and Secondary,govt_aided_schools_with_ict_lab,91,count,UDISE_2024-2025.pdf,168,Number of Government Aided Schools with Middle and Secondary sections having: ICT labs,Table x.9 col (6)
Delhi,2024-25,Middle and Secondary,govt_aided_schools_with_functional_ict_lab,49,count,UDISE_2024-2025.pdf,168,Number of Government Aided Schools with Middle and Secondary sections having: Functional ICT Labs,Table x.9 col (7)
Delhi,2024-25,Middle and Secondary,govt_schools_with_ict_lab,64.1,percent,UDISE_2024-2025.pdf,168,Percentage of Government Schools with Middle and Secondary sections having: ICT labs,Table x.9 col (8)
Delhi,2024-25,Middle and Secondary,govt_schools_with_functional_ict_lab,61.8,percent,UDISE_2024-2025.pdf,168,Percentage of Government Schools with Middle and Secondary sections having: Functional ICT Labs,Table x.9 col (9)
Delhi,2024-25,Middle and Secondary,govt_aided_schools_with_ict_lab,45.7,percent,UDISE_2024-2025.pdf,168,Percentage of Government Aided Schools with Middle and Secondary sections having: ICT labs,Table x.9 col (10)
Delhi,2024-25,Middle and Secondary,govt_aided_schools_with_functional_ict_lab,24.6,percent,UDISE_2024-2025.pdf,168,Percentage of Government Aided Schools with Middle and Secondary sections having: Functional ICT Labs,Table x.9 col (11)
Goa,2024-25,Middle and Secondary,govt_schools_total,132,count,UDISE_2024-2025.pdf,168,Number of Government Schools with Middle and Secondary sections having: Total,Table x.9 col (2)
Goa,2024-25,Middle and Secondary,govt_schools_with_ict_lab,52,count,UDISE_2024-2025.pdf,168,Number of Government Schools with Middle and Secondary sections having: ICT labs,Table x.9 col (3)
Goa,2024-25,Middle and Secondary,govt_schools_with_functional_ict_lab,47,count,UDISE_2024-2025.pdf,168,Number of Government Schools with Middle and Secondary sections having: Functional ICT Labs,Table x.9 col (4)
Goa,2024-25,Middle and Secondary,govt_aided_schools_total,451,count,UDISE_2024-2025.pdf,168,Number of Government Aided Schools with Middle and Secondary sections having: Total,Table x.9 col (5)
Goa,2024-25,Middle and Secondary,govt_aided_schools_with_ict_lab,169,count,UDISE_2024-2025.pdf,168,Number of Government Aided Schools with Middle and Secondary sections having: ICT labs,Table x.9 col (6)
Goa,2024-25,Middle and Secondary,govt_aided_schools_with_functional_ict_lab,166,count,UDISE_2024-2025.pdf,168,Number of Government Aided Schools with Middle and Secondary sections having: Functional ICT Labs,Table x.9 col (7)
Goa,2024-25,Middle and Secondary,govt_schools_with_ict_lab,39.4,percent,UDISE_2024-2025.pdf,168,Percentage of Government Schools with Middle and Secondary sections having: ICT labs,Table x.9 col (8)
Goa,2024-25,Middle and Secondary,govt_schools_with_functional_ict_lab,35.6,percent,UDISE_2024-2025.pdf,168,Percentage of Government Schools with Middle and Secondary sections having: Functional ICT Labs,Table x.9 col (9)
Goa,2024-25,Middle and Secondary,govt_aided_schools_with_ict_lab,37.5,percent,UDISE_2024-2025.pdf,168,Percentage of Government Aided Schools with Middle and Secondary sections having: ICT labs,Table x.9 col (10)
Goa,2024-25,Middle and Secondary,govt_aided_schools_with_functional_ict_lab,36.8,percent,UDISE_2024-2025.pdf,168,Percentage of Government Aided Schools with Middle and Secondary sections having: Functional ICT Labs,Table x.9 col (11)
Gujarat,2024-25,Middle and Secondary,govt_schools_total,22353,count,UDISE_2024-2025.pdf,168,Number of Government Schools with Middle and Secondary sections having: Total,Table x.9 col (2)
Gujarat,2024-25,Middle and Secondary,govt_schools_with_ict_lab,13814,count,UDISE_2024-2025.pdf,168,Number of Government Schools with Middle and Secondary sections having: ICT labs,Table x.9 col (3)
Gujarat,2024-25,Middle and Secondary,govt_schools_with_functional_ict_lab,12756,count,UDISE_2024-2025.pdf,168,Number of Government Schools with Middle and Secondary sections having: Functional ICT Labs,Table x.9 col (4)
Gujarat,2024-25,Middle and Secondary,govt_aided_schools_total,5459,count,UDISE_2024-2025.pdf,168,Number of Government Aided Schools with Middle and Secondary sections having: Total,Table x.9 col (5)
Gujarat,2024-25,Middle and Secondary,govt_aided_schools_with_ict_lab,2912,count,UDISE_2024-2025.pdf,168,Number of Government Aided Schools with Middle and Secondary sections having: ICT labs,Table x.9 col (6)
Gujarat,2024-25,Middle and Secondary,govt_aided_schools_with_functional_ict_lab,2422,count,UDISE_2024-2025.pdf,168,Number of Government Aided Schools with Middle and Secondary sections having: Functional ICT Labs,Table x.9 col (7)
Gujarat,2024-25,Middle and Secondary,govt_schools_with_ict_lab,61.8,percent,UDISE_2024-2025.pdf,168,Percentage of Government Schools with Middle and Secondary sections having: ICT labs,Table x.9 col (8)
Gujarat,2024-25,Middle and Secondary,govt_schools_with_functional_ict_lab,57.1,percent,UDISE_2024-2025.pdf,168,Percentage of Government Schools with Middle and Secondary sections having: Functional ICT Labs,Table x.9 col (9)
Gujarat,2024-25,Middle and Secondary,govt_aided_schools_with_ict_lab,53.3,percent,UDISE_2024-2025.pdf,168,Percentage of Government Aided Schools with Middle and Secondary sections having: ICT labs,Table x.9 col (10)
Gujarat,2024-25,Middle and Secondary,govt_aided_schools_with_functional_ict_lab,44.4,percent,UDISE_2024-2025.pdf,168,Percentage of Government Aided Schools with Middle and Secondary sections having: Functional ICT Labs,Table x.9 col (11)
Haryana,2024-25,Middle and Secondary,govt_schools_total,5683,count,UDISE_2024-2025.pdf,168,Number of Government Schools with Middle and Secondary sections having: Total,Table x.9 col (2)
Haryana,2024-25,Middle and Secondary,govt_schools_with_ict_lab,3073,count,UDISE_2024-2025.pdf,168,Number of Government Schools with Middle and Secondary sections having: ICT labs,Table x.9 col (3)
Haryana,2024-25,Middle and Secondary,govt_schools_with_functional_ict_lab,2362,count,UDISE_2024-2025.pdf,168,Number of Government Schools with Middle and Secondary sections having: Functional ICT Labs,Table x.9 col (4)
Haryana,2024-25,Middle and Secondary,govt_aided_schools_total,4,count,UDISE_2024-2025.pdf,168,Number of Government Aided Schools with Middle and Secondary sections having: Total,Table x.9 col (5)
Haryana,2024-25,Middle and Secondary,govt_aided_schools_with_ict_lab,0,count,UDISE_2024-2025.pdf,168,Number of Government Aided Schools with Middle and Secondary sections having: ICT labs,Table x.9 col (6)
Haryana,2024-25,Middle and Secondary,govt_aided_schools_with_functional_ict_lab,0,count,UDISE_2024-2025.pdf,168,Number of Government Aided Schools with Middle and Secondary sections having: Functional ICT Labs,Table x.9 col (7)
Haryana,2024-25,Middle and Secondary,govt_schools_with_ict_lab,54.1,percent,UDISE_2024-2025.pdf,168,Percentage of Government Schools with Middle and Secondary sections having: ICT labs,Table x.9 col (8)
Haryana,2024-25,Middle and Secondary,govt_schools_with_functional_ict_lab,41.6,percent,UDISE_2024-2025.pdf,168,Percentage of Government Schools with Middle and Secondary sections having: Functional ICT Labs,Table x.9 col (9)
Haryana,2024-25,Middle and Secondary,govt_aided_schools_with_ict_lab,0,percent,UDISE_2024-2025.pdf,168,Percentage of Government Aided Schools with Middle and Secondary sections having: ICT labs,Table x.9 col (10)
Haryana,2024-25,Middle and Secondary,govt_aided_schools_with_functional_ict_lab,0,percent,UDISE_2024-2025.pdf,168,Percentage of Government Aided Schools with Middle and Secondary sections having: Functional ICT Labs,Table x.9 col (11)
Himachal Pradesh,2024-25,Middle and Secondary,govt_schools_total,4782,count,UDISE_2024-2025.pdf,168,Number of Government Schools with Middle and Secondary sections having: Total,Table x.9 col (2)
Himachal Pradesh,2024-25,Middle and Secondary,govt_schools_with_ict_lab,2505,count,UDISE_2024-2025.pdf,168,Number of Government Schools with Middle and Secondary sections having: ICT labs,Table x.9 col (3)
Himachal Pradesh,2024-25,Middle and Secondary,govt_schools_with_functional_ict_lab,1941,count,UDISE_2024-2025.pdf,168,Number of Government Schools with Middle and Secondary sections having: Functional ICT Labs,Table x.9 col (4)
Himachal Pradesh,2024-25,Middle and Secondary,govt_aided_schools_total,0,count,UDISE_2024-2025.pdf,168,Number of Government Aided Schools with Middle and Secondary sections having: Total,Table x.9 col (5)
Himachal Pradesh,2024-25,Middle and Secondary,govt_aided_schools_with_ict_lab,0,count,UDISE_2024-2025.pdf,168,Number of Government Aided Schools with Middle and Secondary sections having: ICT labs,Table x.9 col (6)
Himachal Pradesh,2024-25,Middle and Secondary,govt_aided_schools_with_functional_ict_lab,0,count,UDISE_2024-2025.pdf,168,Number of Government Aided Schools with Middle and Secondary sections having: Functional ICT Labs,Table x.9 col (7)
Himachal Pradesh,2024-25,Middle and Secondary,govt_schools_with_ict_lab,52.4,percent,UDISE_2024-2025.pdf,168,Percentage of Government Schools with Middle and Secondary sections having: ICT labs,Table x.9 col (8)
Himachal Pradesh,2024-25,Middle and Secondary,govt_schools_with_functional_ict_lab,40.6,percent,UDISE_2024-2025.pdf,168,Percentage of Government Schools with Middle and Secondary sections having: Functional ICT Labs,Table x.9 col (9)
Himachal Pradesh,2024-25,Middle and Secondary,govt_aided_schools_with_ict_lab,0,percent,UDISE_2024-2025.pdf,168,Percentage of Government Aided Schools with Middle and Secondary sections having: ICT labs,Table x.9 col (10)
Himachal Pradesh,2024-25,Middle and Secondary,govt_aided_schools_with_functional_ict_lab,0,percent,UDISE_2024-2025.pdf,168,Percentage of Government Aided Schools with Middle and Secondary sections having: Functional ICT Labs,Table x.9 col (11)
Jammu & Kashmir,2024-25,Middle and Secondary,govt_schools_total,9822,count,UDISE_2024-2025.pdf,168,Number of Government Schools with Middle and Secondary sections having: Total,Table x.9 col (2)
Jammu & Kashmir,2024-25,Middle and Secondary,govt_schools_with_ict_lab,2379,count,UDISE_2024-2025.pdf,168,Number of Government Schools with Middle and Secondary sections having: ICT labs,Table x.9 col (3)
Jammu & Kashmir,2024-25,Middle and Secondary,govt_schools_with_functional_ict_lab,2114,count,UDISE_2024-2025.pdf,168,Number of Government Schools with Middle and Secondary sections having: Functional ICT Labs,Table x.9 col (4)
Jammu & Kashmir,2024-25,Middle and Secondary,govt_aided_schools_total,1,count,UDISE_2024-2025.pdf,168,Number of Government Aided Schools with Middle and Secondary sections having: Total,Table x.9 col (5)
Jammu & Kashmir,2024-25,Middle and Secondary,govt_aided_schools_with_ict_lab,0,count,UDISE_2024-2025.pdf,168,Number of Government Aided Schools with Middle and Secondary sections having: ICT labs,Table x.9 col (6)
Jammu & Kashmir,2024-25,Middle and Secondary,govt_aided_schools_with_functional_ict_lab,0,count,UDISE_2024-2025.pdf,168,Number of Government Aided Schools with Middle and Secondary sections having: Functional ICT Labs,Table x.9 col (7)
Jammu & Kashmir,2024-25,Middle and Secondary,govt_schools_with_ict_lab,24.2,percent,UDISE_2024-2025.pdf,168,Percentage of Government Schools with Middle and Secondary sections having: ICT labs,Table x.9 col (8)
Jammu & Kashmir,2024-25,Middle and Secondary,govt_schools_with_functional_ict_lab,21.5,percent,UDISE_2024-2025.pdf,168,Percentage of Government Schools with Middle and Secondary sections having: Functional ICT Labs,Table x.9 col (9)
Jammu & Kashmir,2024-25,Middle and Secondary,govt_aided_schools_with_ict_lab,0,percent,UDISE_2024-2025.pdf,168,Percentage of Government Aided Schools with Middle and Secondary sections having: ICT labs,Table x.9 col (10)
Jammu & Kashmir,2024-25,Middle and Secondary,govt_aided_schools_with_functional_ict_lab,0,percent,UDISE_2024-2025.pdf,168,Percentage of Government Aided Schools with Middle and Secondary sections having: Functional ICT Labs,Table x.9 col (11)
Jharkhand,2024-25,Middle and Secondary,govt_schools_total,14527,count,UDISE_2024-2025.pdf,168,Number of Government Schools with Middle and Secondary sections having: Total,Table x.9 col (2)
Jharkhand,2024-25,Middle and Secondary,govt_schools_with_ict_lab,3901,count,UDISE_2024-2025.pdf,168,Number of Government Schools with Middle and Secondary sections having: ICT labs,Table x.9 col (3)
Jharkhand,2024-25,Middle and Secondary,govt_schools_with_functional_ict_lab,3515,count,UDISE_2024-2025.pdf,168,Number of Government Schools with Middle and Secondary sections having: Functional ICT Labs,Table x.9 col (4)
Jharkhand,2024-25,Middle and Secondary,govt_aided_schools_total,672,count,UDISE_2024-2025.pdf,168,Number of Government Aided Schools with Middle and Secondary sections having: Total,Table x.9 col (5)
Jharkhand,2024-25,Middle and Secondary,govt_aided_schools_with_ict_lab,27,count,UDISE_2024-2025.pdf,168,Number of Government Aided Schools with Middle and Secondary sections having: ICT labs,Table x.9 col (6)
Jharkhand,2024-25,Middle and Secondary,govt_aided_schools_with_functional_ict_lab,23,count,UDISE_2024-2025.pdf,168,Number of Government Aided Schools with Middle and Secondary sections having: Functional ICT Labs,Table x.9 col (7)
Jharkhand,2024-25,Middle and Secondary,govt_schools_with_ict_lab,26.9,percent,UDISE_2024-2025.pdf,168,Percentage of Government Schools with Middle and Secondary sections having: ICT labs,Table x.9 col (8)
Jharkhand,2024-25,Middle and Secondary,govt_schools_with_functional_ict_lab,24.2,percent,UDISE_2024-2025.pdf,168,Percentage of Government Schools with Middle and Secondary sections having: Functional ICT Labs,Table x.9 col (9)
Jharkhand,2024-25,Middle and Secondary,govt_aided_schools_with_ict_lab,4,percent,UDISE_2024-2025.pdf,168,Percentage of Government Aided Schools with Middle and Secondary sections having: ICT labs,Table x.9 col (10)
Jharkhand,2024-25,Middle and Secondary,govt_aided_schools_with_functional_ict_lab,3.4,percent,UDISE_2024-2025.pdf,168,Percentage of Government Aided Schools with Middle and Secondary sections having: Functional ICT Labs,Table x.9 col (11)
Karnataka,2024-25,Middle and Secondary,govt_schools_total,28753,count,UDISE_2024-2025.pdf,168,Number of Government Schools with Middle and Secondary sections having: Total,Table x.9 col (2)
Karnataka,2024-25,Middle and Secondary,govt_schools_with_ict_lab,3586,count,UDISE_2024-2025.pdf,168,Number of Government Schools with Middle and Secondary sections having: ICT labs,Table x.9 col (3)
Karnataka,2024-25,Middle and Secondary,govt_schools_with_functional_ict_lab,2517,count,UDISE_2024-2025.pdf,168,Number of Government Schools with Middle and Secondary sections having: Functional ICT Labs,Table x.9 col (4)
Karnataka,2024-25,Middle and Secondary,govt_aided_schools_total,6737,count,UDISE_2024-2025.pdf,168,Number of Government Aided Schools with Middle and Secondary sections having: Total,Table x.9 col (5)
Karnataka,2024-25,Middle and Secondary,govt_aided_schools_with_ict_lab,792,count,UDISE_2024-2025.pdf,168,Number of Government Aided Schools with Middle and Secondary sections having: ICT labs,Table x.9 col (6)
Karnataka,2024-25,Middle and Secondary,govt_aided_schools_with_functional_ict_lab,306,count,UDISE_2024-2025.pdf,168,Number of Government Aided Schools with Middle and Secondary sections having: Functional ICT Labs,Table x.9 col (7)
Karnataka,2024-25,Middle and Secondary,govt_schools_with_ict_lab,12.5,percent,UDISE_2024-2025.pdf,168,Percentage of Government Schools with Middle and Secondary sections having: ICT labs,Table x.9 col (8)
Karnataka,2024-25,Middle and Secondary,govt_schools_with_functional_ict_lab,8.8,percent,UDISE_2024-2025.pdf,168,Percentage of Government Schools with Middle and Secondary sections having: Functional ICT Labs,Table x.9 col (9)
Karnataka,2024-25,Middle and Secondary,govt_aided_schools_with_ict_lab,11.8,percent,UDISE_2024-2025.pdf,168,Percentage of Government Aided Schools with Middle and Secondary sections having: ICT labs,Table x.9 col (10)
Karnataka,2024-25,Middle and Secondary,govt_aided_schools_with_functional_ict_lab,4.5,percent,UDISE_2024-2025.pdf,168,Percentage of Government Aided Schools with Middle and Secondary sections having: Functional ICT Labs,Table x.9 col (11)
Kerala,2024-25,Middle and Secondary,govt_schools_total,2426,count,UDISE_2024-2025.pdf,168,Number of Government Schools with Middle and Secondary sections having: Total,Table x.9 col (2)
Kerala,2024-25,Middle and Secondary,govt_schools_with_ict_lab,1432,count,UDISE_2024-2025.pdf,168,Number of Government Schools with Middle and Secondary sections having: ICT labs,Table x.9 col (3)
Kerala,2024-25,Middle and Secondary,govt_schools_with_functional_ict_lab,1378,count,UDISE_2024-2025.pdf,168,Number of Government Schools with Middle and Secondary sections having: Functional ICT Labs,Table x.9 col (4)
Kerala,2024-25,Middle and Secondary,govt_aided_schools_total,3804,count,UDISE_2024-2025.pdf,168,Number of Government Aided Schools with Middle and Secondary sections having: Total,Table x.9 col (5)
Kerala,2024-25,Middle and Secondary,govt_aided_schools_with_ict_lab,2509,count,UDISE_2024-2025.pdf,168,Number of Government Aided Schools with Middle and Secondary sections having: ICT labs,Table x.9 col (6)
Kerala,2024-25,Middle and Secondary,govt_aided_schools_with_functional_ict_lab,2428,count,UDISE_2024-2025.pdf,168,Number of Government Aided Schools with Middle and Secondary sections having: Functional ICT Labs,Table x.9 col (7)
Kerala,2024-25,Middle and Secondary,govt_schools_with_ict_lab,59,percent,UDISE_2024-2025.pdf,168,Percentage of Government Schools with Middle and Secondary sections having: ICT labs,Table x.9 col (8)
Kerala,2024-25,Middle and Secondary,govt_schools_with_functional_ict_lab,56.8,percent,UDISE_2024-2025.pdf,168,Percentage of Government Schools with Middle and Secondary sections having: Functional ICT Labs,Table x.9 col (9)
Kerala,2024-25,Middle and Secondary,govt_aided_schools_with_ict_lab,66,percent,UDISE_2024-2025.pdf,168,Percentage of Government Aided Schools with Middle and Secondary sections having: ICT labs,Table x.9 col (10)
Kerala,2024-25,Middle and Secondary,govt_aided_schools_with_functional_ict_lab,63.8,percent,UDISE_2024-2025.pdf,168,Percentage of Government Aided Schools with Middle and Secondary sections having: Functional ICT Labs,Table x.9 col (11)
Ladakh,2024-25,Middle and Secondary,govt_schools_total,499,count,UDISE_2024-2025.pdf,168,Number of Government Schools with Middle and Secondary sections having: Total,Table x.9 col (2)
Ladakh,2024-25,Middle and Secondary,govt_schools_with_ict_lab,140,count,UDISE_2024-2025.pdf,168,Number of Government Schools with Middle and Secondary sections having: ICT labs,Table x.9 col (3)
Ladakh,2024-25,Middle and Secondary,govt_schools_with_functional_ict_lab,135,count,UDISE_2024-2025.pdf,168,Number of Government Schools with Middle and Secondary sections having: Functional ICT Labs,Table x.9 col (4)
Ladakh,2024-25,Middle and Secondary,govt_aided_schools_total,6,count,UDISE_2024-2025.pdf,168,Number of Government Aided Schools with Middle and Secondary sections having: Total,Table x.9 col (5)
Ladakh,2024-25,Middle and Secondary,govt_aided_schools_with_ict_lab,0,count,UDISE_2024-2025.pdf,168,Number of Government Aided Schools with Middle and Secondary sections having: ICT labs,Table x.9 col (6)
Ladakh,2024-25,Middle and Secondary,govt_aided_schools_with_functional_ict_lab,0,count,UDISE_2024-2025.pdf,168,Number of Government Aided Schools with Middle and Secondary sections having: Functional ICT Labs,Table x.9 col (7)
Ladakh,2024-25,Middle and Secondary,govt_schools_with_ict_lab,28.1,percent,UDISE_2024-2025.pdf,168,Percentage of Government Schools with Middle and Secondary sections having: ICT labs,Table x.9 col (8)
Ladakh,2024-25,Middle and Secondary,govt_schools_with_functional_ict_lab,27.1,percent,UDISE_2024-2025.pdf,168,Percentage of Government Schools with Middle and Secondary sections having: Functional ICT Labs,Table x.9 col (9)
Ladakh,2024-25,Middle and Secondary,govt_aided_schools_with_ict_lab,0,percent,UDISE_2024-2025.pdf,168,Percentage of Government Aided Schools with Middle and Secondary sections having: ICT labs,Table x.9 col (10)
Ladakh,2024-25,Middle and Secondary,govt_aided_schools_with_functional_ict_lab,0,percent,UDISE_2024-2025.pdf,168,Percentage of Government Aided Schools with Middle and Secondary sections having: Functional ICT Labs,Table x.9 col (11)
Lakshadweep,2024-25,Middle and Secondary,govt_schools_total,21,count,UDISE_2024-2025.pdf,168,Number of Government Schools with Middle and Secondary sections having: Total,Table x.9 col (2)
Lakshadweep,2024-25,Middle and Secondary,govt_schools_with_ict_lab,8,count,UDISE_2024-2025.pdf,168,Number of Government Schools with Middle and Secondary sections having: ICT labs,Table x.9 col (3)
Lakshadweep,2024-25,Middle and Secondary,govt_schools_with_functional_ict_lab,8,count,UDISE_2024-2025.pdf,168,Number of Government Schools with Middle and Secondary sections having: Functional ICT Labs,Table x.9 col (4)
Lakshadweep,2024-25,Middle and Secondary,govt_aided_schools_total,0,count,UDISE_2024-2025.pdf,168,Number of Government Aided Schools with Middle and Secondary sections having: Total,Table x.9 col (5)
Lakshadweep,2024-25,Middle and Secondary,govt_aided_schools_with_ict_lab,0,count,UDISE_2024-2025.pdf,168,Number of Government Aided Schools with Middle and Secondary sections having: ICT labs,Table x.9 col (6)
Lakshadweep,2024-25,Middle and Secondary,govt_aided_schools_with_functional_ict_lab,0,count,UDISE_2024-2025.pdf,168,Number of Government Aided Schools with Middle and Secondary sections having: Functional ICT Labs,Table x.9 col (7)
Lakshadweep,2024-25,Middle and Secondary,govt_schools_with_ict_lab,38.1,percent,UDISE_2024-2025.pdf,168,Percentage of Government Schools with Middle and Secondary sections having: ICT labs,Table x.9 col (8)
Lakshadweep,2024-25,Middle and Secondary,govt_schools_with_functional_ict_lab,38.1,percent,UDISE_2024-2025.pdf,168,Percentage of Government Schools with Middle and Secondary sections having: Functional ICT Labs,Table x.9 col (9)
Lakshadweep,2024-25,Middle and Secondary,govt_aided_schools_with_ict_lab,0,percent,UDISE_2024-2025.pdf,168,Percentage of Government Aided Schools with Middle and Secondary sections having: ICT labs,Table x.9 col (10)
Lakshadweep,2024-25,Middle and Secondary,govt_aided_schools_with_functional_ict_lab,0,percent,UDISE_2024-2025.pdf,168,Percentage of Government Aided Schools with Middle and Secondary sections having: Functional ICT Labs,Table x.9 col (11)
Madhya Pradesh,2024-25,Middle and Secondary,govt_schools_total,34152,count,UDISE_2024-2025.pdf,168,Number of Government Schools with Middle and Secondary sections having: Total,Table x.9 col (2)
Madhya Pradesh,2024-25,Middle and Secondary,govt_schools_with_ict_lab,2763,count,UDISE_2024-2025.pdf,168,Number of Government Schools with Middle and Secondary sections having: ICT labs,Table x.9 col (3)
Madhya Pradesh,2024-25,Middle and Secondary,govt_schools_with_functional_ict_lab,2610,count,UDISE_2024-2025.pdf,168,Number of Government Schools with Middle and Secondary sections having: Functional ICT Labs,Table x.9 col (4)
Madhya Pradesh,2024-25,Middle and Secondary,govt_aided_schools_total,371,count,UDISE_2024-2025.pdf,168,Number of Government Aided Schools with Middle and Secondary sections having: Total,Table x.9 col (5)
Madhya Pradesh,2024-25,Middle and Secondary,govt_aided_schools_with_ict_lab,5,count,UDISE_2024-2025.pdf,168,Number of Government Aided Schools with Middle and Secondary sections having: ICT labs,Table x.9 col (6)
Madhya Pradesh,2024-25,Middle and Secondary,govt_aided_schools_with_functional_ict_lab,5,count,UDISE_2024-2025.pdf,168,Number of Government Aided Schools with Middle and Secondary sections having: Functional ICT Labs,Table x.9 col (7)
Madhya Pradesh,2024-25,Middle and Secondary,govt_schools_with_ict_lab,8.1,percent,UDISE_2024-2025.pdf,168,Percentage of Government Schools with Middle and Secondary sections having: ICT labs,Table x.9 col (8)
Madhya Pradesh,2024-25,Middle and Secondary,govt_schools_with_functional_ict_lab,7.6,percent,UDISE_2024-2025.pdf,168,Percentage of Government Schools with Middle and Secondary sections having: Functional ICT Labs,Table x.9 col (9)
Madhya Pradesh,2024-25,Middle and Secondary,govt_aided_schools_with_ict_lab,1.3,percent,UDISE_2024-2025.pdf,168,Percentage of Government Aided Schools with Middle and Secondary sections having: ICT labs,Table x.9 col (10)
Madhya Pradesh,2024-25,Middle and Secondary,govt_aided_schools_with_functional_ict_lab,1.3,percent,UDISE_2024-2025.pdf,168,Percentage of Government Aided Schools with Middle and Secondary sections having: Functional ICT Labs,Table x.9 col (11)
Maharashtra,2024-25,Middle and Secondary,govt_schools_total,22538,count,UDISE_2024-2025.pdf,168,Number of Government Schools with Middle and Secondary sections having: Total,Table x.9 col (2)
Maharashtra,2024-25,Middle and Secondary,govt_schools_with_ict_lab,1099,count,UDISE_2024-2025.pdf,168,Number of Government Schools with Middle and Secondary sections having: ICT labs,Table x.9 col (3)
Maharashtra,2024-25,Middle and Secondary,govt_schools_with_functional_ict_lab,1037,count,UDISE_2024-2025.pdf,168,Number of Government Schools with Middle and Secondary sections having: Functional ICT Labs,Table x.9 col (4)
Maharashtra,2024-25,Middle and Secondary,govt_aided_schools_total,21230,count,UDISE_2024-2025.pdf,168,Number of Government Aided Schools with Middle and Secondary sections having: Total,Table x.9 col (5)
Maharashtra,2024-25,Middle and Secondary,govt_aided_schools_with_ict_lab,7030,count,UDISE_2024-2025.pdf,168,Number of Government Aided Schools with Middle and Secondary sections having: ICT labs,Table x.9 col (6)
Maharashtra,2024-25,Middle and Secondary,govt_aided_schools_with_functional_ict_lab,5606,count,UDISE_2024-2025.pdf,168,Number of Government Aided Schools with Middle and Secondary sections having: Functional ICT Labs,Table x.9 col (7)
Maharashtra,2024-25,Middle and Secondary,govt_schools_with_ict_lab,4.9,percent,UDISE_2024-2025.pdf,168,Percentage of Government Schools with Middle and Secondary sections having: ICT labs,Table x.9 col (8)
Maharashtra,2024-25,Middle and Secondary,govt_schools_with_functional_ict_lab,4.6,percent,UDISE_2024-2025.pdf,168,Percentage of Government Schools with Middle and Secondary sections having: Functional ICT Labs,Table x.9 col (9)
Maharashtra,2024-25,Middle and Secondary,govt_aided_schools_with_ict_lab,33.1,percent,UDISE_2024-2025.pdf,168,Percentage of Government Aided Schools with Middle and Secondary sections having: ICT labs,Table x.9 col (10)
Maharashtra,2024-25,Middle and Secondary,govt_aided_schools_with_functional_ict_lab,26.4,percent,UDISE_2024-2025.pdf,168,Percentage of Government Aided Schools with Middle and Secondary sections having: Functional ICT Labs,Table x.9 col (11)
Manipur,2024-25,Middle and Secondary,govt_schools_total,984,count,UDISE_2024-2025.pdf,168,Number of Government Schools with Middle and Secondary sections having: Total,Table x.9 col (2)
Manipur,2024-25,Middle and Secondary,govt_schools_with_ict_lab,483,count,UDISE_2024-2025.pdf,168,Number of Government Schools with Middle and Secondary sections having: ICT labs,Table x.9 col (3)
Manipur,2024-25,Middle and Secondary,govt_schools_with_functional_ict_lab,320,count,UDISE_2024-2025.pdf,168,Number of Government Schools with Middle and Secondary sections having: Functional ICT Labs,Table x.9 col (4)
Manipur,2024-25,Middle and Secondary,govt_aided_schools_total,185,count,UDISE_2024-2025.pdf,168,Number of Government Aided Schools with Middle and Secondary sections having: Total,Table x.9 col (5)
Manipur,2024-25,Middle and Secondary,govt_aided_schools_with_ict_lab,39,count,UDISE_2024-2025.pdf,168,Number of Government Aided Schools with Middle and Secondary sections having: ICT labs,Table x.9 col (6)
Manipur,2024-25,Middle and Secondary,govt_aided_schools_with_functional_ict_lab,12,count,UDISE_2024-2025.pdf,168,Number of Government Aided Schools with Middle and Secondary sections having: Functional ICT Labs,Table x.9 col (7)
Manipur,2024-25,Middle and Secondary,govt_schools_with_ict_lab,49.1,percent,UDISE_2024-2025.pdf,168,Percentage of Government Schools with Middle and Secondary sections having: ICT labs,Table x.9 col (8)
Manipur,2024-25,Middle and Secondary,govt_schools_with_functional_ict_lab,32.5,percent,UDISE_2024-2025.pdf,168,Percentage of Government Schools with Middle and Secondary sections having: Functional ICT Labs,Table x.9 col (9)
Manipur,2024-25,Middle and Secondary,govt_aided_schools_with_ict_lab,21.1,percent,UDISE_2024-2025.pdf,168,Percentage of Government Aided Schools with Middle and Secondary sections having: ICT labs,Table x.9 col (10)
Manipur,2024-25,Middle and Secondary,govt_aided_schools_with_functional_ict_lab,6.5,percent,UDISE_2024-2025.pdf,168,Percentage of Government Aided Schools with Middle and Secondary sections having: Functional ICT Labs,Table x.9 col (11)
Meghalaya,2024-25,Middle and Secondary,govt_schools_total,2352,count,UDISE_2024-2025.pdf,168,Number of Government Schools with Middle and Secondary sections having: Total,Table x.9 col (2)
Meghalaya,2024-25,Middle and Secondary,govt_schools_with_ict_lab,148,count,UDISE_2024-2025.pdf,168,Number of Government Schools with Middle and Secondary sections having: ICT labs,Table x.9 col (3)
Meghalaya,2024-25,Middle and Secondary,govt_schools_with_functional_ict_lab,113,count,UDISE_2024-2025.pdf,168,Number of Government Schools with Middle and Secondary sections having: Functional ICT Labs,Table x.9 col (4)
Meghalaya,2024-25,Middle and Secondary,govt_aided_schools_total,1675,count,UDISE_2024-2025.pdf,168,Number of Government Aided Schools with Middle and Secondary sections having: Total,Table x.9 col (5)
Meghalaya,2024-25,Middle and Secondary,govt_aided_schools_with_ict_lab,174,count,UDISE_2024-2025.pdf,168,Number of Government Aided Schools with Middle and Secondary sections having: ICT labs,Table x.9 col (6)
Meghalaya,2024-25,Middle and Secondary,govt_aided_schools_with_functional_ict_lab,143,count,UDISE_2024-2025.pdf,168,Number of Government Aided Schools with Middle and Secondary sections having: Functional ICT Labs,Table x.9 col (7)
Meghalaya,2024-25,Middle and Secondary,govt_schools_with_ict_lab,6.3,percent,UDISE_2024-2025.pdf,168,Percentage of Government Schools with Middle and Secondary sections having: ICT labs,Table x.9 col (8)
Meghalaya,2024-25,Middle and Secondary,govt_schools_with_functional_ict_lab,4.8,percent,UDISE_2024-2025.pdf,168,Percentage of Government Schools with Middle and Secondary sections having: Functional ICT Labs,Table x.9 col (9)
Meghalaya,2024-25,Middle and Secondary,govt_aided_schools_with_ict_lab,10.4,percent,UDISE_2024-2025.pdf,168,Percentage of Government Aided Schools with Middle and Secondary sections having: ICT labs,Table x.9 col (10)
Meghalaya,2024-25,Middle and Secondary,govt_aided_schools_with_functional_ict_lab,8.5,percent,UDISE_2024-2025.pdf,168,Percentage of Government Aided Schools with Middle and Secondary sections having: Functional ICT Labs,Table x.9 col (11)
Mizoram,2024-25,Middle and Secondary,govt_schools_total,1342,count,UDISE_2024-2025.pdf,168,Number of Government Schools with Middle and Secondary sections having: Total,Table x.9 col (2)
Mizoram,2024-25,Middle and Secondary,govt_schools_with_ict_lab,305,count,UDISE_2024-2025.pdf,168,Number of Government Schools with Middle and Secondary sections having: ICT labs,Table x.9 col (3)
Mizoram,2024-25,Middle and Secondary,govt_schools_with_functional_ict_lab,270,count,UDISE_2024-2025.pdf,168,Number of Government Schools with Middle and Secondary sections having: Functional ICT Labs,Table x.9 col (4)
Mizoram,2024-25,Middle and Secondary,govt_aided_schools_total,232,count,UDISE_2024-2025.pdf,168,Number of Government Aided Schools with Middle and Secondary sections having: Total,Table x.9 col (5)
Mizoram,2024-25,Middle and Secondary,govt_aided_schools_with_ict_lab,11,count,UDISE_2024-2025.pdf,168,Number of Government Aided Schools with Middle and Secondary sections having: ICT labs,Table x.9 col (6)
Mizoram,2024-25,Middle and Secondary,govt_aided_schools_with_functional_ict_lab,4,count,UDISE_2024-2025.pdf,168,Number of Government Aided Schools with Middle and Secondary sections having: Functional ICT Labs,Table x.9 col (7)
Mizoram,2024-25,Middle and Secondary,govt_schools_with_ict_lab,22.7,percent,UDISE_2024-2025.pdf,168,Percentage of Government Schools with Middle and Secondary sections having: ICT labs,Table x.9 col (8)
Mizoram,2024-25,Middle and Secondary,govt_schools_with_functional_ict_lab,20.1,percent,UDISE_2024-2025.pdf,168,Percentage of Government Schools with Middle and Secondary sections having: Functional ICT Labs,Table x.9 col (9)
Mizoram,2024-25,Middle and Secondary,govt_aided_schools_with_ict_lab,4.7,percent,UDISE_2024-2025.pdf,168,Percentage of Government Aided Schools with Middle and Secondary sections having: ICT labs,Table x.9 col (10)
Mizoram,2024-25,Middle and Secondary,govt_aided_schools_with_functional_ict_lab,1.7,percent,UDISE_2024-2025.pdf,168,Percentage of Government Aided Schools with Middle and Secondary sections having: Functional ICT Labs,Table x.9 col (11)
Nagaland,2024-25,Middle and Secondary,govt_schools_total,925,count,UDISE_2024-2025.pdf,168,Number of Government Schools with Middle and Secondary sections having: Total,Table x.9 col (2)
Nagaland,2024-25,Middle and Secondary,govt_schools_with_ict_lab,136,count,UDISE_2024-2025.pdf,168,Number of Government Schools with Middle and Secondary sections having: ICT labs,Table x.9 col (3)
Nagaland,2024-25,Middle and Secondary,govt_schools_with_functional_ict_lab,109,count,UDISE_2024-2025.pdf,168,Number of Government Schools with Middle and Secondary sections having: Functional ICT Labs,Table x.9 col (4)
Nagaland,2024-25,Middle and Secondary,govt_aided_schools_total,0,count,UDISE_2024-2025.pdf,168,Number of Government Aided Schools with Middle and Secondary sections having: Total,Table x.9 col (5)
Nagaland,2024-25,Middle and Secondary,govt_aided_schools_with_ict_lab,0,count,UDISE_2024-2025.pdf,168,Number of Government Aided Schools with Middle and Secondary sections having: ICT labs,Table x.9 col (6)
Nagaland,2024-25,Middle and Secondary,govt_aided_schools_with_functional_ict_lab,0,count,UDISE_2024-2025.pdf,168,Number of Government Aided Schools with Middle and Secondary sections having: Functional ICT Labs,Table x.9 col (7)
Nagaland,2024-25,Middle and Secondary,govt_schools_with_ict_lab,14.7,percent,UDISE_2024-2025.pdf,168,Percentage of Government Schools with Middle and Secondary sections having: ICT labs,Table x.9 col (8)
Nagaland,2024-25,Middle and Secondary,govt_schools_with_functional_ict_lab,11.8,percent,UDISE_2024-2025.pdf,168,Percentage of Government Schools with Middle and Secondary sections having: Functional ICT Labs,Table x.9 col (9)
Nagaland,2024-25,Middle and Secondary,govt_aided_schools_with_ict_lab,0,percent,UDISE_2024-2025.pdf,168,Percentage of Government Aided Schools with Middle and Secondary sections having: ICT labs,Table x.9 col (10)
Nagaland,2024-25,Middle and Secondary,govt_aided_schools_with_functional_ict_lab,0,percent,UDISE_2024-2025.pdf,168,Percentage of Government Aided Schools with Middle and Secondary sections having: Functional ICT Labs,Table x.9 col (11)
Odisha,2024-25,Middle and Secondary,govt_schools_total,21734,count,UDISE_2024-2025.pdf,168,Number of Government Schools with Middle and Secondary sections having: Total,Table x.9 col (2)
Odisha,2024-25,Middle and Secondary,govt_schools_with_ict_lab,5877,count,UDISE_2024-2025.pdf,168,Number of Government Schools with Middle and Secondary sections having: ICT labs,Table x.9 col (3)
Odisha,2024-25,Middle and Secondary,govt_schools_with_functional_ict_lab,4628,count,UDISE_2024-2025.pdf,168,Number of Government Schools with Middle and Secondary sections having: Functional ICT Labs,Table x.9 col (4)
Odisha,2024-25,Middle and Secondary,govt_aided_schools_total,5569,count,UDISE_2024-2025.pdf,168,Number of Government Aided Schools with Middle and Secondary sections having: Total,Table x.9 col (5)
Odisha,2024-25,Middle and Secondary,govt_aided_schools_with_ict_lab,1609,count,UDISE_2024-2025.pdf,168,Number of Government Aided Schools with Middle and Secondary sections having: ICT labs,Table x.9 col (6)
Odisha,2024-25,Middle and Secondary,govt_aided_schools_with_functional_ict_lab,1494,count,UDISE_2024-2025.pdf,168,Number of Government Aided Schools with Middle and Secondary sections having: Functional ICT Labs,Table x.9 col (7)
Odisha,2024-25,Middle and Secondary,govt_schools_with_ict_lab,27,percent,UDISE_2024-2025.pdf,168,Percentage of Government Schools with Middle and Secondary sections having: ICT labs,Table x.9 col (8)
Odisha,2024-25,Middle and Secondary,govt_schools_with_functional_ict_lab,21.3,percent,UDISE_2024-2025.pdf,168,Percentage of Government Schools with Middle and Secondary sections having: Functional ICT Labs,Table x.9 col (9)
Odisha,2024-25,Middle and Secondary,govt_aided_schools_with_ict_lab,28.9,percent,UDISE_2024-2025.pdf,168,Percentage of Government Aided Schools with Middle and Secondary sections having: ICT labs,Table x.9 col (10)
Odisha,2024-25,Middle and Secondary,govt_aided_schools_with_functional_ict_lab,26.8,percent,UDISE_2024-2025.pdf,168,Percentage of Government Aided Schools with Middle and Secondary sections having: Functional ICT Labs,Table x.9 col (11)
Puducherry,2024-25,Middle and Secondary,govt_schools_total,186,count,UDISE_2024-2025.pdf,168,Number of Government Schools with Middle and Secondary sections having: Total,Table x.9 col (2)
Puducherry,2024-25,Middle and Secondary,govt_schools_with_ict_lab,166,count,UDISE_2024-2025.pdf,168,Number of Government Schools with Middle and Secondary sections having: ICT labs,Table x.9 col (3)
Puducherry,2024-25,Middle and Secondary,govt_schools_with_functional_ict_lab,116,count,UDISE_2024-2025.pdf,168,Number of Government Schools with Middle and Secondary sections having: Functional ICT Labs,Table x.9 col (4)
Puducherry,2024-25,Middle and Secondary,govt_aided_schools_total,31,count,UDISE_2024-2025.pdf,168,Number of Government Aided Schools with Middle and Secondary sections having: Total,Table x.9 col (5)
Puducherry,2024-25,Middle and Secondary,govt_aided_schools_with_ict_lab,5,count,UDISE_2024-2025.pdf,168,Number of Government Aided Schools with Middle and Secondary sections having: ICT labs,Table x.9 col (6)
Puducherry,2024-25,Middle and Secondary,govt_aided_schools_with_functional_ict_lab,5,count,UDISE_2024-2025.pdf,168,Number of Government Aided Schools with Middle and Secondary sections having: Functional ICT Labs,Table x.9 col (7)
Puducherry,2024-25,Middle and Secondary,govt_schools_with_ict_lab,89.2,percent,UDISE_2024-2025.pdf,168,Percentage of Government Schools with Middle and Secondary sections having: ICT labs,Table x.9 col (8)
Puducherry,2024-25,Middle and Secondary,govt_schools_with_functional_ict_lab,62.4,percent,UDISE_2024-2025.pdf,168,Percentage of Government Schools with Middle and Secondary sections having: Functional ICT Labs,Table x.9 col (9)
Puducherry,2024-25,Middle and Secondary,govt_aided_schools_with_ict_lab,16.1,percent,UDISE_2024-2025.pdf,168,Percentage of Government Aided Schools with Middle and Secondary sections having: ICT labs,Table x.9 col (10)
Puducherry,2024-25,Middle and Secondary,govt_aided_schools_with_functional_ict_lab,16.1,percent,UDISE_2024-2025.pdf,168,Percentage of Government Aided Schools with Middle and Secondary sections having: Functional ICT Labs,Table x.9 col (11)
Punjab,2024-25,Middle and Secondary,govt_schools_total,6425,count,UDISE_2024-2025.pdf,168,Number of Government Schools with Middle and Secondary sections having: Total,Table x.9 col (2)
Punjab,2024-25,Middle and Secondary,govt_schools_with_ict_lab,3613,count,UDISE_2024-2025.pdf,168,Number of Government Schools with Middle and Secondary sections having: ICT labs,Table x.9 col (3)
Punjab,2024-25,Middle and Secondary,govt_schools_with_functional_ict_lab,84,count,UDISE_2024-2025.pdf,168,Number of Government Schools with Middle and Secondary sections having: Functional ICT Labs,Table x.9 col (4)
Punjab,2024-25,Middle and Secondary,govt_aided_schools_total,392,count,UDISE_2024-2025.pdf,168,Number of Government Aided Schools with Middle and Secondary sections having: Total,Table x.9 col (5)
Punjab,2024-25,Middle and Secondary,govt_aided_schools_with_ict_lab,126,count,UDISE_2024-2025.pdf,168,Number of Government Aided Schools with Middle and Secondary sections having: ICT labs,Table x.9 col (6)
Punjab,2024-25,Middle and Secondary,govt_aided_schools_with_functional_ict_lab,121,count,UDISE_2024-2025.pdf,168,Number of Government Aided Schools with Middle and Secondary sections having: Functional ICT Labs,Table x.9 col (7)
Punjab,2024-25,Middle and Secondary,govt_schools_with_ict_lab,56.2,percent,UDISE_2024-2025.pdf,168,Percentage of Government Schools with Middle and Secondary sections having: ICT labs,Table x.9 col (8)
Punjab,2024-25,Middle and Secondary,govt_schools_with_functional_ict_lab,1.3,percent,UDISE_2024-2025.pdf,168,Percentage of Government Schools with Middle and Secondary sections having: Functional ICT Labs,Table x.9 col (9)
Punjab,2024-25,Middle and Secondary,govt_aided_schools_with_ict_lab,32.1,percent,UDISE_2024-2025.pdf,168,Percentage of Government Aided Schools with Middle and Secondary sections having: ICT labs,Table x.9 col (10)
Punjab,2024-25,Middle and Secondary,govt_aided_schools_with_functional_ict_lab,30.9,percent,UDISE_2024-2025.pdf,168,Percentage of Government Aided Schools with Middle and Secondary sections having: Functional ICT Labs,Table x.9 col (11)
Rajasthan,2024-25,Middle and Secondary,govt_schools_total,38019,count,UDISE_2024-2025.pdf,168,Number of Government Schools with Middle and Secondary sections having: Total,Table x.9 col (2)
Rajasthan,2024-25,Middle and Secondary,govt_schools_with_ict_lab,12452,count,UDISE_2024-2025.pdf,168,Number of Government Schools with Middle and Secondary sections having: ICT labs,Table x.9 col (3)
Rajasthan,2024-25,Middle and Secondary,govt_schools_with_functional_ict_lab,9870,count,UDISE_2024-2025.pdf,168,Number of Government Schools with Middle and Secondary sections having: Functional ICT Labs,Table x.9 col (4)
Rajasthan,2024-25,Middle and Secondary,govt_aided_schools_total,0,count,UDISE_2024-2025.pdf,168,Number of Government Aided Schools with Middle and Secondary sections having: Total,Table x.9 col (5)
Rajasthan,2024-25,Middle and Secondary,govt_aided_schools_with_ict_lab,0,count,UDISE_2024-2025.pdf,168,Number of Government Aided Schools with Middle and Secondary sections having: ICT labs,Table x.9 col (6)
Rajasthan,2024-25,Middle and Secondary,govt_aided_schools_with_functional_ict_lab,0,count,UDISE_2024-2025.pdf,168,Number of Government Aided Schools with Middle and Secondary sections having: Functional ICT Labs,Table x.9 col (7)
Rajasthan,2024-25,Middle and Secondary,govt_schools_with_ict_lab,32.8,percent,UDISE_2024-2025.pdf,168,Percentage of Government Schools with Middle and Secondary sections having: ICT labs,Table x.9 col (8)
Rajasthan,2024-25,Middle and Secondary,govt_schools_with_functional_ict_lab,26,percent,UDISE_2024-2025.pdf,168,Percentage of Government Schools with Middle and Secondary sections having: Functional ICT Labs,Table x.9 col (9)
Rajasthan,2024-25,Middle and Secondary,govt_aided_schools_with_ict_lab,0,percent,UDISE_2024-2025.pdf,168,Percentage of Government Aided Schools with Middle and Secondary sections having: ICT labs,Table x.9 col (10)
Rajasthan,2024-25,Middle and Secondary,govt_aided_schools_with_functional_ict_lab,0,percent,UDISE_2024-2025.pdf,168,Percentage of Government Aided Schools with Middle and Secondary sections having: Functional ICT Labs,Table x.9 col (11)
Sikkim,2024-25,Middle and Secondary,govt_schools_total,394,count,UDISE_2024-2025.pdf,168,Number of Government Schools with Middle and Secondary sections having: Total,Table x.9 col (2)
Sikkim,2024-25,Middle and Secondary,govt_schools_with_ict_lab,238,count,UDISE_2024-2025.pdf,168,Number of Government Schools with Middle and Secondary sections having: ICT labs,Table x.9 col (3)
Sikkim,2024-25,Middle and Secondary,govt_schools_with_functional_ict_lab,233,count,UDISE_2024-2025.pdf,168,Number of Government Schools with Middle and Secondary sections having: Functional ICT Labs,Table x.9 col (4)
Sikkim,2024-25,Middle and Secondary,govt_aided_schools_total,11,count,UDISE_2024-2025.pdf,168,Number of Government Aided Schools with Middle and Secondary sections having: Total,Table x.9 col (5)
Sikkim,2024-25,Middle and Secondary,govt_aided_schools_with_ict_lab,4,count,UDISE_2024-2025.pdf,168,Number of Government Aided Schools with Middle and Secondary sections having: ICT labs,Table x.9 col (6)
Sikkim,2024-25,Middle and Secondary,govt_aided_schools_with_functional_ict_lab,3,count,UDISE_2024-2025.pdf,168,Number of Government Aided Schools with Middle and Secondary sections having: Functional ICT Labs,Table x.9 col (7)
Sikkim,2024-25,Middle and Secondary,govt_schools_with_ict_lab,60.4,percent,UDISE_2024-2025.pdf,168,Percentage of Government Schools with Middle and Secondary sections having: ICT labs,Table x.9 col (8)
Sikkim,2024-25,Middle and Secondary,govt_schools_with_functional_ict_lab,59.1,percent,UDISE_2024-2025.pdf,168,Percentage of Government Schools with Middle and Secondary sections having: Functional ICT Labs,Table x.9 col (9)
Sikkim,2024-25,Middle and Secondary,govt_aided_schools_with_ict_lab,36.4,percent,UDISE_2024-2025.pdf,168,Percentage of Government Aided Schools with Middle and Secondary sections having: ICT labs,Table x.9 col (10)
Sikkim,2024-25,Middle and Secondary,govt_aided_schools_with_functional_ict_lab,27.3,percent,UDISE_2024-2025.pdf,168,Percentage of Government Aided Schools with Middle and Secondary sections having: Functional ICT Labs,Table x.9 col (11)
Tamil Nadu,2024-25,Middle and Secondary,govt_schools_total,13346,count,UDISE_2024-2025.pdf,168,Number of Government Schools with Middle and Secondary sections having: Total,Table x.9 col (2)
Tamil Nadu,2024-25,Middle and Secondary,govt_schools_with_ict_lab,12303,count,UDISE_2024-2025.pdf,168,Number of Government Schools with Middle and Secondary sections having: ICT labs,Table x.9 col (3)
Tamil Nadu,2024-25,Middle and Secondary,govt_schools_with_functional_ict_lab,11017,count,UDISE_2024-2025.pdf,168,Number of Government Schools with Middle and Secondary sections having: Functional ICT Labs,Table x.9 col (4)
Tamil Nadu,2024-25,Middle and Secondary,govt_aided_schools_total,3285,count,UDISE_2024-2025.pdf,168,Number of Government Aided Schools with Middle and Secondary sections having: Total,Table x.9 col (5)
Tamil Nadu,2024-25,Middle and Secondary,govt_aided_schools_with_ict_lab,38,count,UDISE_2024-2025.pdf,168,Number of Government Aided Schools with Middle and Secondary sections having: ICT labs,Table x.9 col (6)
Tamil Nadu,2024-25,Middle and Secondary,govt_aided_schools_with_functional_ict_lab,31,count,UDISE_2024-2025.pdf,168,Number of Government Aided Schools with Middle and Secondary sections having: Functional ICT Labs,Table x.9 col (7)
Tamil Nadu,2024-25,Middle and Secondary,govt_schools_with_ict_lab,92.2,percent,UDISE_2024-2025.pdf,168,Percentage of Government Schools with Middle and Secondary sections having: ICT labs,Table x.9 col (8)
Tamil Nadu,2024-25,Middle and Secondary,govt_schools_with_functional_ict_lab,82.5,percent,UDISE_2024-2025.pdf,168,Percentage of Government Schools with Middle and Secondary sections having: Functional ICT Labs,Table x.9 col (9)
Tamil Nadu,2024-25,Middle and Secondary,govt_aided_schools_with_ict_lab,1.2,percent,UDISE_2024-2025.pdf,168,Percentage of Government Aided Schools with Middle and Secondary sections having: ICT labs,Table x.9 col (10)
Tamil Nadu,2024-25,Middle and Secondary,govt_aided_schools_with_functional_ict_lab,0.9,percent,UDISE_2024-2025.pdf,168,Percentage of Government Aided Schools with Middle and Secondary sections having: Functional ICT Labs,Table x.9 col (11)
Telangana,2024-25,Middle and Secondary,govt_schools_total,10309,count,UDISE_2024-2025.pdf,168,Number of Government Schools with Middle and Secondary sections having: Total,Table x.9 col (2)
Telangana,2024-25,Middle and Secondary,govt_schools_with_ict_lab,4133,count,UDISE_2024-2025.pdf,168,Number of Government Schools with Middle and Secondary sections having: ICT labs,Table x.9 col (3)
Telangana,2024-25,Middle and Secondary,govt_schools_with_functional_ict_lab,2529,count,UDISE_2024-2025.pdf,168,Number of Government Schools with Middle and Secondary sections having: Functional ICT Labs,Table x.9 col (4)
Telangana,2024-25,Middle and Secondary,govt_aided_schools_total,351,count,UDISE_2024-2025.pdf,168,Number of Government Aided Schools with Middle and Secondary sections having: Total,Table x.9 col (5)
Telangana,2024-25,Middle and Secondary,govt_aided_schools_with_ict_lab,6,count,UDISE_2024-2025.pdf,168,Number of Government Aided Schools with Middle and Secondary sections having: ICT labs,Table x.9 col (6)
Telangana,2024-25,Middle and Secondary,govt_aided_schools_with_functional_ict_lab,6,count,UDISE_2024-2025.pdf,168,Number of Government Aided Schools with Middle and Secondary sections having: Functional ICT Labs,Table x.9 col (7)
Telangana,2024-25,Middle and Secondary,govt_schools_with_ict_lab,40.1,percent,UDISE_2024-2025.pdf,168,Percentage of Government Schools with Middle and Secondary sections having: ICT labs,Table x.9 col (8)
Telangana,2024-25,Middle and Secondary,govt_schools_with_functional_ict_lab,24.5,percent,UDISE_2024-2025.pdf,168,Percentage of Government Schools with Middle and Secondary sections having: Functional ICT Labs,Table x.9 col (9)
Telangana,2024-25,Middle and Secondary,govt_aided_schools_with_ict_lab,1.7,percent,UDISE_2024-2025.pdf,168,Percentage of Government Aided Schools with Middle and Secondary sections having: ICT labs,Table x.9 col (10)
Telangana,2024-25,Middle and Secondary,govt_aided_schools_with_functional_ict_lab,1.7,percent,UDISE_2024-2025.pdf,168,Percentage of Government Aided Schools with Middle and Secondary sections having: Functional ICT Labs,Table x.9 col (11)
Tripura,2024-25,Middle and Secondary,govt_schools_total,2135,count,UDISE_2024-2025.pdf,168,Number of Government Schools with Middle and Secondary sections having: Total,Table x.9 col (2)
Tripura,2024-25,Middle and Secondary,govt_schools_with_ict_lab,921,count,UDISE_2024-2025.pdf,168,Number of Government Schools with Middle and Secondary sections having: ICT labs,Table x.9 col (3)
Tripura,2024-25,Middle and Secondary,govt_schools_with_functional_ict_lab,908,count,UDISE_2024-2025.pdf,168,Number of Government Schools with Middle and Secondary sections having: Functional ICT Labs,Table x.9 col (4)
Tripura,2024-25,Middle and Secondary,govt_aided_schools_total,35,count,UDISE_2024-2025.pdf,168,Number of Government Aided Schools with Middle and Secondary sections having: Total,Table x.9 col (5)
Tripura,2024-25,Middle and Secondary,govt_aided_schools_with_ict_lab,6,count,UDISE_2024-2025.pdf,168,Number of Government Aided Schools with Middle and Secondary sections having: ICT labs,Table x.9 col (6)
Tripura,2024-25,Middle and Secondary,govt_aided_schools_with_functional_ict_lab,6,count,UDISE_2024-2025.pdf,168,Number of Government Aided Schools with Middle and Secondary sections having: Functional ICT Labs,Table x.9 col (7)
Tripura,2024-25,Middle and Secondary,govt_schools_with_ict_lab,43.1,percent,UDISE_2024-2025.pdf,168,Percentage of Government Schools with Middle and Secondary sections having: ICT labs,Table x.9 col (8)
Tripura,2024-25,Middle and Secondary,govt_schools_with_functional_ict_lab,42.5,percent,UDISE_2024-2025.pdf,168,Percentage of Government Schools with Middle and Secondary sections having: Functional ICT Labs,Table x.9 col (9)
Tripura,2024-25,Middle and Secondary,govt_aided_schools_with_ict_lab,17.1,percent,UDISE_2024-2025.pdf,168,Percentage of Government Aided Schools with Middle and Secondary sections having: ICT labs,Table x.9 col (10)
Tripura,2024-25,Middle and Secondary,govt_aided_schools_with_functional_ict_lab,17.1,percent,UDISE_2024-2025.pdf,168,Percentage of Government Aided Schools with Middle and Secondary sections having: Functional ICT Labs,Table x.9 col (11)
Uttar Pradesh,2024-25,Middle and Secondary,govt_schools_total,49418,count,UDISE_2024-2025.pdf,168,Number of Government Schools with Middle and Secondary sections having: Total,Table x.9 col (2)
Uttar Pradesh,2024-25,Middle and Secondary,govt_schools_with_ict_lab,2033,count,UDISE_2024-2025.pdf,168,Number of Government Schools with Middle and Secondary sections having: ICT labs,Table x.9 col (3)
Uttar Pradesh,2024-25,Middle and Secondary,govt_schools_with_functional_ict_lab,1794,count,UDISE_2024-2025.pdf,168,Number of Government Schools with Middle and Secondary sections having: Functional ICT Labs,Table x.9 col (4)
Uttar Pradesh,2024-25,Middle and Secondary,govt_aided_schools_total,8175,count,UDISE_2024-2025.pdf,168,Number of Government Aided Schools with Middle and Secondary sections having: Total,Table x.9 col (5)
Uttar Pradesh,2024-25,Middle and Secondary,govt_aided_schools_with_ict_lab,597,count,UDISE_2024-2025.pdf,168,Number of Government Aided Schools with Middle and Secondary sections having: ICT labs,Table x.9 col (6)
Uttar Pradesh,2024-25,Middle and Secondary,govt_aided_schools_with_functional_ict_lab,321,count,UDISE_2024-2025.pdf,168,Number of Government Aided Schools with Middle and Secondary sections having: Functional ICT Labs,Table x.9 col (7)
Uttar Pradesh,2024-25,Middle and Secondary,govt_schools_with_ict_lab,4.1,percent,UDISE_2024-2025.pdf,168,Percentage of Government Schools with Middle and Secondary sections having: ICT labs,Table x.9 col (8)
Uttar Pradesh,2024-25,Middle and Secondary,govt_schools_with_functional_ict_lab,3.6,percent,UDISE_2024-2025.pdf,168,Percentage of Government Schools with Middle and Secondary sections having: Functional ICT Labs,Table x.9 col (9)
Uttar Pradesh,2024-25,Middle and Secondary,govt_aided_schools_with_ict_lab,7.3,percent,UDISE_2024-2025.pdf,168,Percentage of Government Aided Schools with Middle and Secondary sections having: ICT labs,Table x.9 col (10)
Uttar Pradesh,2024-25,Middle and Secondary,govt_aided_schools_with_functional_ict_lab,3.9,percent,UDISE_2024-2025.pdf,168,Percentage of Government Aided Schools with Middle and Secondary sections having: Functional ICT Labs,Table x.9 col (11)
Uttarakhand,2024-25,Middle and Secondary,govt_schools_total,4902,count,UDISE_2024-2025.pdf,168,Number of Government Schools with Middle and Secondary sections having: Total,Table x.9 col (2)
Uttarakhand,2024-25,Middle and Secondary,govt_schools_with_ict_lab,657,count,UDISE_2024-2025.pdf,168,Number of Government Schools with Middle and Secondary sections having: ICT labs,Table x.9 col (3)
Uttarakhand,2024-25,Middle and Secondary,govt_schools_with_functional_ict_lab,610,count,UDISE_2024-2025.pdf,168,Number of Government Schools with Middle and Secondary sections having: Functional ICT Labs,Table x.9 col (4)
Uttarakhand,2024-25,Middle and Secondary,govt_aided_schools_total,606,count,UDISE_2024-2025.pdf,168,Number of Government Aided Schools with Middle and Secondary sections having: Total,Table x.9 col (5)
Uttarakhand,2024-25,Middle and Secondary,govt_aided_schools_with_ict_lab,22,count,UDISE_2024-2025.pdf,168,Number of Government Aided Schools with Middle and Secondary sections having: ICT labs,Table x.9 col (6)
Uttarakhand,2024-25,Middle and Secondary,govt_aided_schools_with_functional_ict_lab,18,count,UDISE_2024-2025.pdf,168,Number of Government Aided Schools with Middle and Secondary sections having: Functional ICT Labs,Table x.9 col (7)
Uttarakhand,2024-25,Middle and Secondary,govt_schools_with_ict_lab,13.4,percent,UDISE_2024-2025.pdf,168,Percentage of Government Schools with Middle and Secondary sections having: ICT labs,Table x.9 col (8)
Uttarakhand,2024-25,Middle and Secondary,govt_schools_with_functional_ict_lab,12.4,percent,UDISE_2024-2025.pdf,168,Percentage of Government Schools with Middle and Secondary sections having: Functional ICT Labs,Table x.9 col (9)
Uttarakhand,2024-25,Middle and Secondary,govt_aided_schools_with_ict_lab,3.6,percent,UDISE_2024-2025.pdf,168,Percentage of Government Aided Schools with Middle and Secondary sections having: ICT labs,Table x.9 col (10)
Uttarakhand,2024-25,Middle and Secondary,govt_aided_schools_with_functional_ict_lab,3,percent,UDISE_2024-2025.pdf,168,Percentage of Government Aided Schools with Middle and Secondary sections having: Functional ICT Labs,Table x.9 col (11)
West Bengal,2024-25,Middle and Secondary,govt_schools_total,15479,count,UDISE_2024-2025.pdf,168,Number of Government Schools with Middle and Secondary sections having: Total,Table x.9 col (2)
West Bengal,2024-25,Middle and Secondary,govt_schools_with_ict_lab,8714,count,UDISE_2024-2025.pdf,168,Number of Government Schools with Middle and Secondary sections having: ICT labs,Table x.9 col (3)
West Bengal,2024-25,Middle and Secondary,govt_schools_with_functional_ict_lab,8480,count,UDISE_2024-2025.pdf,168,Number of Government Schools with Middle and Secondary sections having: Functional ICT Labs,Table x.9 col (4)
West Bengal,2024-25,Middle and Secondary,govt_aided_schools_total,43,count,UDISE_2024-2025.pdf,168,Number of Government Aided Schools with Middle and Secondary sections having: Total,Table x.9 col (5)
West Bengal,2024-25,Middle and Secondary,govt_aided_schools_with_ict_lab,3,count,UDISE_2024-2025.pdf,168,Number of Government Aided Schools with Middle and Secondary sections having: ICT labs,Table x.9 col (6)
West Bengal,2024-25,Middle and Secondary,govt_aided_schools_with_functional_ict_lab,3,count,UDISE_2024-2025.pdf,168,Number of Government Aided Schools with Middle and Secondary sections having: Functional ICT Labs,Table x.9 col (7)
West Bengal,2024-25,Middle and Secondary,govt_schools_with_ict_lab,56.3,percent,UDISE_2024-2025.pdf,168,Percentage of Government Schools with Middle and Secondary sections having: ICT labs,Table x.9 col (8)
West Bengal,2024-25,Middle and Secondary,govt_schools_with_functional_ict_lab,54.8,percent,UDISE_2024-2025.pdf,168,Percentage of Government Schools with Middle and Secondary sections having: Functional ICT Labs,Table x.9 col (9)
West Bengal,2024-25,Middle and Secondary,govt_aided_schools_with_ict_lab,7,percent,UDISE_2024-2025.pdf,168,Percentage of Government Aided Schools with Middle and Secondary sections having: ICT labs,Table x.9 col (10)
West Bengal,2024-25,Middle and Secondary,govt_aided_schools_with_functional_ict_lab,7,percent,UDISE_2024-2025.pdf,168,Percentage of Government Aided Schools with Middle and Secondary sections having: Functional ICT Labs,Table x.9 col (11)
India,2025-26,All,schools_with_electricity,1393201,count,UDISE_2025-2026.pdf,113,Schools with electricity facility,"Table 7.1 col (7), All management"
India,2025-26,All,schools_with_functional_electricity,1371596,count,UDISE_2025-2026.pdf,113,Schools with functional electricity facility,"Table 7.1 col (12), All management"
Andaman & Nicobar Islands,2025-26,All,schools_with_electricity,386,count,UDISE_2025-2026.pdf,113,Schools with electricity facility,"Table 7.1 col (7), All management"
Andaman & Nicobar Islands,2025-26,All,schools_with_functional_electricity,380,count,UDISE_2025-2026.pdf,113,Schools with functional electricity facility,"Table 7.1 col (12), All management"
Andhra Pradesh,2025-26,All,schools_with_electricity,60700,count,UDISE_2025-2026.pdf,113,Schools with electricity facility,"Table 7.1 col (7), All management"
Andhra Pradesh,2025-26,All,schools_with_functional_electricity,60647,count,UDISE_2025-2026.pdf,113,Schools with functional electricity facility,"Table 7.1 col (12), All management"
Arunachal Pradesh,2025-26,All,schools_with_electricity,2325,count,UDISE_2025-2026.pdf,113,Schools with electricity facility,"Table 7.1 col (7), All management"
Arunachal Pradesh,2025-26,All,schools_with_functional_electricity,2029,count,UDISE_2025-2026.pdf,113,Schools with functional electricity facility,"Table 7.1 col (12), All management"
Assam,2025-26,All,schools_with_electricity,50265,count,UDISE_2025-2026.pdf,113,Schools with electricity facility,"Table 7.1 col (7), All management"
Assam,2025-26,All,schools_with_functional_electricity,49901,count,UDISE_2025-2026.pdf,113,Schools with functional electricity facility,"Table 7.1 col (12), All management"
Bihar,2025-26,All,schools_with_electricity,94761,count,UDISE_2025-2026.pdf,113,Schools with electricity facility,"Table 7.1 col (7), All management"
Bihar,2025-26,All,schools_with_functional_electricity,94627,count,UDISE_2025-2026.pdf,113,Schools with functional electricity facility,"Table 7.1 col (12), All management"
Chandigarh,2025-26,All,schools_with_electricity,208,count,UDISE_2025-2026.pdf,113,Schools with electricity facility,"Table 7.1 col (7), All management"
Chandigarh,2025-26,All,schools_with_functional_electricity,208,count,UDISE_2025-2026.pdf,113,Schools with functional electricity facility,"Table 7.1 col (12), All management"
Chhattisgarh,2025-26,All,schools_with_electricity,54795,count,UDISE_2025-2026.pdf,113,Schools with electricity facility,"Table 7.1 col (7), All management"
Chhattisgarh,2025-26,All,schools_with_functional_electricity,53266,count,UDISE_2025-2026.pdf,113,Schools with functional electricity facility,"Table 7.1 col (12), All management"
Dadra & Nagar Haveli and Daman & Diu,2025-26,All,schools_with_electricity,426,count,UDISE_2025-2026.pdf,113,Schools with electricity facility,"Table 7.1 col (7), All management"
Dadra & Nagar Haveli and Daman & Diu,2025-26,All,schools_with_functional_electricity,426,count,UDISE_2025-2026.pdf,113,Schools with functional electricity facility,"Table 7.1 col (12), All management"
Delhi,2025-26,All,schools_with_electricity,5643,count,UDISE_2025-2026.pdf,113,Schools with electricity facility,"Table 7.1 col (7), All management"
Delhi,2025-26,All,schools_with_functional_electricity,5643,count,UDISE_2025-2026.pdf,113,Schools with functional electricity facility,"Table 7.1 col (12), All management"
Goa,2025-26,All,schools_with_electricity,1473,count,UDISE_2025-2026.pdf,113,Schools with electricity facility,"Table 7.1 col (7), All management"
Goa,2025-26,All,schools_with_functional_electricity,1473,count,UDISE_2025-2026.pdf,113,Schools with functional electricity facility,"Table 7.1 col (12), All management"
Gujarat,2025-26,All,schools_with_electricity,53379,count,UDISE_2025-2026.pdf,113,Schools with electricity facility,"Table 7.1 col (7), All management"
Gujarat,2025-26,All,schools_with_functional_electricity,53364,count,UDISE_2025-2026.pdf,113,Schools with functional electricity facility,"Table 7.1 col (12), All management"
Haryana,2025-26,All,schools_with_electricity,23472,count,UDISE_2025-2026.pdf,113,Schools with electricity facility,"Table 7.1 col (7), All management"
Haryana,2025-26,All,schools_with_functional_electricity,23463,count,UDISE_2025-2026.pdf,113,Schools with functional electricity facility,"Table 7.1 col (12), All management"
Himachal Pradesh,2025-26,All,schools_with_electricity,16966,count,UDISE_2025-2026.pdf,113,Schools with electricity facility,"Table 7.1 col (7), All management"
Himachal Pradesh,2025-26,All,schools_with_functional_electricity,16914,count,UDISE_2025-2026.pdf,113,Schools with functional electricity facility,"Table 7.1 col (12), All management"
Jammu & Kashmir,2025-26,All,schools_with_electricity,22296,count,UDISE_2025-2026.pdf,113,Schools with electricity facility,"Table 7.1 col (7), All management"
Jammu & Kashmir,2025-26,All,schools_with_functional_electricity,21403,count,UDISE_2025-2026.pdf,113,Schools with functional electricity facility,"Table 7.1 col (12), All management"
Jharkhand,2025-26,All,schools_with_electricity,42555,count,UDISE_2025-2026.pdf,113,Schools with electricity facility,"Table 7.1 col (7), All management"
Jharkhand,2025-26,All,schools_with_functional_electricity,41355,count,UDISE_2025-2026.pdf,113,Schools with functional electricity facility,"Table 7.1 col (12), All management"
Karnataka,2025-26,All,schools_with_electricity,74071,count,UDISE_2025-2026.pdf,113,Schools with electricity facility,"Table 7.1 col (7), All management"
Karnataka,2025-26,All,schools_with_functional_electricity,73754,count,UDISE_2025-2026.pdf,113,Schools with functional electricity facility,"Table 7.1 col (12), All management"
Kerala,2025-26,All,schools_with_electricity,15733,count,UDISE_2025-2026.pdf,113,Schools with electricity facility,"Table 7.1 col (7), All management"
Kerala,2025-26,All,schools_with_functional_electricity,15721,count,UDISE_2025-2026.pdf,113,Schools with functional electricity facility,"Table 7.1 col (12), All management"
Ladakh,2025-26,All,schools_with_electricity,743,count,UDISE_2025-2026.pdf,113,Schools with electricity facility,"Table 7.1 col (7), All management"
Ladakh,2025-26,All,schools_with_functional_electricity,710,count,UDISE_2025-2026.pdf,113,Schools with functional electricity facility,"Table 7.1 col (12), All management"
Lakshadweep,2025-26,All,schools_with_electricity,34,count,UDISE_2025-2026.pdf,113,Schools with electricity facility,"Table 7.1 col (7), All management"
Lakshadweep,2025-26,All,schools_with_functional_electricity,34,count,UDISE_2025-2026.pdf,113,Schools with functional electricity facility,"Table 7.1 col (12), All management"
Madhya Pradesh,2025-26,All,schools_with_electricity,111976,count,UDISE_2025-2026.pdf,113,Schools with electricity facility,"Table 7.1 col (7), All management"
Madhya Pradesh,2025-26,All,schools_with_functional_electricity,108518,count,UDISE_2025-2026.pdf,113,Schools with functional electricity facility,"Table 7.1 col (12), All management"
Maharashtra,2025-26,All,schools_with_electricity,104938,count,UDISE_2025-2026.pdf,113,Schools with electricity facility,"Table 7.1 col (7), All management"
Maharashtra,2025-26,All,schools_with_functional_electricity,99070,count,UDISE_2025-2026.pdf,113,Schools with functional electricity facility,"Table 7.1 col (12), All management"
Manipur,2025-26,All,schools_with_electricity,3371,count,UDISE_2025-2026.pdf,113,Schools with electricity facility,"Table 7.1 col (7), All management"
Manipur,2025-26,All,schools_with_functional_electricity,3084,count,UDISE_2025-2026.pdf,113,Schools with functional electricity facility,"Table 7.1 col (12), All management"
Meghalaya,2025-26,All,schools_with_electricity,3556,count,UDISE_2025-2026.pdf,113,Schools with electricity facility,"Table 7.1 col (7), All management"
Meghalaya,2025-26,All,schools_with_functional_electricity,3285,count,UDISE_2025-2026.pdf,113,Schools with functional electricity facility,"Table 7.1 col (12), All management"
Mizoram,2025-26,All,schools_with_electricity,3577,count,UDISE_2025-2026.pdf,113,Schools with electricity facility,"Table 7.1 col (7), All management"
Mizoram,2025-26,All,schools_with_functional_electricity,3328,count,UDISE_2025-2026.pdf,113,Schools with functional electricity facility,"Table 7.1 col (12), All management"
Nagaland,2025-26,All,schools_with_electricity,2398,count,UDISE_2025-2026.pdf,113,Schools with electricity facility,"Table 7.1 col (7), All management"
Nagaland,2025-26,All,schools_with_functional_electricity,2216,count,UDISE_2025-2026.pdf,113,Schools with functional electricity facility,"Table 7.1 col (12), All management"
Odisha,2025-26,All,schools_with_electricity,59928,count,UDISE_2025-2026.pdf,113,Schools with electricity facility,"Table 7.1 col (7), All management"
Odisha,2025-26,All,schools_with_functional_electricity,59549,count,UDISE_2025-2026.pdf,113,Schools with functional electricity facility,"Table 7.1 col (12), All management"
Puducherry,2025-26,All,schools_with_electricity,770,count,UDISE_2025-2026.pdf,113,Schools with electricity facility,"Table 7.1 col (7), All management"
Puducherry,2025-26,All,schools_with_functional_electricity,770,count,UDISE_2025-2026.pdf,113,Schools with functional electricity facility,"Table 7.1 col (12), All management"
Punjab,2025-26,All,schools_with_electricity,27229,count,UDISE_2025-2026.pdf,113,Schools with electricity facility,"Table 7.1 col (7), All management"
Punjab,2025-26,All,schools_with_functional_electricity,27220,count,UDISE_2025-2026.pdf,113,Schools with functional electricity facility,"Table 7.1 col (12), All management"
Rajasthan,2025-26,All,schools_with_electricity,98399,count,UDISE_2025-2026.pdf,113,Schools with electricity facility,"Table 7.1 col (7), All management"
Rajasthan,2025-26,All,schools_with_functional_electricity,97405,count,UDISE_2025-2026.pdf,113,Schools with functional electricity facility,"Table 7.1 col (12), All management"
Sikkim,2025-26,All,schools_with_electricity,1203,count,UDISE_2025-2026.pdf,113,Schools with electricity facility,"Table 7.1 col (7), All management"
Sikkim,2025-26,All,schools_with_functional_electricity,1194,count,UDISE_2025-2026.pdf,113,Schools with functional electricity facility,"Table 7.1 col (12), All management"
Tamil Nadu,2025-26,All,schools_with_electricity,57553,count,UDISE_2025-2026.pdf,113,Schools with electricity facility,"Table 7.1 col (7), All management"
Tamil Nadu,2025-26,All,schools_with_functional_electricity,57551,count,UDISE_2025-2026.pdf,113,Schools with functional electricity facility,"Table 7.1 col (12), All management"
Telangana,2025-26,All,schools_with_electricity,41578,count,UDISE_2025-2026.pdf,113,Schools with electricity facility,"Table 7.1 col (7), All management"
Telangana,2025-26,All,schools_with_functional_electricity,41495,count,UDISE_2025-2026.pdf,113,Schools with functional electricity facility,"Table 7.1 col (12), All management"
Tripura,2025-26,All,schools_with_electricity,4212,count,UDISE_2025-2026.pdf,113,Schools with electricity facility,"Table 7.1 col (7), All management"
Tripura,2025-26,All,schools_with_functional_electricity,4053,count,UDISE_2025-2026.pdf,113,Schools with functional electricity facility,"Table 7.1 col (12), All management"
Uttar Pradesh,2025-26,All,schools_with_electricity,239127,count,UDISE_2025-2026.pdf,113,Schools with electricity facility,"Table 7.1 col (7), All management"
Uttar Pradesh,2025-26,All,schools_with_functional_electricity,235527,count,UDISE_2025-2026.pdf,113,Schools with functional electricity facility,"Table 7.1 col (12), All management"
Uttarakhand,2025-26,All,schools_with_electricity,21839,count,UDISE_2025-2026.pdf,113,Schools with electricity facility,"Table 7.1 col (7), All management"
Uttarakhand,2025-26,All,schools_with_functional_electricity,21472,count,UDISE_2025-2026.pdf,113,Schools with functional electricity facility,"Table 7.1 col (12), All management"
West Bengal,2025-26,All,schools_with_electricity,91316,count,UDISE_2025-2026.pdf,113,Schools with electricity facility,"Table 7.1 col (7), All management"
West Bengal,2025-26,All,schools_with_functional_electricity,90541,count,UDISE_2025-2026.pdf,113,Schools with functional electricity facility,"Table 7.1 col (12), All management"
India,2025-26,All,schools_with_electricity,95,percent,UDISE_2025-2026.pdf,114,Percentage of Schools with electricity connection,"Table 7.1 (continued) col (17), All management"
India,2025-26,All,schools_with_functional_electricity,93.5,percent,UDISE_2025-2026.pdf,114,Percentage of Schools with functional electricity connection,"Table 7.1 (continued) col (22), All management"
Andaman & Nicobar Islands,2025-26,All,schools_with_electricity,93.9,percent,UDISE_2025-2026.pdf,114,Percentage of Schools with electricity connection,"Table 7.1 (continued) col (17), All management"
Andaman & Nicobar Islands,2025-26,All,schools_with_functional_electricity,92.5,percent,UDISE_2025-2026.pdf,114,Percentage of Schools with functional electricity connection,"Table 7.1 (continued) col (22), All management"
Andhra Pradesh,2025-26,All,schools_with_electricity,99.8,percent,UDISE_2025-2026.pdf,114,Percentage of Schools with electricity connection,"Table 7.1 (continued) col (17), All management"
Andhra Pradesh,2025-26,All,schools_with_functional_electricity,99.7,percent,UDISE_2025-2026.pdf,114,Percentage of Schools with functional electricity connection,"Table 7.1 (continued) col (22), All management"
Arunachal Pradesh,2025-26,All,schools_with_electricity,73.6,percent,UDISE_2025-2026.pdf,114,Percentage of Schools with electricity connection,"Table 7.1 (continued) col (17), All management"
Arunachal Pradesh,2025-26,All,schools_with_functional_electricity,64.2,percent,UDISE_2025-2026.pdf,114,Percentage of Schools with functional electricity connection,"Table 7.1 (continued) col (22), All management"
Assam,2025-26,All,schools_with_electricity,90.8,percent,UDISE_2025-2026.pdf,114,Percentage of Schools with electricity connection,"Table 7.1 (continued) col (17), All management"
Assam,2025-26,All,schools_with_functional_electricity,90.2,percent,UDISE_2025-2026.pdf,114,Percentage of Schools with functional electricity connection,"Table 7.1 (continued) col (22), All management"
Bihar,2025-26,All,schools_with_electricity,99.5,percent,UDISE_2025-2026.pdf,114,Percentage of Schools with electricity connection,"Table 7.1 (continued) col (17), All management"
Bihar,2025-26,All,schools_with_functional_electricity,99.3,percent,UDISE_2025-2026.pdf,114,Percentage of Schools with functional electricity connection,"Table 7.1 (continued) col (22), All management"
Chandigarh,2025-26,All,schools_with_electricity,100,percent,UDISE_2025-2026.pdf,114,Percentage of Schools with electricity connection,"Table 7.1 (continued) col (17), All management"
Chandigarh,2025-26,All,schools_with_functional_electricity,100,percent,UDISE_2025-2026.pdf,114,Percentage of Schools with functional electricity connection,"Table 7.1 (continued) col (22), All management"
Chhattisgarh,2025-26,All,schools_with_electricity,96.1,percent,UDISE_2025-2026.pdf,114,Percentage of Schools with electricity connection,"Table 7.1 (continued) col (17), All management"
Chhattisgarh,2025-26,All,schools_with_functional_electricity,93.4,percent,UDISE_2025-2026.pdf,114,Percentage of Schools with functional electricity connection,"Table 7.1 (continued) col (22), All management"
Dadra & Nagar Haveli and Daman & Diu,2025-26,All,schools_with_electricity,100,percent,UDISE_2025-2026.pdf,114,Percentage of Schools with electricity connection,"Table 7.1 (continued) col (17), All management"
Dadra & Nagar Haveli and Daman & Diu,2025-26,All,schools_with_functional_electricity,100,percent,UDISE_2025-2026.pdf,114,Percentage of Schools with functional electricity connection,"Table 7.1 (continued) col (22), All management"
Delhi,2025-26,All,schools_with_electricity,100,percent,UDISE_2025-2026.pdf,114,Percentage of Schools with electricity connection,"Table 7.1 (continued) col (17), All management"
Delhi,2025-26,All,schools_with_functional_electricity,100,percent,UDISE_2025-2026.pdf,114,Percentage of Schools with functional electricity connection,"Table 7.1 (continued) col (22), All management"
Goa,2025-26,All,schools_with_electricity,100,percent,UDISE_2025-2026.pdf,114,Percentage of Schools with electricity connection,"Table 7.1 (continued) col (17), All management"
Goa,2025-26,All,schools_with_functional_electricity,100,percent,UDISE_2025-2026.pdf,114,Percentage of Schools with functional electricity connection,"Table 7.1 (continued) col (22), All management"
Gujarat,2025-26,All,schools_with_electricity,99.9,percent,UDISE_2025-2026.pdf,114,Percentage of Schools with electricity connection,"Table 7.1 (continued) col (17), All management"
Gujarat,2025-26,All,schools_with_functional_electricity,99.9,percent,UDISE_2025-2026.pdf,114,Percentage of Schools with functional electricity connection,"Table 7.1 (continued) col (22), All management"
Haryana,2025-26,All,schools_with_electricity,100,percent,UDISE_2025-2026.pdf,114,Percentage of Schools with electricity connection,"Table 7.1 (continued) col (17), All management"
Haryana,2025-26,All,schools_with_functional_electricity,99.9,percent,UDISE_2025-2026.pdf,114,Percentage of Schools with functional electricity connection,"Table 7.1 (continued) col (22), All management"
Himachal Pradesh,2025-26,All,schools_with_electricity,99.4,percent,UDISE_2025-2026.pdf,114,Percentage of Schools with electricity connection,"Table 7.1 (continued) col (17), All management"
Himachal Pradesh,2025-26,All,schools_with_functional_electricity,99.1,percent,UDISE_2025-2026.pdf,114,Percentage of Schools with functional electricity connection,"Table 7.1 (continued) col (22), All management"
Jammu & Kashmir,2025-26,All,schools_with_electricity,92,percent,UDISE_2025-2026.pdf,114,Percentage of Schools with electricity connection,"Table 7.1 (continued) col (17), All management"
Jammu & Kashmir,2025-26,All,schools_with_functional_electricity,88.3,percent,UDISE_2025-2026.pdf,114,Percentage of Schools with functional electricity connection,"Table 7.1 (continued) col (22), All management"
Jharkhand,2025-26,All,schools_with_electricity,95.9,percent,UDISE_2025-2026.pdf,114,Percentage of Schools with electricity connection,"Table 7.1 (continued) col (17), All management"
Jharkhand,2025-26,All,schools_with_functional_electricity,93.2,percent,UDISE_2025-2026.pdf,114,Percentage of Schools with functional electricity connection,"Table 7.1 (continued) col (22), All management"
Karnataka,2025-26,All,schools_with_electricity,99.3,percent,UDISE_2025-2026.pdf,114,Percentage of Schools with electricity connection,"Table 7.1 (continued) col (17), All management"
Karnataka,2025-26,All,schools_with_functional_electricity,98.9,percent,UDISE_2025-2026.pdf,114,Percentage of Schools with functional electricity connection,"Table 7.1 (continued) col (22), All management"
Kerala,2025-26,All,schools_with_electricity,99.9,percent,UDISE_2025-2026.pdf,114,Percentage of Schools with electricity connection,"Table 7.1 (continued) col (17), All management"
Kerala,2025-26,All,schools_with_functional_electricity,99.8,percent,UDISE_2025-2026.pdf,114,Percentage of Schools with functional electricity connection,"Table 7.1 (continued) col (22), All management"
Ladakh,2025-26,All,schools_with_electricity,84.1,percent,UDISE_2025-2026.pdf,114,Percentage of Schools with electricity connection,"Table 7.1 (continued) col (17), All management"
Ladakh,2025-26,All,schools_with_functional_electricity,80.4,percent,UDISE_2025-2026.pdf,114,Percentage of Schools with functional electricity connection,"Table 7.1 (continued) col (22), All management"
Lakshadweep,2025-26,All,schools_with_electricity,100,percent,UDISE_2025-2026.pdf,114,Percentage of Schools with electricity connection,"Table 7.1 (continued) col (17), All management"
Lakshadweep,2025-26,All,schools_with_functional_electricity,100,percent,UDISE_2025-2026.pdf,114,Percentage of Schools with functional electricity connection,"Table 7.1 (continued) col (22), All management"
Madhya Pradesh,2025-26,All,schools_with_electricity,93.6,percent,UDISE_2025-2026.pdf,114,Percentage of Schools with electricity connection,"Table 7.1 (continued) col (17), All management"
Madhya Pradesh,2025-26,All,schools_with_functional_electricity,90.7,percent,UDISE_2025-2026.pdf,114,Percentage of Schools with functional electricity connection,"Table 7.1 (continued) col (22), All management"
Maharashtra,2025-26,All,schools_with_electricity,97,percent,UDISE_2025-2026.pdf,114,Percentage of Schools with electricity connection,"Table 7.1 (continued) col (17), All management"
Maharashtra,2025-26,All,schools_with_functional_electricity,91.6,percent,UDISE_2025-2026.pdf,114,Percentage of Schools with functional electricity connection,"Table 7.1 (continued) col (22), All management"
Manipur,2025-26,All,schools_with_electricity,72.3,percent,UDISE_2025-2026.pdf,114,Percentage of Schools with electricity connection,"Table 7.1 (continued) col (17), All management"
Manipur,2025-26,All,schools_with_functional_electricity,66.2,percent,UDISE_2025-2026.pdf,114,Percentage of Schools with functional electricity connection,"Table 7.1 (continued) col (22), All management"
Meghalaya,2025-26,All,schools_with_electricity,31,percent,UDISE_2025-2026.pdf,114,Percentage of Schools with electricity connection,"Table 7.1 (continued) col (17), All management"
Meghalaya,2025-26,All,schools_with_functional_electricity,28.7,percent,UDISE_2025-2026.pdf,114,Percentage of Schools with functional electricity connection,"Table 7.1 (continued) col (22), All management"
Mizoram,2025-26,All,schools_with_electricity,90.2,percent,UDISE_2025-2026.pdf,114,Percentage of Schools with electricity connection,"Table 7.1 (continued) col (17), All management"
Mizoram,2025-26,All,schools_with_functional_electricity,83.9,percent,UDISE_2025-2026.pdf,114,Percentage of Schools with functional electricity connection,"Table 7.1 (continued) col (22), All management"
Nagaland,2025-26,All,schools_with_electricity,88.3,percent,UDISE_2025-2026.pdf,114,Percentage of Schools with electricity connection,"Table 7.1 (continued) col (17), All management"
Nagaland,2025-26,All,schools_with_functional_electricity,81.6,percent,UDISE_2025-2026.pdf,114,Percentage of Schools with functional electricity connection,"Table 7.1 (continued) col (22), All management"
Odisha,2025-26,All,schools_with_electricity,97.3,percent,UDISE_2025-2026.pdf,114,Percentage of Schools with electricity connection,"Table 7.1 (continued) col (17), All management"
Odisha,2025-26,All,schools_with_functional_electricity,96.7,percent,UDISE_2025-2026.pdf,114,Percentage of Schools with functional electricity connection,"Table 7.1 (continued) col (22), All management"
Puducherry,2025-26,All,schools_with_electricity,100,percent,UDISE_2025-2026.pdf,114,Percentage of Schools with electricity connection,"Table 7.1 (continued) col (17), All management"
Puducherry,2025-26,All,schools_with_functional_electricity,100,percent,UDISE_2025-2026.pdf,114,Percentage of Schools with functional electricity connection,"Table 7.1 (continued) col (22), All management"
Punjab,2025-26,All,schools_with_electricity,100,percent,UDISE_2025-2026.pdf,114,Percentage of Schools with electricity connection,"Table 7.1 (continued) col (17), All management"
Punjab,2025-26,All,schools_with_functional_electricity,100,percent,UDISE_2025-2026.pdf,114,Percentage of Schools with functional electricity connection,"Table 7.1 (continued) col (22), All management"
Rajasthan,2025-26,All,schools_with_electricity,92.4,percent,UDISE_2025-2026.pdf,114,Percentage of Schools with electricity connection,"Table 7.1 (continued) col (17), All management"
Rajasthan,2025-26,All,schools_with_functional_electricity,91.5,percent,UDISE_2025-2026.pdf,114,Percentage of Schools with functional electricity connection,"Table 7.1 (continued) col (22), All management"
Sikkim,2025-26,All,schools_with_electricity,99.2,percent,UDISE_2025-2026.pdf,114,Percentage of Schools with electricity connection,"Table 7.1 (continued) col (17), All management"
Sikkim,2025-26,All,schools_with_functional_electricity,98.4,percent,UDISE_2025-2026.pdf,114,Percentage of Schools with functional electricity connection,"Table 7.1 (continued) col (22), All management"
Tamil Nadu,2025-26,All,schools_with_electricity,100,percent,UDISE_2025-2026.pdf,114,Percentage of Schools with electricity connection,"Table 7.1 (continued) col (17), All management"
Tamil Nadu,2025-26,All,schools_with_functional_electricity,100,percent,UDISE_2025-2026.pdf,114,Percentage of Schools with functional electricity connection,"Table 7.1 (continued) col (22), All management"
Telangana,2025-26,All,schools_with_electricity,99.6,percent,UDISE_2025-2026.pdf,114,Percentage of Schools with electricity connection,"Table 7.1 (continued) col (17), All management"
Telangana,2025-26,All,schools_with_functional_electricity,99.4,percent,UDISE_2025-2026.pdf,114,Percentage of Schools with functional electricity connection,"Table 7.1 (continued) col (22), All management"
Tripura,2025-26,All,schools_with_electricity,84.9,percent,UDISE_2025-2026.pdf,114,Percentage of Schools with electricity connection,"Table 7.1 (continued) col (17), All management"
Tripura,2025-26,All,schools_with_functional_electricity,81.6,percent,UDISE_2025-2026.pdf,114,Percentage of Schools with functional electricity connection,"Table 7.1 (continued) col (22), All management"
Uttar Pradesh,2025-26,All,schools_with_electricity,90.1,percent,UDISE_2025-2026.pdf,114,Percentage of Schools with electricity connection,"Table 7.1 (continued) col (17), All management"
Uttar Pradesh,2025-26,All,schools_with_functional_electricity,88.8,percent,UDISE_2025-2026.pdf,114,Percentage of Schools with functional electricity connection,"Table 7.1 (continued) col (22), All management"
Uttarakhand,2025-26,All,schools_with_electricity,97.3,percent,UDISE_2025-2026.pdf,114,Percentage of Schools with electricity connection,"Table 7.1 (continued) col (17), All management"
Uttarakhand,2025-26,All,schools_with_functional_electricity,95.7,percent,UDISE_2025-2026.pdf,114,Percentage of Schools with functional electricity connection,"Table 7.1 (continued) col (22), All management"
West Bengal,2025-26,All,schools_with_electricity,98,percent,UDISE_2025-2026.pdf,114,Percentage of Schools with electricity connection,"Table 7.1 (continued) col (17), All management"
West Bengal,2025-26,All,schools_with_functional_electricity,97.2,percent,UDISE_2025-2026.pdf,114,Percentage of Schools with functional electricity connection,"Table 7.1 (continued) col (22), All management"
India,2025-26,All,schools_total,1466682,count,UDISE_2025-2026.pdf,126,Total Schools,"Table 7.9 col (2), All management"
India,2025-26,All,schools_with_computer,1025842,count,UDISE_2025-2026.pdf,126,Schools with computer facility,"Table 7.9 col (7), All management"
India,2025-26,All,schools_with_computer,69.9,percent,UDISE_2025-2026.pdf,126,Percentage of Schools with computer facility,"Table 7.9 col (12), All management"
Andaman & Nicobar Islands,2025-26,All,schools_total,411,count,UDISE_2025-2026.pdf,126,Total Schools,"Table 7.9 col (2), All management"
Andaman & Nicobar Islands,2025-26,All,schools_with_computer,371,count,UDISE_2025-2026.pdf,126,Schools with computer facility,"Table 7.9 col (7), All management"
Andaman & Nicobar Islands,2025-26,All,schools_with_computer,90.3,percent,UDISE_2025-2026.pdf,126,Percentage of Schools with computer facility,"Table 7.9 col (12), All management"
Andhra Pradesh,2025-26,All,schools_total,60843,count,UDISE_2025-2026.pdf,126,Total Schools,"Table 7.9 col (2), All management"
Andhra Pradesh,2025-26,All,schools_with_computer,46784,count,UDISE_2025-2026.pdf,126,Schools with computer facility,"Table 7.9 col (7), All management"
Andhra Pradesh,2025-26,All,schools_with_computer,76.9,percent,UDISE_2025-2026.pdf,126,Percentage of Schools with computer facility,"Table 7.9 col (12), All management"
Arunachal Pradesh,2025-26,All,schools_total,3159,count,UDISE_2025-2026.pdf,126,Total Schools,"Table 7.9 col (2), All management"
Arunachal Pradesh,2025-26,All,schools_with_computer,1580,count,UDISE_2025-2026.pdf,126,Schools with computer facility,"Table 7.9 col (7), All management"
Arunachal Pradesh,2025-26,All,schools_with_computer,50,percent,UDISE_2025-2026.pdf,126,Percentage of Schools with computer facility,"Table 7.9 col (12), All management"
Assam,2025-26,All,schools_total,55333,count,UDISE_2025-2026.pdf,126,Total Schools,"Table 7.9 col (2), All management"
Assam,2025-26,All,schools_with_computer,47053,count,UDISE_2025-2026.pdf,126,Schools with computer facility,"Table 7.9 col (7), All management"
Assam,2025-26,All,schools_with_computer,85,percent,UDISE_2025-2026.pdf,126,Percentage of Schools with computer facility,"Table 7.9 col (12), All management"
Bihar,2025-26,All,schools_total,95285,count,UDISE_2025-2026.pdf,126,Total Schools,"Table 7.9 col (2), All management"
Bihar,2025-26,All,schools_with_computer,40960,count,UDISE_2025-2026.pdf,126,Schools with computer facility,"Table 7.9 col (7), All management"
Bihar,2025-26,All,schools_with_computer,43,percent,UDISE_2025-2026.pdf,126,Percentage of Schools with computer facility,"Table 7.9 col (12), All management"
Chandigarh,2025-26,All,schools_total,208,count,UDISE_2025-2026.pdf,126,Total Schools,"Table 7.9 col (2), All management"
Chandigarh,2025-26,All,schools_with_computer,208,count,UDISE_2025-2026.pdf,126,Schools with computer facility,"Table 7.9 col (7), All management"
Chandigarh,2025-26,All,schools_with_computer,100,percent,UDISE_2025-2026.pdf,126,Percentage of Schools with computer facility,"Table 7.9 col (12), All management"
Chhattisgarh,2025-26,All,schools_total,57036,count,UDISE_2025-2026.pdf,126,Total Schools,"Table 7.9 col (2), All management"
Chhattisgarh,2025-26,All,schools_with_computer,35035,count,UDISE_2025-2026.pdf,126,Schools with computer facility,"Table 7.9 col (7), All management"
Chhattisgarh,2025-26,All,schools_with_computer,61.4,percent,UDISE_2025-2026.pdf,126,Percentage of Schools with computer facility,"Table 7.9 col (12), All management"
Dadra & Nagar Haveli and Daman & Diu,2025-26,All,schools_total,426,count,UDISE_2025-2026.pdf,126,Total Schools,"Table 7.9 col (2), All management"
Dadra & Nagar Haveli and Daman & Diu,2025-26,All,schools_with_computer,426,count,UDISE_2025-2026.pdf,126,Schools with computer facility,"Table 7.9 col (7), All management"
Dadra & Nagar Haveli and Daman & Diu,2025-26,All,schools_with_computer,100,percent,UDISE_2025-2026.pdf,126,Percentage of Schools with computer facility,"Table 7.9 col (12), All management"
Delhi,2025-26,All,schools_total,5643,count,UDISE_2025-2026.pdf,126,Total Schools,"Table 7.9 col (2), All management"
Delhi,2025-26,All,schools_with_computer,5639,count,UDISE_2025-2026.pdf,126,Schools with computer facility,"Table 7.9 col (7), All management"
Delhi,2025-26,All,schools_with_computer,99.9,percent,UDISE_2025-2026.pdf,126,Percentage of Schools with computer facility,"Table 7.9 col (12), All management"
Goa,2025-26,All,schools_total,1473,count,UDISE_2025-2026.pdf,126,Total Schools,"Table 7.9 col (2), All management"
Goa,2025-26,All,schools_with_computer,878,count,UDISE_2025-2026.pdf,126,Schools with computer facility,"Table 7.9 col (7), All management"
Goa,2025-26,All,schools_with_computer,59.6,percent,UDISE_2025-2026.pdf,126,Percentage of Schools with computer facility,"Table 7.9 col (12), All management"
Gujarat,2025-26,All,schools_total,53425,count,UDISE_2025-2026.pdf,126,Total Schools,"Table 7.9 col (2), All management"
Gujarat,2025-26,All,schools_with_computer,52216,count,UDISE_2025-2026.pdf,126,Schools with computer facility,"Table 7.9 col (7), All management"
Gujarat,2025-26,All,schools_with_computer,97.7,percent,UDISE_2025-2026.pdf,126,Percentage of Schools with computer facility,"Table 7.9 col (12), All management"
Haryana,2025-26,All,schools_total,23479,count,UDISE_2025-2026.pdf,126,Total Schools,"Table 7.9 col (2), All management"
Haryana,2025-26,All,schools_with_computer,22922,count,UDISE_2025-2026.pdf,126,Schools with computer facility,"Table 7.9 col (7), All management"
Haryana,2025-26,All,schools_with_computer,97.6,percent,UDISE_2025-2026.pdf,126,Percentage of Schools with computer facility,"Table 7.9 col (12), All management"
Himachal Pradesh,2025-26,All,schools_total,17064,count,UDISE_2025-2026.pdf,126,Total Schools,"Table 7.9 col (2), All management"
Himachal Pradesh,2025-26,All,schools_with_computer,14887,count,UDISE_2025-2026.pdf,126,Schools with computer facility,"Table 7.9 col (7), All management"
Himachal Pradesh,2025-26,All,schools_with_computer,87.2,percent,UDISE_2025-2026.pdf,126,Percentage of Schools with computer facility,"Table 7.9 col (12), All management"
Jammu & Kashmir,2025-26,All,schools_total,24228,count,UDISE_2025-2026.pdf,126,Total Schools,"Table 7.9 col (2), All management"
Jammu & Kashmir,2025-26,All,schools_with_computer,10778,count,UDISE_2025-2026.pdf,126,Schools with computer facility,"Table 7.9 col (7), All management"
Jammu & Kashmir,2025-26,All,schools_with_computer,44.5,percent,UDISE_2025-2026.pdf,126,Percentage of Schools with computer facility,"Table 7.9 col (12), All management"
Jharkhand,2025-26,All,schools_total,44378,count,UDISE_2025-2026.pdf,126,Total Schools,"Table 7.9 col (2), All management"
Jharkhand,2025-26,All,schools_with_computer,36015,count,UDISE_2025-2026.pdf,126,Schools with computer facility,"Table 7.9 col (7), All management"
Jharkhand,2025-26,All,schools_with_computer,81.2,percent,UDISE_2025-2026.pdf,126,Percentage of Schools with computer facility,"Table 7.9 col (12), All management"
Karnataka,2025-26,All,schools_total,74578,count,UDISE_2025-2026.pdf,126,Total Schools,"Table 7.9 col (2), All management"
Karnataka,2025-26,All,schools_with_computer,43281,count,UDISE_2025-2026.pdf,126,Schools with computer facility,"Table 7.9 col (7), All management"
Karnataka,2025-26,All,schools_with_computer,58,percent,UDISE_2025-2026.pdf,126,Percentage of Schools with computer facility,"Table 7.9 col (12), All management"
Kerala,2025-26,All,schools_total,15750,count,UDISE_2025-2026.pdf,126,Total Schools,"Table 7.9 col (2), All management"
Kerala,2025-26,All,schools_with_computer,15679,count,UDISE_2025-2026.pdf,126,Schools with computer facility,"Table 7.9 col (7), All management"
Kerala,2025-26,All,schools_with_computer,99.5,percent,UDISE_2025-2026.pdf,126,Percentage of Schools with computer facility,"Table 7.9 col (12), All management"
Ladakh,2025-26,All,schools_total,883,count,UDISE_2025-2026.pdf,126,Total Schools,"Table 7.9 col (2), All management"
Ladakh,2025-26,All,schools_with_computer,612,count,UDISE_2025-2026.pdf,126,Schools with computer facility,"Table 7.9 col (7), All management"
Ladakh,2025-26,All,schools_with_computer,69.3,percent,UDISE_2025-2026.pdf,126,Percentage of Schools with computer facility,"Table 7.9 col (12), All management"
Lakshadweep,2025-26,All,schools_total,34,count,UDISE_2025-2026.pdf,126,Total Schools,"Table 7.9 col (2), All management"
Lakshadweep,2025-26,All,schools_with_computer,34,count,UDISE_2025-2026.pdf,126,Schools with computer facility,"Table 7.9 col (7), All management"
Lakshadweep,2025-26,All,schools_with_computer,100,percent,UDISE_2025-2026.pdf,126,Percentage of Schools with computer facility,"Table 7.9 col (12), All management"
Madhya Pradesh,2025-26,All,schools_total,119694,count,UDISE_2025-2026.pdf,126,Total Schools,"Table 7.9 col (2), All management"
Madhya Pradesh,2025-26,All,schools_with_computer,80736,count,UDISE_2025-2026.pdf,126,Schools with computer facility,"Table 7.9 col (7), All management"
Madhya Pradesh,2025-26,All,schools_with_computer,67.5,percent,UDISE_2025-2026.pdf,126,Percentage of Schools with computer facility,"Table 7.9 col (12), All management"
Maharashtra,2025-26,All,schools_total,108139,count,UDISE_2025-2026.pdf,126,Total Schools,"Table 7.9 col (2), All management"
Maharashtra,2025-26,All,schools_with_computer,90419,count,UDISE_2025-2026.pdf,126,Schools with computer facility,"Table 7.9 col (7), All management"
Maharashtra,2025-26,All,schools_with_computer,83.6,percent,UDISE_2025-2026.pdf,126,Percentage of Schools with computer facility,"Table 7.9 col (12), All management"
Manipur,2025-26,All,schools_total,4662,count,UDISE_2025-2026.pdf,126,Total Schools,"Table 7.9 col (2), All management"
Manipur,2025-26,All,schools_with_computer,1880,count,UDISE_2025-2026.pdf,126,Schools with computer facility,"Table 7.9 col (7), All management"
Manipur,2025-26,All,schools_with_computer,40.3,percent,UDISE_2025-2026.pdf,126,Percentage of Schools with computer facility,"Table 7.9 col (12), All management"
Meghalaya,2025-26,All,schools_total,11462,count,UDISE_2025-2026.pdf,126,Total Schools,"Table 7.9 col (2), All management"
Meghalaya,2025-26,All,schools_with_computer,2235,count,UDISE_2025-2026.pdf,126,Schools with computer facility,"Table 7.9 col (7), All management"
Meghalaya,2025-26,All,schools_with_computer,19.5,percent,UDISE_2025-2026.pdf,126,Percentage of Schools with computer facility,"Table 7.9 col (12), All management"
Mizoram,2025-26,All,schools_total,3965,count,UDISE_2025-2026.pdf,126,Total Schools,"Table 7.9 col (2), All management"
Mizoram,2025-26,All,schools_with_computer,3362,count,UDISE_2025-2026.pdf,126,Schools with computer facility,"Table 7.9 col (7), All management"
Mizoram,2025-26,All,schools_with_computer,84.8,percent,UDISE_2025-2026.pdf,126,Percentage of Schools with computer facility,"Table 7.9 col (12), All management"
Nagaland,2025-26,All,schools_total,2715,count,UDISE_2025-2026.pdf,126,Total Schools,"Table 7.9 col (2), All management"
Nagaland,2025-26,All,schools_with_computer,2537,count,UDISE_2025-2026.pdf,126,Schools with computer facility,"Table 7.9 col (7), All management"
Nagaland,2025-26,All,schools_with_computer,93.4,percent,UDISE_2025-2026.pdf,126,Percentage of Schools with computer facility,"Table 7.9 col (12), All management"
Odisha,2025-26,All,schools_total,61594,count,UDISE_2025-2026.pdf,126,Total Schools,"Table 7.9 col (2), All management"
Odisha,2025-26,All,schools_with_computer,51259,count,UDISE_2025-2026.pdf,126,Schools with computer facility,"Table 7.9 col (7), All management"
Odisha,2025-26,All,schools_with_computer,83.2,percent,UDISE_2025-2026.pdf,126,Percentage of Schools with computer facility,"Table 7.9 col (12), All management"
Puducherry,2025-26,All,schools_total,770,count,UDISE_2025-2026.pdf,126,Total Schools,"Table 7.9 col (2), All management"
Puducherry,2025-26,All,schools_with_computer,770,count,UDISE_2025-2026.pdf,126,Schools with computer facility,"Table 7.9 col (7), All management"
Puducherry,2025-26,All,schools_with_computer,100,percent,UDISE_2025-2026.pdf,126,Percentage of Schools with computer facility,"Table 7.9 col (12), All management"
Punjab,2025-26,All,schools_total,27233,count,UDISE_2025-2026.pdf,126,Total Schools,"Table 7.9 col (2), All management"
Punjab,2025-26,All,schools_with_computer,26980,count,UDISE_2025-2026.pdf,126,Schools with computer facility,"Table 7.9 col (7), All management"
Punjab,2025-26,All,schools_with_computer,99.1,percent,UDISE_2025-2026.pdf,126,Percentage of Schools with computer facility,"Table 7.9 col (12), All management"
Rajasthan,2025-26,All,schools_total,106445,count,UDISE_2025-2026.pdf,126,Total Schools,"Table 7.9 col (2), All management"
Rajasthan,2025-26,All,schools_with_computer,58919,count,UDISE_2025-2026.pdf,126,Schools with computer facility,"Table 7.9 col (7), All management"
Rajasthan,2025-26,All,schools_with_computer,55.4,percent,UDISE_2025-2026.pdf,126,Percentage of Schools with computer facility,"Table 7.9 col (12), All management"
Sikkim,2025-26,All,schools_total,1213,count,UDISE_2025-2026.pdf,126,Total Schools,"Table 7.9 col (2), All management"
Sikkim,2025-26,All,schools_with_computer,1140,count,UDISE_2025-2026.pdf,126,Schools with computer facility,"Table 7.9 col (7), All management"
Sikkim,2025-26,All,schools_with_computer,94,percent,UDISE_2025-2026.pdf,126,Percentage of Schools with computer facility,"Table 7.9 col (12), All management"
Tamil Nadu,2025-26,All,schools_total,57566,count,UDISE_2025-2026.pdf,126,Total Schools,"Table 7.9 col (2), All management"
Tamil Nadu,2025-26,All,schools_with_computer,54364,count,UDISE_2025-2026.pdf,126,Schools with computer facility,"Table 7.9 col (7), All management"
Tamil Nadu,2025-26,All,schools_with_computer,94.4,percent,UDISE_2025-2026.pdf,126,Percentage of Schools with computer facility,"Table 7.9 col (12), All management"
Telangana,2025-26,All,schools_total,41762,count,UDISE_2025-2026.pdf,126,Total Schools,"Table 7.9 col (2), All management"
Telangana,2025-26,All,schools_with_computer,38250,count,UDISE_2025-2026.pdf,126,Schools with computer facility,"Table 7.9 col (7), All management"
Telangana,2025-26,All,schools_with_computer,91.6,percent,UDISE_2025-2026.pdf,126,Percentage of Schools with computer facility,"Table 7.9 col (12), All management"
Tripura,2025-26,All,schools_total,4964,count,UDISE_2025-2026.pdf,126,Total Schools,"Table 7.9 col (2), All management"
Tripura,2025-26,All,schools_with_computer,3607,count,UDISE_2025-2026.pdf,126,Schools with computer facility,"Table 7.9 col (7), All management"
Tripura,2025-26,All,schools_with_computer,72.7,percent,UDISE_2025-2026.pdf,126,Percentage of Schools with computer facility,"Table 7.9 col (12), All management"
Uttar Pradesh,2025-26,All,schools_total,265278,count,UDISE_2025-2026.pdf,126,Total Schools,"Table 7.9 col (2), All management"
Uttar Pradesh,2025-26,All,schools_with_computer,189202,count,UDISE_2025-2026.pdf,126,Schools with computer facility,"Table 7.9 col (7), All management"
Uttar Pradesh,2025-26,All,schools_with_computer,71.3,percent,UDISE_2025-2026.pdf,126,Percentage of Schools with computer facility,"Table 7.9 col (12), All management"
Uttarakhand,2025-26,All,schools_total,22437,count,UDISE_2025-2026.pdf,126,Total Schools,"Table 7.9 col (2), All management"
Uttarakhand,2025-26,All,schools_with_computer,20930,count,UDISE_2025-2026.pdf,126,Schools with computer facility,"Table 7.9 col (7), All management"
Uttarakhand,2025-26,All,schools_with_computer,93.3,percent,UDISE_2025-2026.pdf,126,Percentage of Schools with computer facility,"Table 7.9 col (12), All management"
West Bengal,2025-26,All,schools_total,93147,count,UDISE_2025-2026.pdf,126,Total Schools,"Table 7.9 col (2), All management"
West Bengal,2025-26,All,schools_with_computer,23894,count,UDISE_2025-2026.pdf,126,Schools with computer facility,"Table 7.9 col (7), All management"
West Bengal,2025-26,All,schools_with_computer,25.7,percent,UDISE_2025-2026.pdf,126,Percentage of Schools with computer facility,"Table 7.9 col (12), All management"
India,2025-26,All,schools_with_functional_computer,924831,count,UDISE_2025-2026.pdf,127,Schools with functional computer facility for pedagogical purpose,"Table 7.10 col (7), All management"
India,2025-26,All,schools_with_functional_computer,63.1,percent,UDISE_2025-2026.pdf,127,Percentage of Schools with functional computer facility for pedagogical purpose,"Table 7.10 col (12), All management"
Andaman & Nicobar Islands,2025-26,All,schools_with_functional_computer,356,count,UDISE_2025-2026.pdf,127,Schools with functional computer facility for pedagogical purpose,"Table 7.10 col (7), All management"
Andaman & Nicobar Islands,2025-26,All,schools_with_functional_computer,86.6,percent,UDISE_2025-2026.pdf,127,Percentage of Schools with functional computer facility for pedagogical purpose,"Table 7.10 col (12), All management"
Andhra Pradesh,2025-26,All,schools_with_functional_computer,44510,count,UDISE_2025-2026.pdf,127,Schools with functional computer facility for pedagogical purpose,"Table 7.10 col (7), All management"
Andhra Pradesh,2025-26,All,schools_with_functional_computer,73.2,percent,UDISE_2025-2026.pdf,127,Percentage of Schools with functional computer facility for pedagogical purpose,"Table 7.10 col (12), All management"
Arunachal Pradesh,2025-26,All,schools_with_functional_computer,1373,count,UDISE_2025-2026.pdf,127,Schools with functional computer facility for pedagogical purpose,"Table 7.10 col (7), All management"
Arunachal Pradesh,2025-26,All,schools_with_functional_computer,43.5,percent,UDISE_2025-2026.pdf,127,Percentage of Schools with functional computer facility for pedagogical purpose,"Table 7.10 col (12), All management"
Assam,2025-26,All,schools_with_functional_computer,40828,count,UDISE_2025-2026.pdf,127,Schools with functional computer facility for pedagogical purpose,"Table 7.10 col (7), All management"
Assam,2025-26,All,schools_with_functional_computer,73.8,percent,UDISE_2025-2026.pdf,127,Percentage of Schools with functional computer facility for pedagogical purpose,"Table 7.10 col (12), All management"
Bihar,2025-26,All,schools_with_functional_computer,36609,count,UDISE_2025-2026.pdf,127,Schools with functional computer facility for pedagogical purpose,"Table 7.10 col (7), All management"
Bihar,2025-26,All,schools_with_functional_computer,38.4,percent,UDISE_2025-2026.pdf,127,Percentage of Schools with functional computer facility for pedagogical purpose,"Table 7.10 col (12), All management"
Chandigarh,2025-26,All,schools_with_functional_computer,207,count,UDISE_2025-2026.pdf,127,Schools with functional computer facility for pedagogical purpose,"Table 7.10 col (7), All management"
Chandigarh,2025-26,All,schools_with_functional_computer,99.5,percent,UDISE_2025-2026.pdf,127,Percentage of Schools with functional computer facility for pedagogical purpose,"Table 7.10 col (12), All management"
Chhattisgarh,2025-26,All,schools_with_functional_computer,22028,count,UDISE_2025-2026.pdf,127,Schools with functional computer facility for pedagogical purpose,"Table 7.10 col (7), All management"
Chhattisgarh,2025-26,All,schools_with_functional_computer,38.6,percent,UDISE_2025-2026.pdf,127,Percentage of Schools with functional computer facility for pedagogical purpose,"Table 7.10 col (12), All management"
Dadra & Nagar Haveli and Daman & Diu,2025-26,All,schools_with_functional_computer,426,count,UDISE_2025-2026.pdf,127,Schools with functional computer facility for pedagogical purpose,"Table 7.10 col (7), All management"
Dadra & Nagar Haveli and Daman & Diu,2025-26,All,schools_with_functional_computer,100,percent,UDISE_2025-2026.pdf,127,Percentage of Schools with functional computer facility for pedagogical purpose,"Table 7.10 col (12), All management"
Delhi,2025-26,All,schools_with_functional_computer,5639,count,UDISE_2025-2026.pdf,127,Schools with functional computer facility for pedagogical purpose,"Table 7.10 col (7), All management"
Delhi,2025-26,All,schools_with_functional_computer,99.9,percent,UDISE_2025-2026.pdf,127,Percentage of Schools with functional computer facility for pedagogical purpose,"Table 7.10 col (12), All management"
Goa,2025-26,All,schools_with_functional_computer,855,count,UDISE_2025-2026.pdf,127,Schools with functional computer facility for pedagogical purpose,"Table 7.10 col (7), All management"
Goa,2025-26,All,schools_with_functional_computer,58,percent,UDISE_2025-2026.pdf,127,Percentage of Schools with functional computer facility for pedagogical purpose,"Table 7.10 col (12), All management"
Gujarat,2025-26,All,schools_with_functional_computer,51316,count,UDISE_2025-2026.pdf,127,Schools with functional computer facility for pedagogical purpose,"Table 7.10 col (7), All management"
Gujarat,2025-26,All,schools_with_functional_computer,96.1,percent,UDISE_2025-2026.pdf,127,Percentage of Schools with functional computer facility for pedagogical purpose,"Table 7.10 col (12), All management"
Haryana,2025-26,All,schools_with_functional_computer,22483,count,UDISE_2025-2026.pdf,127,Schools with functional computer facility for pedagogical purpose,"Table 7.10 col (7), All management"
Haryana,2025-26,All,schools_with_functional_computer,95.8,percent,UDISE_2025-2026.pdf,127,Percentage of Schools with functional computer facility for pedagogical purpose,"Table 7.10 col (12), All management"
Himachal Pradesh,2025-26,All,schools_with_functional_computer,13774,count,UDISE_2025-2026.pdf,127,Schools with functional computer facility for pedagogical purpose,"Table 7.10 col (7), All management"
Himachal Pradesh,2025-26,All,schools_with_functional_computer,80.7,percent,UDISE_2025-2026.pdf,127,Percentage of Schools with functional computer facility for pedagogical purpose,"Table 7.10 col (12), All management"
Jammu & Kashmir,2025-26,All,schools_with_functional_computer,9106,count,UDISE_2025-2026.pdf,127,Schools with functional computer facility for pedagogical purpose,"Table 7.10 col (7), All management"
Jammu & Kashmir,2025-26,All,schools_with_functional_computer,37.6,percent,UDISE_2025-2026.pdf,127,Percentage of Schools with functional computer facility for pedagogical purpose,"Table 7.10 col (12), All management"
Jharkhand,2025-26,All,schools_with_functional_computer,25337,count,UDISE_2025-2026.pdf,127,Schools with functional computer facility for pedagogical purpose,"Table 7.10 col (7), All management"
Jharkhand,2025-26,All,schools_with_functional_computer,57.1,percent,UDISE_2025-2026.pdf,127,Percentage of Schools with functional computer facility for pedagogical purpose,"Table 7.10 col (12), All management"
Karnataka,2025-26,All,schools_with_functional_computer,39187,count,UDISE_2025-2026.pdf,127,Schools with functional computer facility for pedagogical purpose,"Table 7.10 col (7), All management"
Karnataka,2025-26,All,schools_with_functional_computer,52.5,percent,UDISE_2025-2026.pdf,127,Percentage of Schools with functional computer facility for pedagogical purpose,"Table 7.10 col (12), All management"
Kerala,2025-26,All,schools_with_functional_computer,15604,count,UDISE_2025-2026.pdf,127,Schools with functional computer facility for pedagogical purpose,"Table 7.10 col (7), All management"
Kerala,2025-26,All,schools_with_functional_computer,99.1,percent,UDISE_2025-2026.pdf,127,Percentage of Schools with functional computer facility for pedagogical purpose,"Table 7.10 col (12), All management"
Ladakh,2025-26,All,schools_with_functional_computer,564,count,UDISE_2025-2026.pdf,127,Schools with functional computer facility for pedagogical purpose,"Table 7.10 col (7), All management"
Ladakh,2025-26,All,schools_with_functional_computer,63.9,percent,UDISE_2025-2026.pdf,127,Percentage of Schools with functional computer facility for pedagogical purpose,"Table 7.10 col (12), All management"
Lakshadweep,2025-26,All,schools_with_functional_computer,34,count,UDISE_2025-2026.pdf,127,Schools with functional computer facility for pedagogical purpose,"Table 7.10 col (7), All management"
Lakshadweep,2025-26,All,schools_with_functional_computer,100,percent,UDISE_2025-2026.pdf,127,Percentage of Schools with functional computer facility for pedagogical purpose,"Table 7.10 col (12), All management"
Madhya Pradesh,2025-26,All,schools_with_functional_computer,73951,count,UDISE_2025-2026.pdf,127,Schools with functional computer facility for pedagogical purpose,"Table 7.10 col (7), All management"
Madhya Pradesh,2025-26,All,schools_with_functional_computer,61.8,percent,UDISE_2025-2026.pdf,127,Percentage of Schools with functional computer facility for pedagogical purpose,"Table 7.10 col (12), All management"
Maharashtra,2025-26,All,schools_with_functional_computer,84530,count,UDISE_2025-2026.pdf,127,Schools with functional computer facility for pedagogical purpose,"Table 7.10 col (7), All management"
Maharashtra,2025-26,All,schools_with_functional_computer,78.2,percent,UDISE_2025-2026.pdf,127,Percentage of Schools with functional computer facility for pedagogical purpose,"Table 7.10 col (12), All management"
Manipur,2025-26,All,schools_with_functional_computer,1700,count,UDISE_2025-2026.pdf,127,Schools with functional computer facility for pedagogical purpose,"Table 7.10 col (7), All management"
Manipur,2025-26,All,schools_with_functional_computer,36.5,percent,UDISE_2025-2026.pdf,127,Percentage of Schools with functional computer facility for pedagogical purpose,"Table 7.10 col (12), All management"
Meghalaya,2025-26,All,schools_with_functional_computer,1994,count,UDISE_2025-2026.pdf,127,Schools with functional computer facility for pedagogical purpose,"Table 7.10 col (7), All management"
Meghalaya,2025-26,All,schools_with_functional_computer,17.4,percent,UDISE_2025-2026.pdf,127,Percentage of Schools with functional computer facility for pedagogical purpose,"Table 7.10 col (12), All management"
Mizoram,2025-26,All,schools_with_functional_computer,2799,count,UDISE_2025-2026.pdf,127,Schools with functional computer facility for pedagogical purpose,"Table 7.10 col (7), All management"
Mizoram,2025-26,All,schools_with_functional_computer,70.6,percent,UDISE_2025-2026.pdf,127,Percentage of Schools with functional computer facility for pedagogical purpose,"Table 7.10 col (12), All management"
Nagaland,2025-26,All,schools_with_functional_computer,2170,count,UDISE_2025-2026.pdf,127,Schools with functional computer facility for pedagogical purpose,"Table 7.10 col (7), All management"
Nagaland,2025-26,All,schools_with_functional_computer,79.9,percent,UDISE_2025-2026.pdf,127,Percentage of Schools with functional computer facility for pedagogical purpose,"Table 7.10 col (12), All management"
Odisha,2025-26,All,schools_with_functional_computer,47299,count,UDISE_2025-2026.pdf,127,Schools with functional computer facility for pedagogical purpose,"Table 7.10 col (7), All management"
Odisha,2025-26,All,schools_with_functional_computer,76.8,percent,UDISE_2025-2026.pdf,127,Percentage of Schools with functional computer facility for pedagogical purpose,"Table 7.10 col (12), All management"
Puducherry,2025-26,All,schools_with_functional_computer,766,count,UDISE_2025-2026.pdf,127,Schools with functional computer facility for pedagogical purpose,"Table 7.10 col (7), All management"
Puducherry,2025-26,All,schools_with_functional_computer,99.5,percent,UDISE_2025-2026.pdf,127,Percentage of Schools with functional computer facility for pedagogical purpose,"Table 7.10 col (12), All management"
Punjab,2025-26,All,schools_with_functional_computer,26542,count,UDISE_2025-2026.pdf,127,Schools with functional computer facility for pedagogical purpose,"Table 7.10 col (7), All management"
Punjab,2025-26,All,schools_with_functional_computer,97.5,percent,UDISE_2025-2026.pdf,127,Percentage of Schools with functional computer facility for pedagogical purpose,"Table 7.10 col (12), All management"
Rajasthan,2025-26,All,schools_with_functional_computer,51650,count,UDISE_2025-2026.pdf,127,Schools with functional computer facility for pedagogical purpose,"Table 7.10 col (7), All management"
Rajasthan,2025-26,All,schools_with_functional_computer,48.5,percent,UDISE_2025-2026.pdf,127,Percentage of Schools with functional computer facility for pedagogical purpose,"Table 7.10 col (12), All management"
Sikkim,2025-26,All,schools_with_functional_computer,1100,count,UDISE_2025-2026.pdf,127,Schools with functional computer facility for pedagogical purpose,"Table 7.10 col (7), All management"
Sikkim,2025-26,All,schools_with_functional_computer,90.7,percent,UDISE_2025-2026.pdf,127,Percentage of Schools with functional computer facility for pedagogical purpose,"Table 7.10 col (12), All management"
Tamil Nadu,2025-26,All,schools_with_functional_computer,54093,count,UDISE_2025-2026.pdf,127,Schools with functional computer facility for pedagogical purpose,"Table 7.10 col (7), All management"
Tamil Nadu,2025-26,All,schools_with_functional_computer,94,percent,UDISE_2025-2026.pdf,127,Percentage of Schools with functional computer facility for pedagogical purpose,"Table 7.10 col (12), All management"
Telangana,2025-26,All,schools_with_functional_computer,36886,count,UDISE_2025-2026.pdf,127,Schools with functional computer facility for pedagogical purpose,"Table 7.10 col (7), All management"
Telangana,2025-26,All,schools_with_functional_computer,88.3,percent,UDISE_2025-2026.pdf,127,Percentage of Schools with functional computer facility for pedagogical purpose,"Table 7.10 col (12), All management"
Tripura,2025-26,All,schools_with_functional_computer,3194,count,UDISE_2025-2026.pdf,127,Schools with functional computer facility for pedagogical purpose,"Table 7.10 col (7), All management"
Tripura,2025-26,All,schools_with_functional_computer,64.3,percent,UDISE_2025-2026.pdf,127,Percentage of Schools with functional computer facility for pedagogical purpose,"Table 7.10 col (12), All management"
Uttar Pradesh,2025-26,All,schools_with_functional_computer,163871,count,UDISE_2025-2026.pdf,127,Schools with functional computer facility for pedagogical purpose,"Table 7.10 col (7), All management"
Uttar Pradesh,2025-26,All,schools_with_functional_computer,61.8,percent,UDISE_2025-2026.pdf,127,Percentage of Schools with functional computer facility for pedagogical purpose,"Table 7.10 col (12), All management"
Uttarakhand,2025-26,All,schools_with_functional_computer,19392,count,UDISE_2025-2026.pdf,127,Schools with functional computer facility for pedagogical purpose,"Table 7.10 col (7), All management"
Uttarakhand,2025-26,All,schools_with_functional_computer,86.4,percent,UDISE_2025-2026.pdf,127,Percentage of Schools with functional computer facility for pedagogical purpose,"Table 7.10 col (12), All management"
West Bengal,2025-26,All,schools_with_functional_computer,22658,count,UDISE_2025-2026.pdf,127,Schools with functional computer facility for pedagogical purpose,"Table 7.10 col (7), All management"
West Bengal,2025-26,All,schools_with_functional_computer,24.3,percent,UDISE_2025-2026.pdf,127,Percentage of Schools with functional computer facility for pedagogical purpose,"Table 7.10 col (12), All management"
India,2025-26,All,schools_with_internet,989191,count,UDISE_2025-2026.pdf,128,Schools with internet facility available,"Table 7.11 col (7), All management"
India,2025-26,All,schools_with_internet,67.4,percent,UDISE_2025-2026.pdf,128,Percentage of Schools with internet facility available,"Table 7.11 col (12), All management"
Andaman & Nicobar Islands,2025-26,All,schools_with_internet,280,count,UDISE_2025-2026.pdf,128,Schools with internet facility available,"Table 7.11 col (7), All management"
Andaman & Nicobar Islands,2025-26,All,schools_with_internet,68.1,percent,UDISE_2025-2026.pdf,128,Percentage of Schools with internet facility available,"Table 7.11 col (12), All management"
Andhra Pradesh,2025-26,All,schools_with_internet,60340,count,UDISE_2025-2026.pdf,128,Schools with internet facility available,"Table 7.11 col (7), All management"
Andhra Pradesh,2025-26,All,schools_with_internet,99.2,percent,UDISE_2025-2026.pdf,128,Percentage of Schools with internet facility available,"Table 7.11 col (12), All management"
Arunachal Pradesh,2025-26,All,schools_with_internet,1136,count,UDISE_2025-2026.pdf,128,Schools with internet facility available,"Table 7.11 col (7), All management"
Arunachal Pradesh,2025-26,All,schools_with_internet,36,percent,UDISE_2025-2026.pdf,128,Percentage of Schools with internet facility available,"Table 7.11 col (12), All management"
Assam,2025-26,All,schools_with_internet,49263,count,UDISE_2025-2026.pdf,128,Schools with internet facility available,"Table 7.11 col (7), All management"
Assam,2025-26,All,schools_with_internet,89,percent,UDISE_2025-2026.pdf,128,Percentage of Schools with internet facility available,"Table 7.11 col (12), All management"
Bihar,2025-26,All,schools_with_internet,86709,count,UDISE_2025-2026.pdf,128,Schools with internet facility available,"Table 7.11 col (7), All management"
Bihar,2025-26,All,schools_with_internet,91,percent,UDISE_2025-2026.pdf,128,Percentage of Schools with internet facility available,"Table 7.11 col (12), All management"
Chandigarh,2025-26,All,schools_with_internet,208,count,UDISE_2025-2026.pdf,128,Schools with internet facility available,"Table 7.11 col (7), All management"
Chandigarh,2025-26,All,schools_with_internet,100,percent,UDISE_2025-2026.pdf,128,Percentage of Schools with internet facility available,"Table 7.11 col (12), All management"
Chhattisgarh,2025-26,All,schools_with_internet,44683,count,UDISE_2025-2026.pdf,128,Schools with internet facility available,"Table 7.11 col (7), All management"
Chhattisgarh,2025-26,All,schools_with_internet,78.3,percent,UDISE_2025-2026.pdf,128,Percentage of Schools with internet facility available,"Table 7.11 col (12), All management"
Dadra & Nagar Haveli and Daman & Diu,2025-26,All,schools_with_internet,426,count,UDISE_2025-2026.pdf,128,Schools with internet facility available,"Table 7.11 col (7), All management"
Dadra & Nagar Haveli and Daman & Diu,2025-26,All,schools_with_internet,100,percent,UDISE_2025-2026.pdf,128,Percentage of Schools with internet facility available,"Table 7.11 col (12), All management"
Delhi,2025-26,All,schools_with_internet,5643,count,UDISE_2025-2026.pdf,128,Schools with internet facility available,"Table 7.11 col (7), All management"
Delhi,2025-26,All,schools_with_internet,100,percent,UDISE_2025-2026.pdf,128,Percentage of Schools with internet facility available,"Table 7.11 col (12), All management"
Goa,2025-26,All,schools_with_internet,1473,count,UDISE_2025-2026.pdf,128,Schools with internet facility available,"Table 7.11 col (7), All management"
Goa,2025-26,All,schools_with_internet,100,percent,UDISE_2025-2026.pdf,128,Percentage of Schools with internet facility available,"Table 7.11 col (12), All management"
Gujarat,2025-26,All,schools_with_internet,51742,count,UDISE_2025-2026.pdf,128,Schools with internet facility available,"Table 7.11 col (7), All management"
Gujarat,2025-26,All,schools_with_internet,96.8,percent,UDISE_2025-2026.pdf,128,Percentage of Schools with internet facility available,"Table 7.11 col (12), All management"
Haryana,2025-26,All,schools_with_internet,19540,count,UDISE_2025-2026.pdf,128,Schools with internet facility available,"Table 7.11 col (7), All management"
Haryana,2025-26,All,schools_with_internet,83.2,percent,UDISE_2025-2026.pdf,128,Percentage of Schools with internet facility available,"Table 7.11 col (12), All management"
Himachal Pradesh,2025-26,All,schools_with_internet,11295,count,UDISE_2025-2026.pdf,128,Schools with internet facility available,"Table 7.11 col (7), All management"
Himachal Pradesh,2025-26,All,schools_with_internet,66.2,percent,UDISE_2025-2026.pdf,128,Percentage of Schools with internet facility available,"Table 7.11 col (12), All management"
Jammu & Kashmir,2025-26,All,schools_with_internet,12595,count,UDISE_2025-2026.pdf,128,Schools with internet facility available,"Table 7.11 col (7), All management"
Jammu & Kashmir,2025-26,All,schools_with_internet,52,percent,UDISE_2025-2026.pdf,128,Percentage of Schools with internet facility available,"Table 7.11 col (12), All management"
Jharkhand,2025-26,All,schools_with_internet,26812,count,UDISE_2025-2026.pdf,128,Schools with internet facility available,"Table 7.11 col (7), All management"
Jharkhand,2025-26,All,schools_with_internet,60.4,percent,UDISE_2025-2026.pdf,128,Percentage of Schools with internet facility available,"Table 7.11 col (12), All management"
Karnataka,2025-26,All,schools_with_internet,38584,count,UDISE_2025-2026.pdf,128,Schools with internet facility available,"Table 7.11 col (7), All management"
Karnataka,2025-26,All,schools_with_internet,51.7,percent,UDISE_2025-2026.pdf,128,Percentage of Schools with internet facility available,"Table 7.11 col (12), All management"
Kerala,2025-26,All,schools_with_internet,14581,count,UDISE_2025-2026.pdf,128,Schools with internet facility available,"Table 7.11 col (7), All management"
Kerala,2025-26,All,schools_with_internet,92.6,percent,UDISE_2025-2026.pdf,128,Percentage of Schools with internet facility available,"Table 7.11 col (12), All management"
Ladakh,2025-26,All,schools_with_internet,504,count,UDISE_2025-2026.pdf,128,Schools with internet facility available,"Table 7.11 col (7), All management"
Ladakh,2025-26,All,schools_with_internet,57.1,percent,UDISE_2025-2026.pdf,128,Percentage of Schools with internet facility available,"Table 7.11 col (12), All management"
Lakshadweep,2025-26,All,schools_with_internet,34,count,UDISE_2025-2026.pdf,128,Schools with internet facility available,"Table 7.11 col (7), All management"
Lakshadweep,2025-26,All,schools_with_internet,100,percent,UDISE_2025-2026.pdf,128,Percentage of Schools with internet facility available,"Table 7.11 col (12), All management"
Madhya Pradesh,2025-26,All,schools_with_internet,56558,count,UDISE_2025-2026.pdf,128,Schools with internet facility available,"Table 7.11 col (7), All management"
Madhya Pradesh,2025-26,All,schools_with_internet,47.3,percent,UDISE_2025-2026.pdf,128,Percentage of Schools with internet facility available,"Table 7.11 col (12), All management"
Maharashtra,2025-26,All,schools_with_internet,84284,count,UDISE_2025-2026.pdf,128,Schools with internet facility available,"Table 7.11 col (7), All management"
Maharashtra,2025-26,All,schools_with_internet,77.9,percent,UDISE_2025-2026.pdf,128,Percentage of Schools with internet facility available,"Table 7.11 col (12), All management"
Manipur,2025-26,All,schools_with_internet,1809,count,UDISE_2025-2026.pdf,128,Schools with internet facility available,"Table 7.11 col (7), All management"
Manipur,2025-26,All,schools_with_internet,38.8,percent,UDISE_2025-2026.pdf,128,Percentage of Schools with internet facility available,"Table 7.11 col (12), All management"
Meghalaya,2025-26,All,schools_with_internet,4174,count,UDISE_2025-2026.pdf,128,Schools with internet facility available,"Table 7.11 col (7), All management"
Meghalaya,2025-26,All,schools_with_internet,36.4,percent,UDISE_2025-2026.pdf,128,Percentage of Schools with internet facility available,"Table 7.11 col (12), All management"
Mizoram,2025-26,All,schools_with_internet,2666,count,UDISE_2025-2026.pdf,128,Schools with internet facility available,"Table 7.11 col (7), All management"
Mizoram,2025-26,All,schools_with_internet,67.2,percent,UDISE_2025-2026.pdf,128,Percentage of Schools with internet facility available,"Table 7.11 col (12), All management"
Nagaland,2025-26,All,schools_with_internet,1661,count,UDISE_2025-2026.pdf,128,Schools with internet facility available,"Table 7.11 col (7), All management"
Nagaland,2025-26,All,schools_with_internet,61.2,percent,UDISE_2025-2026.pdf,128,Percentage of Schools with internet facility available,"Table 7.11 col (12), All management"
Odisha,2025-26,All,schools_with_internet,51069,count,UDISE_2025-2026.pdf,128,Schools with internet facility available,"Table 7.11 col (7), All management"
Odisha,2025-26,All,schools_with_internet,82.9,percent,UDISE_2025-2026.pdf,128,Percentage of Schools with internet facility available,"Table 7.11 col (12), All management"
Puducherry,2025-26,All,schools_with_internet,769,count,UDISE_2025-2026.pdf,128,Schools with internet facility available,"Table 7.11 col (7), All management"
Puducherry,2025-26,All,schools_with_internet,99.9,percent,UDISE_2025-2026.pdf,128,Percentage of Schools with internet facility available,"Table 7.11 col (12), All management"
Punjab,2025-26,All,schools_with_internet,24909,count,UDISE_2025-2026.pdf,128,Schools with internet facility available,"Table 7.11 col (7), All management"
Punjab,2025-26,All,schools_with_internet,91.5,percent,UDISE_2025-2026.pdf,128,Percentage of Schools with internet facility available,"Table 7.11 col (12), All management"
Rajasthan,2025-26,All,schools_with_internet,75192,count,UDISE_2025-2026.pdf,128,Schools with internet facility available,"Table 7.11 col (7), All management"
Rajasthan,2025-26,All,schools_with_internet,70.6,percent,UDISE_2025-2026.pdf,128,Percentage of Schools with internet facility available,"Table 7.11 col (12), All management"
Sikkim,2025-26,All,schools_with_internet,647,count,UDISE_2025-2026.pdf,128,Schools with internet facility available,"Table 7.11 col (7), All management"
Sikkim,2025-26,All,schools_with_internet,53.3,percent,UDISE_2025-2026.pdf,128,Percentage of Schools with internet facility available,"Table 7.11 col (12), All management"
Tamil Nadu,2025-26,All,schools_with_internet,57001,count,UDISE_2025-2026.pdf,128,Schools with internet facility available,"Table 7.11 col (7), All management"
Tamil Nadu,2025-26,All,schools_with_internet,99,percent,UDISE_2025-2026.pdf,128,Percentage of Schools with internet facility available,"Table 7.11 col (12), All management"
Telangana,2025-26,All,schools_with_internet,31942,count,UDISE_2025-2026.pdf,128,Schools with internet facility available,"Table 7.11 col (7), All management"
Telangana,2025-26,All,schools_with_internet,76.5,percent,UDISE_2025-2026.pdf,128,Percentage of Schools with internet facility available,"Table 7.11 col (12), All management"
Tripura,2025-26,All,schools_with_internet,2108,count,UDISE_2025-2026.pdf,128,Schools with internet facility available,"Table 7.11 col (7), All management"
Tripura,2025-26,All,schools_with_internet,42.5,percent,UDISE_2025-2026.pdf,128,Percentage of Schools with internet facility available,"Table 7.11 col (12), All management"
Uttar Pradesh,2025-26,All,schools_with_internet,133669,count,UDISE_2025-2026.pdf,128,Schools with internet facility available,"Table 7.11 col (7), All management"
Uttar Pradesh,2025-26,All,schools_with_internet,50.4,percent,UDISE_2025-2026.pdf,128,Percentage of Schools with internet facility available,"Table 7.11 col (12), All management"
Uttarakhand,2025-26,All,schools_with_internet,16511,count,UDISE_2025-2026.pdf,128,Schools with internet facility available,"Table 7.11 col (7), All management"
Uttarakhand,2025-26,All,schools_with_internet,73.6,percent,UDISE_2025-2026.pdf,128,Percentage of Schools with internet facility available,"Table 7.11 col (12), All management"
West Bengal,2025-26,All,schools_with_internet,18374,count,UDISE_2025-2026.pdf,128,Schools with internet facility available,"Table 7.11 col (7), All management"
West Bengal,2025-26,All,schools_with_internet,19.7,percent,UDISE_2025-2026.pdf,128,Percentage of Schools with internet facility available,"Table 7.11 col (12), All management"
India,2025-26,All,schools_with_smart_classroom,497811,count,UDISE_2025-2026.pdf,165,Schools having functional Smart Classrooms used for teaching with Digital Boards/ Smart Boards/ Virtual Classrooms/ Smart TV availability,"Table x.6 col (7), All management; column-number band is damaged on the printed page itself, reading (1) ( ( ( ( (verified on a 200 DPI render); rows read by column position and reconciled"
India,2025-26,All,schools_with_smart_classroom,33.9,percent,UDISE_2025-2026.pdf,165,Percentage of Schools having functional Smart Classrooms used for teaching with Digital Boards/ Smart Boards/ Virtual Classrooms/ Smart TV availability,"Table x.6 col (12), All management; column-number band is damaged on the printed page itself, reading (1) ( ( ( ( (verified on a 200 DPI render); rows read by column position and reconciled"
Andaman & Nicobar Islands,2025-26,All,schools_with_smart_classroom,182,count,UDISE_2025-2026.pdf,165,Schools having functional Smart Classrooms used for teaching with Digital Boards/ Smart Boards/ Virtual Classrooms/ Smart TV availability,"Table x.6 col (7), All management; column-number band is damaged on the printed page itself, reading (1) ( ( ( ( (verified on a 200 DPI render); rows read by column position and reconciled"
Andaman & Nicobar Islands,2025-26,All,schools_with_smart_classroom,44.3,percent,UDISE_2025-2026.pdf,165,Percentage of Schools having functional Smart Classrooms used for teaching with Digital Boards/ Smart Boards/ Virtual Classrooms/ Smart TV availability,"Table x.6 col (12), All management; column-number band is damaged on the printed page itself, reading (1) ( ( ( ( (verified on a 200 DPI render); rows read by column position and reconciled"
Andhra Pradesh,2025-26,All,schools_with_smart_classroom,31789,count,UDISE_2025-2026.pdf,165,Schools having functional Smart Classrooms used for teaching with Digital Boards/ Smart Boards/ Virtual Classrooms/ Smart TV availability,"Table x.6 col (7), All management; column-number band is damaged on the printed page itself, reading (1) ( ( ( ( (verified on a 200 DPI render); rows read by column position and reconciled"
Andhra Pradesh,2025-26,All,schools_with_smart_classroom,52.2,percent,UDISE_2025-2026.pdf,165,Percentage of Schools having functional Smart Classrooms used for teaching with Digital Boards/ Smart Boards/ Virtual Classrooms/ Smart TV availability,"Table x.6 col (12), All management; column-number band is damaged on the printed page itself, reading (1) ( ( ( ( (verified on a 200 DPI render); rows read by column position and reconciled"
Arunachal Pradesh,2025-26,All,schools_with_smart_classroom,872,count,UDISE_2025-2026.pdf,165,Schools having functional Smart Classrooms used for teaching with Digital Boards/ Smart Boards/ Virtual Classrooms/ Smart TV availability,"Table x.6 col (7), All management; column-number band is damaged on the printed page itself, reading (1) ( ( ( ( (verified on a 200 DPI render); rows read by column position and reconciled"
Arunachal Pradesh,2025-26,All,schools_with_smart_classroom,27.6,percent,UDISE_2025-2026.pdf,165,Percentage of Schools having functional Smart Classrooms used for teaching with Digital Boards/ Smart Boards/ Virtual Classrooms/ Smart TV availability,"Table x.6 col (12), All management; column-number band is damaged on the printed page itself, reading (1) ( ( ( ( (verified on a 200 DPI render); rows read by column position and reconciled"
Assam,2025-26,All,schools_with_smart_classroom,13171,count,UDISE_2025-2026.pdf,165,Schools having functional Smart Classrooms used for teaching with Digital Boards/ Smart Boards/ Virtual Classrooms/ Smart TV availability,"Table x.6 col (7), All management; column-number band is damaged on the printed page itself, reading (1) ( ( ( ( (verified on a 200 DPI render); rows read by column position and reconciled"
Assam,2025-26,All,schools_with_smart_classroom,23.8,percent,UDISE_2025-2026.pdf,165,Percentage of Schools having functional Smart Classrooms used for teaching with Digital Boards/ Smart Boards/ Virtual Classrooms/ Smart TV availability,"Table x.6 col (12), All management; column-number band is damaged on the printed page itself, reading (1) ( ( ( ( (verified on a 200 DPI render); rows read by column position and reconciled"
Bihar,2025-26,All,schools_with_smart_classroom,14648,count,UDISE_2025-2026.pdf,165,Schools having functional Smart Classrooms used for teaching with Digital Boards/ Smart Boards/ Virtual Classrooms/ Smart TV availability,"Table x.6 col (7), All management; column-number band is damaged on the printed page itself, reading (1) ( ( ( ( (verified on a 200 DPI render); rows read by column position and reconciled"
Bihar,2025-26,All,schools_with_smart_classroom,15.4,percent,UDISE_2025-2026.pdf,165,Percentage of Schools having functional Smart Classrooms used for teaching with Digital Boards/ Smart Boards/ Virtual Classrooms/ Smart TV availability,"Table x.6 col (12), All management; column-number band is damaged on the printed page itself, reading (1) ( ( ( ( (verified on a 200 DPI render); rows read by column position and reconciled"
Chandigarh,2025-26,All,schools_with_smart_classroom,202,count,UDISE_2025-2026.pdf,165,Schools having functional Smart Classrooms used for teaching with Digital Boards/ Smart Boards/ Virtual Classrooms/ Smart TV availability,"Table x.6 col (7), All management; column-number band is damaged on the printed page itself, reading (1) ( ( ( ( (verified on a 200 DPI render); rows read by column position and reconciled"
Chandigarh,2025-26,All,schools_with_smart_classroom,97.1,percent,UDISE_2025-2026.pdf,165,Percentage of Schools having functional Smart Classrooms used for teaching with Digital Boards/ Smart Boards/ Virtual Classrooms/ Smart TV availability,"Table x.6 col (12), All management; column-number band is damaged on the printed page itself, reading (1) ( ( ( ( (verified on a 200 DPI render); rows read by column position and reconciled"
Chhattisgarh,2025-26,All,schools_with_smart_classroom,14685,count,UDISE_2025-2026.pdf,165,Schools having functional Smart Classrooms used for teaching with Digital Boards/ Smart Boards/ Virtual Classrooms/ Smart TV availability,"Table x.6 col (7), All management; column-number band is damaged on the printed page itself, reading (1) ( ( ( ( (verified on a 200 DPI render); rows read by column position and reconciled"
Chhattisgarh,2025-26,All,schools_with_smart_classroom,25.7,percent,UDISE_2025-2026.pdf,165,Percentage of Schools having functional Smart Classrooms used for teaching with Digital Boards/ Smart Boards/ Virtual Classrooms/ Smart TV availability,"Table x.6 col (12), All management; column-number band is damaged on the printed page itself, reading (1) ( ( ( ( (verified on a 200 DPI render); rows read by column position and reconciled"
Dadra & Nagar Haveli and Daman & Diu,2025-26,All,schools_with_smart_classroom,349,count,UDISE_2025-2026.pdf,165,Schools having functional Smart Classrooms used for teaching with Digital Boards/ Smart Boards/ Virtual Classrooms/ Smart TV availability,"Table x.6 col (7), All management; column-number band is damaged on the printed page itself, reading (1) ( ( ( ( (verified on a 200 DPI render); rows read by column position and reconciled"
Dadra & Nagar Haveli and Daman & Diu,2025-26,All,schools_with_smart_classroom,81.9,percent,UDISE_2025-2026.pdf,165,Percentage of Schools having functional Smart Classrooms used for teaching with Digital Boards/ Smart Boards/ Virtual Classrooms/ Smart TV availability,"Table x.6 col (12), All management; column-number band is damaged on the printed page itself, reading (1) ( ( ( ( (verified on a 200 DPI render); rows read by column position and reconciled"
Delhi,2025-26,All,schools_with_smart_classroom,4369,count,UDISE_2025-2026.pdf,165,Schools having functional Smart Classrooms used for teaching with Digital Boards/ Smart Boards/ Virtual Classrooms/ Smart TV availability,"Table x.6 col (7), All management; column-number band is damaged on the printed page itself, reading (1) ( ( ( ( (verified on a 200 DPI render); rows read by column position and reconciled"
Delhi,2025-26,All,schools_with_smart_classroom,77.4,percent,UDISE_2025-2026.pdf,165,Percentage of Schools having functional Smart Classrooms used for teaching with Digital Boards/ Smart Boards/ Virtual Classrooms/ Smart TV availability,"Table x.6 col (12), All management; column-number band is damaged on the printed page itself, reading (1) ( ( ( ( (verified on a 200 DPI render); rows read by column position and reconciled"
Goa,2025-26,All,schools_with_smart_classroom,493,count,UDISE_2025-2026.pdf,165,Schools having functional Smart Classrooms used for teaching with Digital Boards/ Smart Boards/ Virtual Classrooms/ Smart TV availability,"Table x.6 col (7), All management; column-number band is damaged on the printed page itself, reading (1) ( ( ( ( (verified on a 200 DPI render); rows read by column position and reconciled"
Goa,2025-26,All,schools_with_smart_classroom,33.5,percent,UDISE_2025-2026.pdf,165,Percentage of Schools having functional Smart Classrooms used for teaching with Digital Boards/ Smart Boards/ Virtual Classrooms/ Smart TV availability,"Table x.6 col (12), All management; column-number band is damaged on the printed page itself, reading (1) ( ( ( ( (verified on a 200 DPI render); rows read by column position and reconciled"
Gujarat,2025-26,All,schools_with_smart_classroom,37324,count,UDISE_2025-2026.pdf,165,Schools having functional Smart Classrooms used for teaching with Digital Boards/ Smart Boards/ Virtual Classrooms/ Smart TV availability,"Table x.6 col (7), All management; column-number band is damaged on the printed page itself, reading (1) ( ( ( ( (verified on a 200 DPI render); rows read by column position and reconciled"
Gujarat,2025-26,All,schools_with_smart_classroom,69.9,percent,UDISE_2025-2026.pdf,165,Percentage of Schools having functional Smart Classrooms used for teaching with Digital Boards/ Smart Boards/ Virtual Classrooms/ Smart TV availability,"Table x.6 col (12), All management; column-number band is damaged on the printed page itself, reading (1) ( ( ( ( (verified on a 200 DPI render); rows read by column position and reconciled"
Haryana,2025-26,All,schools_with_smart_classroom,12588,count,UDISE_2025-2026.pdf,165,Schools having functional Smart Classrooms used for teaching with Digital Boards/ Smart Boards/ Virtual Classrooms/ Smart TV availability,"Table x.6 col (7), All management; column-number band is damaged on the printed page itself, reading (1) ( ( ( ( (verified on a 200 DPI render); rows read by column position and reconciled"
Haryana,2025-26,All,schools_with_smart_classroom,53.6,percent,UDISE_2025-2026.pdf,165,Percentage of Schools having functional Smart Classrooms used for teaching with Digital Boards/ Smart Boards/ Virtual Classrooms/ Smart TV availability,"Table x.6 col (12), All management; column-number band is damaged on the printed page itself, reading (1) ( ( ( ( (verified on a 200 DPI render); rows read by column position and reconciled"
Himachal Pradesh,2025-26,All,schools_with_smart_classroom,9823,count,UDISE_2025-2026.pdf,165,Schools having functional Smart Classrooms used for teaching with Digital Boards/ Smart Boards/ Virtual Classrooms/ Smart TV availability,"Table x.6 col (7), All management; column-number band is damaged on the printed page itself, reading (1) ( ( ( ( (verified on a 200 DPI render); rows read by column position and reconciled"
Himachal Pradesh,2025-26,All,schools_with_smart_classroom,57.6,percent,UDISE_2025-2026.pdf,165,Percentage of Schools having functional Smart Classrooms used for teaching with Digital Boards/ Smart Boards/ Virtual Classrooms/ Smart TV availability,"Table x.6 col (12), All management; column-number band is damaged on the printed page itself, reading (1) ( ( ( ( (verified on a 200 DPI render); rows read by column position and reconciled"
Jammu & Kashmir,2025-26,All,schools_with_smart_classroom,4554,count,UDISE_2025-2026.pdf,165,Schools having functional Smart Classrooms used for teaching with Digital Boards/ Smart Boards/ Virtual Classrooms/ Smart TV availability,"Table x.6 col (7), All management; column-number band is damaged on the printed page itself, reading (1) ( ( ( ( (verified on a 200 DPI render); rows read by column position and reconciled"
Jammu & Kashmir,2025-26,All,schools_with_smart_classroom,18.8,percent,UDISE_2025-2026.pdf,165,Percentage of Schools having functional Smart Classrooms used for teaching with Digital Boards/ Smart Boards/ Virtual Classrooms/ Smart TV availability,"Table x.6 col (12), All management; column-number band is damaged on the printed page itself, reading (1) ( ( ( ( (verified on a 200 DPI render); rows read by column position and reconciled"
Jharkhand,2025-26,All,schools_with_smart_classroom,7777,count,UDISE_2025-2026.pdf,165,Schools having functional Smart Classrooms used for teaching with Digital Boards/ Smart Boards/ Virtual Classrooms/ Smart TV availability,"Table x.6 col (7), All management; column-number band is damaged on the printed page itself, reading (1) ( ( ( ( (verified on a 200 DPI render); rows read by column position and reconciled"
Jharkhand,2025-26,All,schools_with_smart_classroom,17.5,percent,UDISE_2025-2026.pdf,165,Percentage of Schools having functional Smart Classrooms used for teaching with Digital Boards/ Smart Boards/ Virtual Classrooms/ Smart TV availability,"Table x.6 col (12), All management; column-number band is damaged on the printed page itself, reading (1) ( ( ( ( (verified on a 200 DPI render); rows read by column position and reconciled"
Karnataka,2025-26,All,schools_with_smart_classroom,21692,count,UDISE_2025-2026.pdf,165,Schools having functional Smart Classrooms used for teaching with Digital Boards/ Smart Boards/ Virtual Classrooms/ Smart TV availability,"Table x.6 col (7), All management; column-number band is damaged on the printed page itself, reading (1) ( ( ( ( (verified on a 200 DPI render); rows read by column position and reconciled"
Karnataka,2025-26,All,schools_with_smart_classroom,29.1,percent,UDISE_2025-2026.pdf,165,Percentage of Schools having functional Smart Classrooms used for teaching with Digital Boards/ Smart Boards/ Virtual Classrooms/ Smart TV availability,"Table x.6 col (12), All management; column-number band is damaged on the printed page itself, reading (1) ( ( ( ( (verified on a 200 DPI render); rows read by column position and reconciled"
Kerala,2025-26,All,schools_with_smart_classroom,9945,count,UDISE_2025-2026.pdf,165,Schools having functional Smart Classrooms used for teaching with Digital Boards/ Smart Boards/ Virtual Classrooms/ Smart TV availability,"Table x.6 col (7), All management; column-number band is damaged on the printed page itself, reading (1) ( ( ( ( (verified on a 200 DPI render); rows read by column position and reconciled"
Kerala,2025-26,All,schools_with_smart_classroom,63.1,percent,UDISE_2025-2026.pdf,165,Percentage of Schools having functional Smart Classrooms used for teaching with Digital Boards/ Smart Boards/ Virtual Classrooms/ Smart TV availability,"Table x.6 col (12), All management; column-number band is damaged on the printed page itself, reading (1) ( ( ( ( (verified on a 200 DPI render); rows read by column position and reconciled"
Ladakh,2025-26,All,schools_with_smart_classroom,425,count,UDISE_2025-2026.pdf,165,Schools having functional Smart Classrooms used for teaching with Digital Boards/ Smart Boards/ Virtual Classrooms/ Smart TV availability,"Table x.6 col (7), All management; column-number band is damaged on the printed page itself, reading (1) ( ( ( ( (verified on a 200 DPI render); rows read by column position and reconciled"
Ladakh,2025-26,All,schools_with_smart_classroom,48.1,percent,UDISE_2025-2026.pdf,165,Percentage of Schools having functional Smart Classrooms used for teaching with Digital Boards/ Smart Boards/ Virtual Classrooms/ Smart TV availability,"Table x.6 col (12), All management; column-number band is damaged on the printed page itself, reading (1) ( ( ( ( (verified on a 200 DPI render); rows read by column position and reconciled"
Lakshadweep,2025-26,All,schools_with_smart_classroom,33,count,UDISE_2025-2026.pdf,165,Schools having functional Smart Classrooms used for teaching with Digital Boards/ Smart Boards/ Virtual Classrooms/ Smart TV availability,"Table x.6 col (7), All management; column-number band is damaged on the printed page itself, reading (1) ( ( ( ( (verified on a 200 DPI render); rows read by column position and reconciled"
Lakshadweep,2025-26,All,schools_with_smart_classroom,97.1,percent,UDISE_2025-2026.pdf,165,Percentage of Schools having functional Smart Classrooms used for teaching with Digital Boards/ Smart Boards/ Virtual Classrooms/ Smart TV availability,"Table x.6 col (12), All management; column-number band is damaged on the printed page itself, reading (1) ( ( ( ( (verified on a 200 DPI render); rows read by column position and reconciled"
Madhya Pradesh,2025-26,All,schools_with_smart_classroom,25370,count,UDISE_2025-2026.pdf,165,Schools having functional Smart Classrooms used for teaching with Digital Boards/ Smart Boards/ Virtual Classrooms/ Smart TV availability,"Table x.6 col (7), All management; column-number band is damaged on the printed page itself, reading (1) ( ( ( ( (verified on a 200 DPI render); rows read by column position and reconciled"
Madhya Pradesh,2025-26,All,schools_with_smart_classroom,21.2,percent,UDISE_2025-2026.pdf,165,Percentage of Schools having functional Smart Classrooms used for teaching with Digital Boards/ Smart Boards/ Virtual Classrooms/ Smart TV availability,"Table x.6 col (12), All management; column-number band is damaged on the printed page itself, reading (1) ( ( ( ( (verified on a 200 DPI render); rows read by column position and reconciled"
Maharashtra,2025-26,All,schools_with_smart_classroom,73592,count,UDISE_2025-2026.pdf,165,Schools having functional Smart Classrooms used for teaching with Digital Boards/ Smart Boards/ Virtual Classrooms/ Smart TV availability,"Table x.6 col (7), All management; column-number band is damaged on the printed page itself, reading (1) ( ( ( ( (verified on a 200 DPI render); rows read by column position and reconciled"
Maharashtra,2025-26,All,schools_with_smart_classroom,68.1,percent,UDISE_2025-2026.pdf,165,Percentage of Schools having functional Smart Classrooms used for teaching with Digital Boards/ Smart Boards/ Virtual Classrooms/ Smart TV availability,"Table x.6 col (12), All management; column-number band is damaged on the printed page itself, reading (1) ( ( ( ( (verified on a 200 DPI render); rows read by column position and reconciled"
Manipur,2025-26,All,schools_with_smart_classroom,930,count,UDISE_2025-2026.pdf,165,Schools having functional Smart Classrooms used for teaching with Digital Boards/ Smart Boards/ Virtual Classrooms/ Smart TV availability,"Table x.6 col (7), All management; column-number band is damaged on the printed page itself, reading (1) ( ( ( ( (verified on a 200 DPI render); rows read by column position and reconciled"
Manipur,2025-26,All,schools_with_smart_classroom,19.9,percent,UDISE_2025-2026.pdf,165,Percentage of Schools having functional Smart Classrooms used for teaching with Digital Boards/ Smart Boards/ Virtual Classrooms/ Smart TV availability,"Table x.6 col (12), All management; column-number band is damaged on the printed page itself, reading (1) ( ( ( ( (verified on a 200 DPI render); rows read by column position and reconciled"
Meghalaya,2025-26,All,schools_with_smart_classroom,660,count,UDISE_2025-2026.pdf,165,Schools having functional Smart Classrooms used for teaching with Digital Boards/ Smart Boards/ Virtual Classrooms/ Smart TV availability,"Table x.6 col (7), All management; column-number band is damaged on the printed page itself, reading (1) ( ( ( ( (verified on a 200 DPI render); rows read by column position and reconciled"
Meghalaya,2025-26,All,schools_with_smart_classroom,5.8,percent,UDISE_2025-2026.pdf,165,Percentage of Schools having functional Smart Classrooms used for teaching with Digital Boards/ Smart Boards/ Virtual Classrooms/ Smart TV availability,"Table x.6 col (12), All management; column-number band is damaged on the printed page itself, reading (1) ( ( ( ( (verified on a 200 DPI render); rows read by column position and reconciled"
Mizoram,2025-26,All,schools_with_smart_classroom,538,count,UDISE_2025-2026.pdf,165,Schools having functional Smart Classrooms used for teaching with Digital Boards/ Smart Boards/ Virtual Classrooms/ Smart TV availability,"Table x.6 col (7), All management; column-number band is damaged on the printed page itself, reading (1) ( ( ( ( (verified on a 200 DPI render); rows read by column position and reconciled"
Mizoram,2025-26,All,schools_with_smart_classroom,13.6,percent,UDISE_2025-2026.pdf,165,Percentage of Schools having functional Smart Classrooms used for teaching with Digital Boards/ Smart Boards/ Virtual Classrooms/ Smart TV availability,"Table x.6 col (12), All management; column-number band is damaged on the printed page itself, reading (1) ( ( ( ( (verified on a 200 DPI render); rows read by column position and reconciled"
Nagaland,2025-26,All,schools_with_smart_classroom,938,count,UDISE_2025-2026.pdf,165,Schools having functional Smart Classrooms used for teaching with Digital Boards/ Smart Boards/ Virtual Classrooms/ Smart TV availability,"Table x.6 col (7), All management; column-number band is damaged on the printed page itself, reading (1) ( ( ( ( (verified on a 200 DPI render); rows read by column position and reconciled"
Nagaland,2025-26,All,schools_with_smart_classroom,34.5,percent,UDISE_2025-2026.pdf,165,Percentage of Schools having functional Smart Classrooms used for teaching with Digital Boards/ Smart Boards/ Virtual Classrooms/ Smart TV availability,"Table x.6 col (12), All management; column-number band is damaged on the printed page itself, reading (1) ( ( ( ( (verified on a 200 DPI render); rows read by column position and reconciled"
Odisha,2025-26,All,schools_with_smart_classroom,22269,count,UDISE_2025-2026.pdf,165,Schools having functional Smart Classrooms used for teaching with Digital Boards/ Smart Boards/ Virtual Classrooms/ Smart TV availability,"Table x.6 col (7), All management; column-number band is damaged on the printed page itself, reading (1) ( ( ( ( (verified on a 200 DPI render); rows read by column position and reconciled"
Odisha,2025-26,All,schools_with_smart_classroom,36.2,percent,UDISE_2025-2026.pdf,165,Percentage of Schools having functional Smart Classrooms used for teaching with Digital Boards/ Smart Boards/ Virtual Classrooms/ Smart TV availability,"Table x.6 col (12), All management; column-number band is damaged on the printed page itself, reading (1) ( ( ( ( (verified on a 200 DPI render); rows read by column position and reconciled"
Puducherry,2025-26,All,schools_with_smart_classroom,581,count,UDISE_2025-2026.pdf,165,Schools having functional Smart Classrooms used for teaching with Digital Boards/ Smart Boards/ Virtual Classrooms/ Smart TV availability,"Table x.6 col (7), All management; column-number band is damaged on the printed page itself, reading (1) ( ( ( ( (verified on a 200 DPI render); rows read by column position and reconciled"
Puducherry,2025-26,All,schools_with_smart_classroom,75.5,percent,UDISE_2025-2026.pdf,165,Percentage of Schools having functional Smart Classrooms used for teaching with Digital Boards/ Smart Boards/ Virtual Classrooms/ Smart TV availability,"Table x.6 col (12), All management; column-number band is damaged on the printed page itself, reading (1) ( ( ( ( (verified on a 200 DPI render); rows read by column position and reconciled"
Punjab,2025-26,All,schools_with_smart_classroom,22191,count,UDISE_2025-2026.pdf,165,Schools having functional Smart Classrooms used for teaching with Digital Boards/ Smart Boards/ Virtual Classrooms/ Smart TV availability,"Table x.6 col (7), All management; column-number band is damaged on the printed page itself, reading (1) ( ( ( ( (verified on a 200 DPI render); rows read by column position and reconciled"
Punjab,2025-26,All,schools_with_smart_classroom,81.5,percent,UDISE_2025-2026.pdf,165,Percentage of Schools having functional Smart Classrooms used for teaching with Digital Boards/ Smart Boards/ Virtual Classrooms/ Smart TV availability,"Table x.6 col (12), All management; column-number band is damaged on the printed page itself, reading (1) ( ( ( ( (verified on a 200 DPI render); rows read by column position and reconciled"
Rajasthan,2025-26,All,schools_with_smart_classroom,28452,count,UDISE_2025-2026.pdf,165,Schools having functional Smart Classrooms used for teaching with Digital Boards/ Smart Boards/ Virtual Classrooms/ Smart TV availability,"Table x.6 col (7), All management; column-number band is damaged on the printed page itself, reading (1) ( ( ( ( (verified on a 200 DPI render); rows read by column position and reconciled"
Rajasthan,2025-26,All,schools_with_smart_classroom,26.7,percent,UDISE_2025-2026.pdf,165,Percentage of Schools having functional Smart Classrooms used for teaching with Digital Boards/ Smart Boards/ Virtual Classrooms/ Smart TV availability,"Table x.6 col (12), All management; column-number band is damaged on the printed page itself, reading (1) ( ( ( ( (verified on a 200 DPI render); rows read by column position and reconciled"
Sikkim,2025-26,All,schools_with_smart_classroom,736,count,UDISE_2025-2026.pdf,165,Schools having functional Smart Classrooms used for teaching with Digital Boards/ Smart Boards/ Virtual Classrooms/ Smart TV availability,"Table x.6 col (7), All management; column-number band is damaged on the printed page itself, reading (1) ( ( ( ( (verified on a 200 DPI render); rows read by column position and reconciled"
Sikkim,2025-26,All,schools_with_smart_classroom,60.7,percent,UDISE_2025-2026.pdf,165,Percentage of Schools having functional Smart Classrooms used for teaching with Digital Boards/ Smart Boards/ Virtual Classrooms/ Smart TV availability,"Table x.6 col (12), All management; column-number band is damaged on the printed page itself, reading (1) ( ( ( ( (verified on a 200 DPI render); rows read by column position and reconciled"
Tamil Nadu,2025-26,All,schools_with_smart_classroom,41560,count,UDISE_2025-2026.pdf,165,Schools having functional Smart Classrooms used for teaching with Digital Boards/ Smart Boards/ Virtual Classrooms/ Smart TV availability,"Table x.6 col (7), All management; column-number band is damaged on the printed page itself, reading (1) ( ( ( ( (verified on a 200 DPI render); rows read by column position and reconciled"
Tamil Nadu,2025-26,All,schools_with_smart_classroom,72.2,percent,UDISE_2025-2026.pdf,165,Percentage of Schools having functional Smart Classrooms used for teaching with Digital Boards/ Smart Boards/ Virtual Classrooms/ Smart TV availability,"Table x.6 col (12), All management; column-number band is damaged on the printed page itself, reading (1) ( ( ( ( (verified on a 200 DPI render); rows read by column position and reconciled"
Telangana,2025-26,All,schools_with_smart_classroom,17698,count,UDISE_2025-2026.pdf,165,Schools having functional Smart Classrooms used for teaching with Digital Boards/ Smart Boards/ Virtual Classrooms/ Smart TV availability,"Table x.6 col (7), All management; column-number band is damaged on the printed page itself, reading (1) ( ( ( ( (verified on a 200 DPI render); rows read by column position and reconciled"
Telangana,2025-26,All,schools_with_smart_classroom,42.4,percent,UDISE_2025-2026.pdf,165,Percentage of Schools having functional Smart Classrooms used for teaching with Digital Boards/ Smart Boards/ Virtual Classrooms/ Smart TV availability,"Table x.6 col (12), All management; column-number band is damaged on the printed page itself, reading (1) ( ( ( ( (verified on a 200 DPI render); rows read by column position and reconciled"
Tripura,2025-26,All,schools_with_smart_classroom,1204,count,UDISE_2025-2026.pdf,165,Schools having functional Smart Classrooms used for teaching with Digital Boards/ Smart Boards/ Virtual Classrooms/ Smart TV availability,"Table x.6 col (7), All management; column-number band is damaged on the printed page itself, reading (1) ( ( ( ( (verified on a 200 DPI render); rows read by column position and reconciled"
Tripura,2025-26,All,schools_with_smart_classroom,24.3,percent,UDISE_2025-2026.pdf,165,Percentage of Schools having functional Smart Classrooms used for teaching with Digital Boards/ Smart Boards/ Virtual Classrooms/ Smart TV availability,"Table x.6 col (12), All management; column-number band is damaged on the printed page itself, reading (1) ( ( ( ( (verified on a 200 DPI render); rows read by column position and reconciled"
Uttar Pradesh,2025-26,All,schools_with_smart_classroom,63208,count,UDISE_2025-2026.pdf,165,Schools having functional Smart Classrooms used for teaching with Digital Boards/ Smart Boards/ Virtual Classrooms/ Smart TV availability,"Table x.6 col (7), All management; column-number band is damaged on the printed page itself, reading (1) ( ( ( ( (verified on a 200 DPI render); rows read by column position and reconciled"
Uttar Pradesh,2025-26,All,schools_with_smart_classroom,23.8,percent,UDISE_2025-2026.pdf,165,Percentage of Schools having functional Smart Classrooms used for teaching with Digital Boards/ Smart Boards/ Virtual Classrooms/ Smart TV availability,"Table x.6 col (12), All management; column-number band is damaged on the printed page itself, reading (1) ( ( ( ( (verified on a 200 DPI render); rows read by column position and reconciled"
Uttarakhand,2025-26,All,schools_with_smart_classroom,8248,count,UDISE_2025-2026.pdf,165,Schools having functional Smart Classrooms used for teaching with Digital Boards/ Smart Boards/ Virtual Classrooms/ Smart TV availability,"Table x.6 col (7), All management; column-number band is damaged on the printed page itself, reading (1) ( ( ( ( (verified on a 200 DPI render); rows read by column position and reconciled"
Uttarakhand,2025-26,All,schools_with_smart_classroom,36.8,percent,UDISE_2025-2026.pdf,165,Percentage of Schools having functional Smart Classrooms used for teaching with Digital Boards/ Smart Boards/ Virtual Classrooms/ Smart TV availability,"Table x.6 col (12), All management; column-number band is damaged on the printed page itself, reading (1) ( ( ( ( (verified on a 200 DPI render); rows read by column position and reconciled"
West Bengal,2025-26,All,schools_with_smart_classroom,4715,count,UDISE_2025-2026.pdf,165,Schools having functional Smart Classrooms used for teaching with Digital Boards/ Smart Boards/ Virtual Classrooms/ Smart TV availability,"Table x.6 col (7), All management; column-number band is damaged on the printed page itself, reading (1) ( ( ( ( (verified on a 200 DPI render); rows read by column position and reconciled"
West Bengal,2025-26,All,schools_with_smart_classroom,5.1,percent,UDISE_2025-2026.pdf,165,Percentage of Schools having functional Smart Classrooms used for teaching with Digital Boards/ Smart Boards/ Virtual Classrooms/ Smart TV availability,"Table x.6 col (12), All management; column-number band is damaged on the printed page itself, reading (1) ( ( ( ( (verified on a 200 DPI render); rows read by column position and reconciled"
India,2025-26,All,schools_with_digital_library,104765,count,UDISE_2025-2026.pdf,167,Schools having Digital Library availability,"Table x.8 col (7), All management"
India,2025-26,All,schools_with_digital_library,7.1,percent,UDISE_2025-2026.pdf,167,Percentage of Schools having Digital Library availability,"Table x.8 col (12), All management"
Andaman & Nicobar Islands,2025-26,All,schools_with_digital_library,13,count,UDISE_2025-2026.pdf,167,Schools having Digital Library availability,"Table x.8 col (7), All management"
Andaman & Nicobar Islands,2025-26,All,schools_with_digital_library,3.2,percent,UDISE_2025-2026.pdf,167,Percentage of Schools having Digital Library availability,"Table x.8 col (12), All management"
Andhra Pradesh,2025-26,All,schools_with_digital_library,7364,count,UDISE_2025-2026.pdf,167,Schools having Digital Library availability,"Table x.8 col (7), All management"
Andhra Pradesh,2025-26,All,schools_with_digital_library,12.1,percent,UDISE_2025-2026.pdf,167,Percentage of Schools having Digital Library availability,"Table x.8 col (12), All management"
Arunachal Pradesh,2025-26,All,schools_with_digital_library,51,count,UDISE_2025-2026.pdf,167,Schools having Digital Library availability,"Table x.8 col (7), All management"
Arunachal Pradesh,2025-26,All,schools_with_digital_library,1.6,percent,UDISE_2025-2026.pdf,167,Percentage of Schools having Digital Library availability,"Table x.8 col (12), All management"
Assam,2025-26,All,schools_with_digital_library,2086,count,UDISE_2025-2026.pdf,167,Schools having Digital Library availability,"Table x.8 col (7), All management"
Assam,2025-26,All,schools_with_digital_library,3.8,percent,UDISE_2025-2026.pdf,167,Percentage of Schools having Digital Library availability,"Table x.8 col (12), All management"
Bihar,2025-26,All,schools_with_digital_library,3437,count,UDISE_2025-2026.pdf,167,Schools having Digital Library availability,"Table x.8 col (7), All management"
Bihar,2025-26,All,schools_with_digital_library,3.6,percent,UDISE_2025-2026.pdf,167,Percentage of Schools having Digital Library availability,"Table x.8 col (12), All management"
Chandigarh,2025-26,All,schools_with_digital_library,27,count,UDISE_2025-2026.pdf,167,Schools having Digital Library availability,"Table x.8 col (7), All management"
Chandigarh,2025-26,All,schools_with_digital_library,13,percent,UDISE_2025-2026.pdf,167,Percentage of Schools having Digital Library availability,"Table x.8 col (12), All management"
Chhattisgarh,2025-26,All,schools_with_digital_library,1312,count,UDISE_2025-2026.pdf,167,Schools having Digital Library availability,"Table x.8 col (7), All management"
Chhattisgarh,2025-26,All,schools_with_digital_library,2.3,percent,UDISE_2025-2026.pdf,167,Percentage of Schools having Digital Library availability,"Table x.8 col (12), All management"
Dadra & Nagar Haveli and Daman & Diu,2025-26,All,schools_with_digital_library,29,count,UDISE_2025-2026.pdf,167,Schools having Digital Library availability,"Table x.8 col (7), All management"
Dadra & Nagar Haveli and Daman & Diu,2025-26,All,schools_with_digital_library,6.8,percent,UDISE_2025-2026.pdf,167,Percentage of Schools having Digital Library availability,"Table x.8 col (12), All management"
Delhi,2025-26,All,schools_with_digital_library,466,count,UDISE_2025-2026.pdf,167,Schools having Digital Library availability,"Table x.8 col (7), All management"
Delhi,2025-26,All,schools_with_digital_library,8.3,percent,UDISE_2025-2026.pdf,167,Percentage of Schools having Digital Library availability,"Table x.8 col (12), All management"
Goa,2025-26,All,schools_with_digital_library,42,count,UDISE_2025-2026.pdf,167,Schools having Digital Library availability,"Table x.8 col (7), All management"
Goa,2025-26,All,schools_with_digital_library,2.9,percent,UDISE_2025-2026.pdf,167,Percentage of Schools having Digital Library availability,"Table x.8 col (12), All management"
Gujarat,2025-26,All,schools_with_digital_library,1380,count,UDISE_2025-2026.pdf,167,Schools having Digital Library availability,"Table x.8 col (7), All management"
Gujarat,2025-26,All,schools_with_digital_library,2.6,percent,UDISE_2025-2026.pdf,167,Percentage of Schools having Digital Library availability,"Table x.8 col (12), All management"
Haryana,2025-26,All,schools_with_digital_library,697,count,UDISE_2025-2026.pdf,167,Schools having Digital Library availability,"Table x.8 col (7), All management"
Haryana,2025-26,All,schools_with_digital_library,3,percent,UDISE_2025-2026.pdf,167,Percentage of Schools having Digital Library availability,"Table x.8 col (12), All management"
Himachal Pradesh,2025-26,All,schools_with_digital_library,427,count,UDISE_2025-2026.pdf,167,Schools having Digital Library availability,"Table x.8 col (7), All management"
Himachal Pradesh,2025-26,All,schools_with_digital_library,2.5,percent,UDISE_2025-2026.pdf,167,Percentage of Schools having Digital Library availability,"Table x.8 col (12), All management"
Jammu & Kashmir,2025-26,All,schools_with_digital_library,392,count,UDISE_2025-2026.pdf,167,Schools having Digital Library availability,"Table x.8 col (7), All management"
Jammu & Kashmir,2025-26,All,schools_with_digital_library,1.6,percent,UDISE_2025-2026.pdf,167,Percentage of Schools having Digital Library availability,"Table x.8 col (12), All management"
Jharkhand,2025-26,All,schools_with_digital_library,917,count,UDISE_2025-2026.pdf,167,Schools having Digital Library availability,"Table x.8 col (7), All management"
Jharkhand,2025-26,All,schools_with_digital_library,2.1,percent,UDISE_2025-2026.pdf,167,Percentage of Schools having Digital Library availability,"Table x.8 col (12), All management"
Karnataka,2025-26,All,schools_with_digital_library,3047,count,UDISE_2025-2026.pdf,167,Schools having Digital Library availability,"Table x.8 col (7), All management"
Karnataka,2025-26,All,schools_with_digital_library,4.1,percent,UDISE_2025-2026.pdf,167,Percentage of Schools having Digital Library availability,"Table x.8 col (12), All management"
Kerala,2025-26,All,schools_with_digital_library,2837,count,UDISE_2025-2026.pdf,167,Schools having Digital Library availability,"Table x.8 col (7), All management"
Kerala,2025-26,All,schools_with_digital_library,18,percent,UDISE_2025-2026.pdf,167,Percentage of Schools having Digital Library availability,"Table x.8 col (12), All management"
Ladakh,2025-26,All,schools_with_digital_library,44,count,UDISE_2025-2026.pdf,167,Schools having Digital Library availability,"Table x.8 col (7), All management"
Ladakh,2025-26,All,schools_with_digital_library,5,percent,UDISE_2025-2026.pdf,167,Percentage of Schools having Digital Library availability,"Table x.8 col (12), All management"
Lakshadweep,2025-26,All,schools_with_digital_library,13,count,UDISE_2025-2026.pdf,167,Schools having Digital Library availability,"Table x.8 col (7), All management"
Lakshadweep,2025-26,All,schools_with_digital_library,38.2,percent,UDISE_2025-2026.pdf,167,Percentage of Schools having Digital Library availability,"Table x.8 col (12), All management"
Madhya Pradesh,2025-26,All,schools_with_digital_library,2920,count,UDISE_2025-2026.pdf,167,Schools having Digital Library availability,"Table x.8 col (7), All management"
Madhya Pradesh,2025-26,All,schools_with_digital_library,2.4,percent,UDISE_2025-2026.pdf,167,Percentage of Schools having Digital Library availability,"Table x.8 col (12), All management"
Maharashtra,2025-26,All,schools_with_digital_library,13550,count,UDISE_2025-2026.pdf,167,Schools having Digital Library availability,"Table x.8 col (7), All management"
Maharashtra,2025-26,All,schools_with_digital_library,12.5,percent,UDISE_2025-2026.pdf,167,Percentage of Schools having Digital Library availability,"Table x.8 col (12), All management"
Manipur,2025-26,All,schools_with_digital_library,71,count,UDISE_2025-2026.pdf,167,Schools having Digital Library availability,"Table x.8 col (7), All management"
Manipur,2025-26,All,schools_with_digital_library,1.5,percent,UDISE_2025-2026.pdf,167,Percentage of Schools having Digital Library availability,"Table x.8 col (12), All management"
Meghalaya,2025-26,All,schools_with_digital_library,78,count,UDISE_2025-2026.pdf,167,Schools having Digital Library availability,"Table x.8 col (7), All management"
Meghalaya,2025-26,All,schools_with_digital_library,0.7,percent,UDISE_2025-2026.pdf,167,Percentage of Schools having Digital Library availability,"Table x.8 col (12), All management"
Mizoram,2025-26,All,schools_with_digital_library,8,count,UDISE_2025-2026.pdf,167,Schools having Digital Library availability,"Table x.8 col (7), All management"
Mizoram,2025-26,All,schools_with_digital_library,0.2,percent,UDISE_2025-2026.pdf,167,Percentage of Schools having Digital Library availability,"Table x.8 col (12), All management"
Nagaland,2025-26,All,schools_with_digital_library,36,count,UDISE_2025-2026.pdf,167,Schools having Digital Library availability,"Table x.8 col (7), All management"
Nagaland,2025-26,All,schools_with_digital_library,1.3,percent,UDISE_2025-2026.pdf,167,Percentage of Schools having Digital Library availability,"Table x.8 col (12), All management"
Odisha,2025-26,All,schools_with_digital_library,9509,count,UDISE_2025-2026.pdf,167,Schools having Digital Library availability,"Table x.8 col (7), All management"
Odisha,2025-26,All,schools_with_digital_library,15.4,percent,UDISE_2025-2026.pdf,167,Percentage of Schools having Digital Library availability,"Table x.8 col (12), All management"
Puducherry,2025-26,All,schools_with_digital_library,66,count,UDISE_2025-2026.pdf,167,Schools having Digital Library availability,"Table x.8 col (7), All management"
Puducherry,2025-26,All,schools_with_digital_library,8.6,percent,UDISE_2025-2026.pdf,167,Percentage of Schools having Digital Library availability,"Table x.8 col (12), All management"
Punjab,2025-26,All,schools_with_digital_library,1452,count,UDISE_2025-2026.pdf,167,Schools having Digital Library availability,"Table x.8 col (7), All management"
Punjab,2025-26,All,schools_with_digital_library,5.3,percent,UDISE_2025-2026.pdf,167,Percentage of Schools having Digital Library availability,"Table x.8 col (12), All management"
Rajasthan,2025-26,All,schools_with_digital_library,2207,count,UDISE_2025-2026.pdf,167,Schools having Digital Library availability,"Table x.8 col (7), All management"
Rajasthan,2025-26,All,schools_with_digital_library,2.1,percent,UDISE_2025-2026.pdf,167,Percentage of Schools having Digital Library availability,"Table x.8 col (12), All management"
Sikkim,2025-26,All,schools_with_digital_library,86,count,UDISE_2025-2026.pdf,167,Schools having Digital Library availability,"Table x.8 col (7), All management"
Sikkim,2025-26,All,schools_with_digital_library,7.1,percent,UDISE_2025-2026.pdf,167,Percentage of Schools having Digital Library availability,"Table x.8 col (12), All management"
Tamil Nadu,2025-26,All,schools_with_digital_library,4739,count,UDISE_2025-2026.pdf,167,Schools having Digital Library availability,"Table x.8 col (7), All management"
Tamil Nadu,2025-26,All,schools_with_digital_library,8.2,percent,UDISE_2025-2026.pdf,167,Percentage of Schools having Digital Library availability,"Table x.8 col (12), All management"
Telangana,2025-26,All,schools_with_digital_library,38578,count,UDISE_2025-2026.pdf,167,Schools having Digital Library availability,"Table x.8 col (7), All management"
Telangana,2025-26,All,schools_with_digital_library,92.4,percent,UDISE_2025-2026.pdf,167,Percentage of Schools having Digital Library availability,"Table x.8 col (12), All management"
Tripura,2025-26,All,schools_with_digital_library,146,count,UDISE_2025-2026.pdf,167,Schools having Digital Library availability,"Table x.8 col (7), All management"
Tripura,2025-26,All,schools_with_digital_library,2.9,percent,UDISE_2025-2026.pdf,167,Percentage of Schools having Digital Library availability,"Table x.8 col (12), All management"
Uttar Pradesh,2025-26,All,schools_with_digital_library,5864,count,UDISE_2025-2026.pdf,167,Schools having Digital Library availability,"Table x.8 col (7), All management"
Uttar Pradesh,2025-26,All,schools_with_digital_library,2.2,percent,UDISE_2025-2026.pdf,167,Percentage of Schools having Digital Library availability,"Table x.8 col (12), All management"
Uttarakhand,2025-26,All,schools_with_digital_library,471,count,UDISE_2025-2026.pdf,167,Schools having Digital Library availability,"Table x.8 col (7), All management"
Uttarakhand,2025-26,All,schools_with_digital_library,2.1,percent,UDISE_2025-2026.pdf,167,Percentage of Schools having Digital Library availability,"Table x.8 col (12), All management"
West Bengal,2025-26,All,schools_with_digital_library,403,count,UDISE_2025-2026.pdf,167,Schools having Digital Library availability,"Table x.8 col (7), All management"
West Bengal,2025-26,All,schools_with_digital_library,0.4,percent,UDISE_2025-2026.pdf,167,Percentage of Schools having Digital Library availability,"Table x.8 col (12), All management"
India,2025-26,"Upper Primary, Secondary and Higher Secondary",govt_schools_total,393179,count,UDISE_2025-2026.pdf,168,"Number of Government Schools with Upper Primary, Secondary and Higher Secondary sections having: Total",Table x.9 col (2)
India,2025-26,"Upper Primary, Secondary and Higher Secondary",govt_schools_with_ict_lab,103310,count,UDISE_2025-2026.pdf,168,"Number of Government Schools with Upper Primary, Secondary and Higher Secondary sections having: ICT labs",Table x.9 col (3)
India,2025-26,"Upper Primary, Secondary and Higher Secondary",govt_schools_with_functional_ict_lab,90413,count,UDISE_2025-2026.pdf,168,"Number of Government Schools with Upper Primary, Secondary and Higher Secondary sections having: Functional ICT Labs",Table x.9 col (4)
India,2025-26,"Upper Primary, Secondary and Higher Secondary",govt_aided_schools_total,63163,count,UDISE_2025-2026.pdf,168,"Number of Government Aided Schools with Upper Primary, Secondary and Higher Secondary sections having: Total",Table x.9 col (5)
India,2025-26,"Upper Primary, Secondary and Higher Secondary",govt_aided_schools_with_ict_lab,15886,count,UDISE_2025-2026.pdf,168,"Number of Government Aided Schools with Upper Primary, Secondary and Higher Secondary sections having: ICT labs",Table x.9 col (6)
India,2025-26,"Upper Primary, Secondary and Higher Secondary",govt_aided_schools_with_functional_ict_lab,13091,count,UDISE_2025-2026.pdf,168,"Number of Government Aided Schools with Upper Primary, Secondary and Higher Secondary sections having: Functional ICT Labs",Table x.9 col (7)
India,2025-26,"Upper Primary, Secondary and Higher Secondary",govt_schools_with_ict_lab,26.3,percent,UDISE_2025-2026.pdf,168,"Percentage of Government Schools with Upper Primary, Secondary and Higher Secondary sections having: ICT labs",Table x.9 col (8)
India,2025-26,"Upper Primary, Secondary and Higher Secondary",govt_schools_with_functional_ict_lab,23,percent,UDISE_2025-2026.pdf,168,"Percentage of Government Schools with Upper Primary, Secondary and Higher Secondary sections having: Functional ICT Labs",Table x.9 col (9)
India,2025-26,"Upper Primary, Secondary and Higher Secondary",govt_aided_schools_with_ict_lab,25.2,percent,UDISE_2025-2026.pdf,168,"Percentage of Government Aided Schools with Upper Primary, Secondary and Higher Secondary sections having: ICT labs",Table x.9 col (10)
India,2025-26,"Upper Primary, Secondary and Higher Secondary",govt_aided_schools_with_functional_ict_lab,20.7,percent,UDISE_2025-2026.pdf,168,"Percentage of Government Aided Schools with Upper Primary, Secondary and Higher Secondary sections having: Functional ICT Labs",Table x.9 col (11)
Andaman & Nicobar Islands,2025-26,"Upper Primary, Secondary and Higher Secondary",govt_schools_total,161,count,UDISE_2025-2026.pdf,168,"Number of Government Schools with Upper Primary, Secondary and Higher Secondary sections having: Total",Table x.9 col (2)
Andaman & Nicobar Islands,2025-26,"Upper Primary, Secondary and Higher Secondary",govt_schools_with_ict_lab,138,count,UDISE_2025-2026.pdf,168,"Number of Government Schools with Upper Primary, Secondary and Higher Secondary sections having: ICT labs",Table x.9 col (3)
Andaman & Nicobar Islands,2025-26,"Upper Primary, Secondary and Higher Secondary",govt_schools_with_functional_ict_lab,136,count,UDISE_2025-2026.pdf,168,"Number of Government Schools with Upper Primary, Secondary and Higher Secondary sections having: Functional ICT Labs",Table x.9 col (4)
Andaman & Nicobar Islands,2025-26,"Upper Primary, Secondary and Higher Secondary",govt_aided_schools_total,2,count,UDISE_2025-2026.pdf,168,"Number of Government Aided Schools with Upper Primary, Secondary and Higher Secondary sections having: Total",Table x.9 col (5)
Andaman & Nicobar Islands,2025-26,"Upper Primary, Secondary and Higher Secondary",govt_aided_schools_with_ict_lab,0,count,UDISE_2025-2026.pdf,168,"Number of Government Aided Schools with Upper Primary, Secondary and Higher Secondary sections having: ICT labs",Table x.9 col (6)
Andaman & Nicobar Islands,2025-26,"Upper Primary, Secondary and Higher Secondary",govt_aided_schools_with_functional_ict_lab,0,count,UDISE_2025-2026.pdf,168,"Number of Government Aided Schools with Upper Primary, Secondary and Higher Secondary sections having: Functional ICT Labs",Table x.9 col (7)
Andaman & Nicobar Islands,2025-26,"Upper Primary, Secondary and Higher Secondary",govt_schools_with_ict_lab,85.7,percent,UDISE_2025-2026.pdf,168,"Percentage of Government Schools with Upper Primary, Secondary and Higher Secondary sections having: ICT labs",Table x.9 col (8)
Andaman & Nicobar Islands,2025-26,"Upper Primary, Secondary and Higher Secondary",govt_schools_with_functional_ict_lab,84.5,percent,UDISE_2025-2026.pdf,168,"Percentage of Government Schools with Upper Primary, Secondary and Higher Secondary sections having: Functional ICT Labs",Table x.9 col (9)
Andaman & Nicobar Islands,2025-26,"Upper Primary, Secondary and Higher Secondary",govt_aided_schools_with_ict_lab,0,percent,UDISE_2025-2026.pdf,168,"Percentage of Government Aided Schools with Upper Primary, Secondary and Higher Secondary sections having: ICT labs",Table x.9 col (10)
Andaman & Nicobar Islands,2025-26,"Upper Primary, Secondary and Higher Secondary",govt_aided_schools_with_functional_ict_lab,0,percent,UDISE_2025-2026.pdf,168,"Percentage of Government Aided Schools with Upper Primary, Secondary and Higher Secondary sections having: Functional ICT Labs",Table x.9 col (11)
Andhra Pradesh,2025-26,"Upper Primary, Secondary and Higher Secondary",govt_schools_total,9580,count,UDISE_2025-2026.pdf,168,"Number of Government Schools with Upper Primary, Secondary and Higher Secondary sections having: Total",Table x.9 col (2)
Andhra Pradesh,2025-26,"Upper Primary, Secondary and Higher Secondary",govt_schools_with_ict_lab,1290,count,UDISE_2025-2026.pdf,168,"Number of Government Schools with Upper Primary, Secondary and Higher Secondary sections having: ICT labs",Table x.9 col (3)
Andhra Pradesh,2025-26,"Upper Primary, Secondary and Higher Secondary",govt_schools_with_functional_ict_lab,964,count,UDISE_2025-2026.pdf,168,"Number of Government Schools with Upper Primary, Secondary and Higher Secondary sections having: Functional ICT Labs",Table x.9 col (4)
Andhra Pradesh,2025-26,"Upper Primary, Secondary and Higher Secondary",govt_aided_schools_total,414,count,UDISE_2025-2026.pdf,168,"Number of Government Aided Schools with Upper Primary, Secondary and Higher Secondary sections having: Total",Table x.9 col (5)
Andhra Pradesh,2025-26,"Upper Primary, Secondary and Higher Secondary",govt_aided_schools_with_ict_lab,33,count,UDISE_2025-2026.pdf,168,"Number of Government Aided Schools with Upper Primary, Secondary and Higher Secondary sections having: ICT labs",Table x.9 col (6)
Andhra Pradesh,2025-26,"Upper Primary, Secondary and Higher Secondary",govt_aided_schools_with_functional_ict_lab,30,count,UDISE_2025-2026.pdf,168,"Number of Government Aided Schools with Upper Primary, Secondary and Higher Secondary sections having: Functional ICT Labs",Table x.9 col (7)
Andhra Pradesh,2025-26,"Upper Primary, Secondary and Higher Secondary",govt_schools_with_ict_lab,13.5,percent,UDISE_2025-2026.pdf,168,"Percentage of Government Schools with Upper Primary, Secondary and Higher Secondary sections having: ICT labs",Table x.9 col (8)
Andhra Pradesh,2025-26,"Upper Primary, Secondary and Higher Secondary",govt_schools_with_functional_ict_lab,10.1,percent,UDISE_2025-2026.pdf,168,"Percentage of Government Schools with Upper Primary, Secondary and Higher Secondary sections having: Functional ICT Labs",Table x.9 col (9)
Andhra Pradesh,2025-26,"Upper Primary, Secondary and Higher Secondary",govt_aided_schools_with_ict_lab,8,percent,UDISE_2025-2026.pdf,168,"Percentage of Government Aided Schools with Upper Primary, Secondary and Higher Secondary sections having: ICT labs",Table x.9 col (10)
Andhra Pradesh,2025-26,"Upper Primary, Secondary and Higher Secondary",govt_aided_schools_with_functional_ict_lab,7.2,percent,UDISE_2025-2026.pdf,168,"Percentage of Government Aided Schools with Upper Primary, Secondary and Higher Secondary sections having: Functional ICT Labs",Table x.9 col (11)
Arunachal Pradesh,2025-26,"Upper Primary, Secondary and Higher Secondary",govt_schools_total,1270,count,UDISE_2025-2026.pdf,168,"Number of Government Schools with Upper Primary, Secondary and Higher Secondary sections having: Total",Table x.9 col (2)
Arunachal Pradesh,2025-26,"Upper Primary, Secondary and Higher Secondary",govt_schools_with_ict_lab,188,count,UDISE_2025-2026.pdf,168,"Number of Government Schools with Upper Primary, Secondary and Higher Secondary sections having: ICT labs",Table x.9 col (3)
Arunachal Pradesh,2025-26,"Upper Primary, Secondary and Higher Secondary",govt_schools_with_functional_ict_lab,168,count,UDISE_2025-2026.pdf,168,"Number of Government Schools with Upper Primary, Secondary and Higher Secondary sections having: Functional ICT Labs",Table x.9 col (4)
Arunachal Pradesh,2025-26,"Upper Primary, Secondary and Higher Secondary",govt_aided_schools_total,61,count,UDISE_2025-2026.pdf,168,"Number of Government Aided Schools with Upper Primary, Secondary and Higher Secondary sections having: Total",Table x.9 col (5)
Arunachal Pradesh,2025-26,"Upper Primary, Secondary and Higher Secondary",govt_aided_schools_with_ict_lab,11,count,UDISE_2025-2026.pdf,168,"Number of Government Aided Schools with Upper Primary, Secondary and Higher Secondary sections having: ICT labs",Table x.9 col (6)
Arunachal Pradesh,2025-26,"Upper Primary, Secondary and Higher Secondary",govt_aided_schools_with_functional_ict_lab,11,count,UDISE_2025-2026.pdf,168,"Number of Government Aided Schools with Upper Primary, Secondary and Higher Secondary sections having: Functional ICT Labs",Table x.9 col (7)
Arunachal Pradesh,2025-26,"Upper Primary, Secondary and Higher Secondary",govt_schools_with_ict_lab,14.8,percent,UDISE_2025-2026.pdf,168,"Percentage of Government Schools with Upper Primary, Secondary and Higher Secondary sections having: ICT labs",Table x.9 col (8)
Arunachal Pradesh,2025-26,"Upper Primary, Secondary and Higher Secondary",govt_schools_with_functional_ict_lab,13.2,percent,UDISE_2025-2026.pdf,168,"Percentage of Government Schools with Upper Primary, Secondary and Higher Secondary sections having: Functional ICT Labs",Table x.9 col (9)
Arunachal Pradesh,2025-26,"Upper Primary, Secondary and Higher Secondary",govt_aided_schools_with_ict_lab,18,percent,UDISE_2025-2026.pdf,168,"Percentage of Government Aided Schools with Upper Primary, Secondary and Higher Secondary sections having: ICT labs",Table x.9 col (10)
Arunachal Pradesh,2025-26,"Upper Primary, Secondary and Higher Secondary",govt_aided_schools_with_functional_ict_lab,18,percent,UDISE_2025-2026.pdf,168,"Percentage of Government Aided Schools with Upper Primary, Secondary and Higher Secondary sections having: Functional ICT Labs",Table x.9 col (11)
Assam,2025-26,"Upper Primary, Secondary and Higher Secondary",govt_schools_total,11255,count,UDISE_2025-2026.pdf,168,"Number of Government Schools with Upper Primary, Secondary and Higher Secondary sections having: Total",Table x.9 col (2)
Assam,2025-26,"Upper Primary, Secondary and Higher Secondary",govt_schools_with_ict_lab,4908,count,UDISE_2025-2026.pdf,168,"Number of Government Schools with Upper Primary, Secondary and Higher Secondary sections having: ICT labs",Table x.9 col (3)
Assam,2025-26,"Upper Primary, Secondary and Higher Secondary",govt_schools_with_functional_ict_lab,4172,count,UDISE_2025-2026.pdf,168,"Number of Government Schools with Upper Primary, Secondary and Higher Secondary sections having: Functional ICT Labs",Table x.9 col (4)
Assam,2025-26,"Upper Primary, Secondary and Higher Secondary",govt_aided_schools_total,1519,count,UDISE_2025-2026.pdf,168,"Number of Government Aided Schools with Upper Primary, Secondary and Higher Secondary sections having: Total",Table x.9 col (5)
Assam,2025-26,"Upper Primary, Secondary and Higher Secondary",govt_aided_schools_with_ict_lab,19,count,UDISE_2025-2026.pdf,168,"Number of Government Aided Schools with Upper Primary, Secondary and Higher Secondary sections having: ICT labs",Table x.9 col (6)
Assam,2025-26,"Upper Primary, Secondary and Higher Secondary",govt_aided_schools_with_functional_ict_lab,11,count,UDISE_2025-2026.pdf,168,"Number of Government Aided Schools with Upper Primary, Secondary and Higher Secondary sections having: Functional ICT Labs",Table x.9 col (7)
Assam,2025-26,"Upper Primary, Secondary and Higher Secondary",govt_schools_with_ict_lab,43.6,percent,UDISE_2025-2026.pdf,168,"Percentage of Government Schools with Upper Primary, Secondary and Higher Secondary sections having: ICT labs",Table x.9 col (8)
Assam,2025-26,"Upper Primary, Secondary and Higher Secondary",govt_schools_with_functional_ict_lab,37.1,percent,UDISE_2025-2026.pdf,168,"Percentage of Government Schools with Upper Primary, Secondary and Higher Secondary sections having: Functional ICT Labs",Table x.9 col (9)
Assam,2025-26,"Upper Primary, Secondary and Higher Secondary",govt_aided_schools_with_ict_lab,1.3,percent,UDISE_2025-2026.pdf,168,"Percentage of Government Aided Schools with Upper Primary, Secondary and Higher Secondary sections having: ICT labs",Table x.9 col (10)
Assam,2025-26,"Upper Primary, Secondary and Higher Secondary",govt_aided_schools_with_functional_ict_lab,0.7,percent,UDISE_2025-2026.pdf,168,"Percentage of Government Aided Schools with Upper Primary, Secondary and Higher Secondary sections having: Functional ICT Labs",Table x.9 col (11)
Bihar,2025-26,"Upper Primary, Secondary and Higher Secondary",govt_schools_total,38293,count,UDISE_2025-2026.pdf,168,"Number of Government Schools with Upper Primary, Secondary and Higher Secondary sections having: Total",Table x.9 col (2)
Bihar,2025-26,"Upper Primary, Secondary and Higher Secondary",govt_schools_with_ict_lab,4194,count,UDISE_2025-2026.pdf,168,"Number of Government Schools with Upper Primary, Secondary and Higher Secondary sections having: ICT labs",Table x.9 col (3)
Bihar,2025-26,"Upper Primary, Secondary and Higher Secondary",govt_schools_with_functional_ict_lab,3925,count,UDISE_2025-2026.pdf,168,"Number of Government Schools with Upper Primary, Secondary and Higher Secondary sections having: Functional ICT Labs",Table x.9 col (4)
Bihar,2025-26,"Upper Primary, Secondary and Higher Secondary",govt_aided_schools_total,680,count,UDISE_2025-2026.pdf,168,"Number of Government Aided Schools with Upper Primary, Secondary and Higher Secondary sections having: Total",Table x.9 col (5)
Bihar,2025-26,"Upper Primary, Secondary and Higher Secondary",govt_aided_schools_with_ict_lab,11,count,UDISE_2025-2026.pdf,168,"Number of Government Aided Schools with Upper Primary, Secondary and Higher Secondary sections having: ICT labs",Table x.9 col (6)
Bihar,2025-26,"Upper Primary, Secondary and Higher Secondary",govt_aided_schools_with_functional_ict_lab,10,count,UDISE_2025-2026.pdf,168,"Number of Government Aided Schools with Upper Primary, Secondary and Higher Secondary sections having: Functional ICT Labs",Table x.9 col (7)
Bihar,2025-26,"Upper Primary, Secondary and Higher Secondary",govt_schools_with_ict_lab,11,percent,UDISE_2025-2026.pdf,168,"Percentage of Government Schools with Upper Primary, Secondary and Higher Secondary sections having: ICT labs",Table x.9 col (8)
Bihar,2025-26,"Upper Primary, Secondary and Higher Secondary",govt_schools_with_functional_ict_lab,10.2,percent,UDISE_2025-2026.pdf,168,"Percentage of Government Schools with Upper Primary, Secondary and Higher Secondary sections having: Functional ICT Labs",Table x.9 col (9)
Bihar,2025-26,"Upper Primary, Secondary and Higher Secondary",govt_aided_schools_with_ict_lab,1.6,percent,UDISE_2025-2026.pdf,168,"Percentage of Government Aided Schools with Upper Primary, Secondary and Higher Secondary sections having: ICT labs",Table x.9 col (10)
Bihar,2025-26,"Upper Primary, Secondary and Higher Secondary",govt_aided_schools_with_functional_ict_lab,1.5,percent,UDISE_2025-2026.pdf,168,"Percentage of Government Aided Schools with Upper Primary, Secondary and Higher Secondary sections having: Functional ICT Labs",Table x.9 col (11)
Chandigarh,2025-26,"Upper Primary, Secondary and Higher Secondary",govt_schools_total,113,count,UDISE_2025-2026.pdf,168,"Number of Government Schools with Upper Primary, Secondary and Higher Secondary sections having: Total",Table x.9 col (2)
Chandigarh,2025-26,"Upper Primary, Secondary and Higher Secondary",govt_schools_with_ict_lab,96,count,UDISE_2025-2026.pdf,168,"Number of Government Schools with Upper Primary, Secondary and Higher Secondary sections having: ICT labs",Table x.9 col (3)
Chandigarh,2025-26,"Upper Primary, Secondary and Higher Secondary",govt_schools_with_functional_ict_lab,94,count,UDISE_2025-2026.pdf,168,"Number of Government Schools with Upper Primary, Secondary and Higher Secondary sections having: Functional ICT Labs",Table x.9 col (4)
Chandigarh,2025-26,"Upper Primary, Secondary and Higher Secondary",govt_aided_schools_total,7,count,UDISE_2025-2026.pdf,168,"Number of Government Aided Schools with Upper Primary, Secondary and Higher Secondary sections having: Total",Table x.9 col (5)
Chandigarh,2025-26,"Upper Primary, Secondary and Higher Secondary",govt_aided_schools_with_ict_lab,5,count,UDISE_2025-2026.pdf,168,"Number of Government Aided Schools with Upper Primary, Secondary and Higher Secondary sections having: ICT labs",Table x.9 col (6)
Chandigarh,2025-26,"Upper Primary, Secondary and Higher Secondary",govt_aided_schools_with_functional_ict_lab,5,count,UDISE_2025-2026.pdf,168,"Number of Government Aided Schools with Upper Primary, Secondary and Higher Secondary sections having: Functional ICT Labs",Table x.9 col (7)
Chandigarh,2025-26,"Upper Primary, Secondary and Higher Secondary",govt_schools_with_ict_lab,85,percent,UDISE_2025-2026.pdf,168,"Percentage of Government Schools with Upper Primary, Secondary and Higher Secondary sections having: ICT labs",Table x.9 col (8)
Chandigarh,2025-26,"Upper Primary, Secondary and Higher Secondary",govt_schools_with_functional_ict_lab,83.2,percent,UDISE_2025-2026.pdf,168,"Percentage of Government Schools with Upper Primary, Secondary and Higher Secondary sections having: Functional ICT Labs",Table x.9 col (9)
Chandigarh,2025-26,"Upper Primary, Secondary and Higher Secondary",govt_aided_schools_with_ict_lab,71.4,percent,UDISE_2025-2026.pdf,168,"Percentage of Government Aided Schools with Upper Primary, Secondary and Higher Secondary sections having: ICT labs",Table x.9 col (10)
Chandigarh,2025-26,"Upper Primary, Secondary and Higher Secondary",govt_aided_schools_with_functional_ict_lab,71.4,percent,UDISE_2025-2026.pdf,168,"Percentage of Government Aided Schools with Upper Primary, Secondary and Higher Secondary sections having: Functional ICT Labs",Table x.9 col (11)
Chhattisgarh,2025-26,"Upper Primary, Secondary and Higher Secondary",govt_schools_total,18102,count,UDISE_2025-2026.pdf,168,"Number of Government Schools with Upper Primary, Secondary and Higher Secondary sections having: Total",Table x.9 col (2)
Chhattisgarh,2025-26,"Upper Primary, Secondary and Higher Secondary",govt_schools_with_ict_lab,2115,count,UDISE_2025-2026.pdf,168,"Number of Government Schools with Upper Primary, Secondary and Higher Secondary sections having: ICT labs",Table x.9 col (3)
Chhattisgarh,2025-26,"Upper Primary, Secondary and Higher Secondary",govt_schools_with_functional_ict_lab,1614,count,UDISE_2025-2026.pdf,168,"Number of Government Schools with Upper Primary, Secondary and Higher Secondary sections having: Functional ICT Labs",Table x.9 col (4)
Chhattisgarh,2025-26,"Upper Primary, Secondary and Higher Secondary",govt_aided_schools_total,208,count,UDISE_2025-2026.pdf,168,"Number of Government Aided Schools with Upper Primary, Secondary and Higher Secondary sections having: Total",Table x.9 col (5)
Chhattisgarh,2025-26,"Upper Primary, Secondary and Higher Secondary",govt_aided_schools_with_ict_lab,1,count,UDISE_2025-2026.pdf,168,"Number of Government Aided Schools with Upper Primary, Secondary and Higher Secondary sections having: ICT labs",Table x.9 col (6)
Chhattisgarh,2025-26,"Upper Primary, Secondary and Higher Secondary",govt_aided_schools_with_functional_ict_lab,1,count,UDISE_2025-2026.pdf,168,"Number of Government Aided Schools with Upper Primary, Secondary and Higher Secondary sections having: Functional ICT Labs",Table x.9 col (7)
Chhattisgarh,2025-26,"Upper Primary, Secondary and Higher Secondary",govt_schools_with_ict_lab,11.7,percent,UDISE_2025-2026.pdf,168,"Percentage of Government Schools with Upper Primary, Secondary and Higher Secondary sections having: ICT labs",Table x.9 col (8)
Chhattisgarh,2025-26,"Upper Primary, Secondary and Higher Secondary",govt_schools_with_functional_ict_lab,8.9,percent,UDISE_2025-2026.pdf,168,"Percentage of Government Schools with Upper Primary, Secondary and Higher Secondary sections having: Functional ICT Labs",Table x.9 col (9)
Chhattisgarh,2025-26,"Upper Primary, Secondary and Higher Secondary",govt_aided_schools_with_ict_lab,0.5,percent,UDISE_2025-2026.pdf,168,"Percentage of Government Aided Schools with Upper Primary, Secondary and Higher Secondary sections having: ICT labs",Table x.9 col (10)
Chhattisgarh,2025-26,"Upper Primary, Secondary and Higher Secondary",govt_aided_schools_with_functional_ict_lab,0.5,percent,UDISE_2025-2026.pdf,168,"Percentage of Government Aided Schools with Upper Primary, Secondary and Higher Secondary sections having: Functional ICT Labs",Table x.9 col (11)
Dadra & Nagar Haveli and Daman & Diu,2025-26,"Upper Primary, Secondary and Higher Secondary",govt_schools_total,208,count,UDISE_2025-2026.pdf,168,"Number of Government Schools with Upper Primary, Secondary and Higher Secondary sections having: Total",Table x.9 col (2)
Dadra & Nagar Haveli and Daman & Diu,2025-26,"Upper Primary, Secondary and Higher Secondary",govt_schools_with_ict_lab,137,count,UDISE_2025-2026.pdf,168,"Number of Government Schools with Upper Primary, Secondary and Higher Secondary sections having: ICT labs",Table x.9 col (3)
Dadra & Nagar Haveli and Daman & Diu,2025-26,"Upper Primary, Secondary and Higher Secondary",govt_schools_with_functional_ict_lab,137,count,UDISE_2025-2026.pdf,168,"Number of Government Schools with Upper Primary, Secondary and Higher Secondary sections having: Functional ICT Labs",Table x.9 col (4)
Dadra & Nagar Haveli and Daman & Diu,2025-26,"Upper Primary, Secondary and Higher Secondary",govt_aided_schools_total,8,count,UDISE_2025-2026.pdf,168,"Number of Government Aided Schools with Upper Primary, Secondary and Higher Secondary sections having: Total",Table x.9 col (5)
Dadra & Nagar Haveli and Daman & Diu,2025-26,"Upper Primary, Secondary and Higher Secondary",govt_aided_schools_with_ict_lab,1,count,UDISE_2025-2026.pdf,168,"Number of Government Aided Schools with Upper Primary, Secondary and Higher Secondary sections having: ICT labs",Table x.9 col (6)
Dadra & Nagar Haveli and Daman & Diu,2025-26,"Upper Primary, Secondary and Higher Secondary",govt_aided_schools_with_functional_ict_lab,1,count,UDISE_2025-2026.pdf,168,"Number of Government Aided Schools with Upper Primary, Secondary and Higher Secondary sections having: Functional ICT Labs",Table x.9 col (7)
Dadra & Nagar Haveli and Daman & Diu,2025-26,"Upper Primary, Secondary and Higher Secondary",govt_schools_with_ict_lab,65.9,percent,UDISE_2025-2026.pdf,168,"Percentage of Government Schools with Upper Primary, Secondary and Higher Secondary sections having: ICT labs",Table x.9 col (8)
Dadra & Nagar Haveli and Daman & Diu,2025-26,"Upper Primary, Secondary and Higher Secondary",govt_schools_with_functional_ict_lab,65.9,percent,UDISE_2025-2026.pdf,168,"Percentage of Government Schools with Upper Primary, Secondary and Higher Secondary sections having: Functional ICT Labs",Table x.9 col (9)
Dadra & Nagar Haveli and Daman & Diu,2025-26,"Upper Primary, Secondary and Higher Secondary",govt_aided_schools_with_ict_lab,12.5,percent,UDISE_2025-2026.pdf,168,"Percentage of Government Aided Schools with Upper Primary, Secondary and Higher Secondary sections having: ICT labs",Table x.9 col (10)
Dadra & Nagar Haveli and Daman & Diu,2025-26,"Upper Primary, Secondary and Higher Secondary",govt_aided_schools_with_functional_ict_lab,12.5,percent,UDISE_2025-2026.pdf,168,"Percentage of Government Aided Schools with Upper Primary, Secondary and Higher Secondary sections having: Functional ICT Labs",Table x.9 col (11)
Delhi,2025-26,"Upper Primary, Secondary and Higher Secondary",govt_schools_total,1164,count,UDISE_2025-2026.pdf,168,"Number of Government Schools with Upper Primary, Secondary and Higher Secondary sections having: Total",Table x.9 col (2)
Delhi,2025-26,"Upper Primary, Secondary and Higher Secondary",govt_schools_with_ict_lab,804,count,UDISE_2025-2026.pdf,168,"Number of Government Schools with Upper Primary, Secondary and Higher Secondary sections having: ICT labs",Table x.9 col (3)
Delhi,2025-26,"Upper Primary, Secondary and Higher Secondary",govt_schools_with_functional_ict_lab,770,count,UDISE_2025-2026.pdf,168,"Number of Government Schools with Upper Primary, Secondary and Higher Secondary sections having: Functional ICT Labs",Table x.9 col (4)
Delhi,2025-26,"Upper Primary, Secondary and Higher Secondary",govt_aided_schools_total,198,count,UDISE_2025-2026.pdf,168,"Number of Government Aided Schools with Upper Primary, Secondary and Higher Secondary sections having: Total",Table x.9 col (5)
Delhi,2025-26,"Upper Primary, Secondary and Higher Secondary",govt_aided_schools_with_ict_lab,93,count,UDISE_2025-2026.pdf,168,"Number of Government Aided Schools with Upper Primary, Secondary and Higher Secondary sections having: ICT labs",Table x.9 col (6)
Delhi,2025-26,"Upper Primary, Secondary and Higher Secondary",govt_aided_schools_with_functional_ict_lab,49,count,UDISE_2025-2026.pdf,168,"Number of Government Aided Schools with Upper Primary, Secondary and Higher Secondary sections having: Functional ICT Labs",Table x.9 col (7)
Delhi,2025-26,"Upper Primary, Secondary and Higher Secondary",govt_schools_with_ict_lab,69.1,percent,UDISE_2025-2026.pdf,168,"Percentage of Government Schools with Upper Primary, Secondary and Higher Secondary sections having: ICT labs",Table x.9 col (8)
Delhi,2025-26,"Upper Primary, Secondary and Higher Secondary",govt_schools_with_functional_ict_lab,66.2,percent,UDISE_2025-2026.pdf,168,"Percentage of Government Schools with Upper Primary, Secondary and Higher Secondary sections having: Functional ICT Labs",Table x.9 col (9)
Delhi,2025-26,"Upper Primary, Secondary and Higher Secondary",govt_aided_schools_with_ict_lab,47,percent,UDISE_2025-2026.pdf,168,"Percentage of Government Aided Schools with Upper Primary, Secondary and Higher Secondary sections having: ICT labs",Table x.9 col (10)
Delhi,2025-26,"Upper Primary, Secondary and Higher Secondary",govt_aided_schools_with_functional_ict_lab,24.7,percent,UDISE_2025-2026.pdf,168,"Percentage of Government Aided Schools with Upper Primary, Secondary and Higher Secondary sections having: Functional ICT Labs",Table x.9 col (11)
Goa,2025-26,"Upper Primary, Secondary and Higher Secondary",govt_schools_total,132,count,UDISE_2025-2026.pdf,168,"Number of Government Schools with Upper Primary, Secondary and Higher Secondary sections having: Total",Table x.9 col (2)
Goa,2025-26,"Upper Primary, Secondary and Higher Secondary",govt_schools_with_ict_lab,46,count,UDISE_2025-2026.pdf,168,"Number of Government Schools with Upper Primary, Secondary and Higher Secondary sections having: ICT labs",Table x.9 col (3)
Goa,2025-26,"Upper Primary, Secondary and Higher Secondary",govt_schools_with_functional_ict_lab,42,count,UDISE_2025-2026.pdf,168,"Number of Government Schools with Upper Primary, Secondary and Higher Secondary sections having: Functional ICT Labs",Table x.9 col (4)
Goa,2025-26,"Upper Primary, Secondary and Higher Secondary",govt_aided_schools_total,450,count,UDISE_2025-2026.pdf,168,"Number of Government Aided Schools with Upper Primary, Secondary and Higher Secondary sections having: Total",Table x.9 col (5)
Goa,2025-26,"Upper Primary, Secondary and Higher Secondary",govt_aided_schools_with_ict_lab,141,count,UDISE_2025-2026.pdf,168,"Number of Government Aided Schools with Upper Primary, Secondary and Higher Secondary sections having: ICT labs",Table x.9 col (6)
Goa,2025-26,"Upper Primary, Secondary and Higher Secondary",govt_aided_schools_with_functional_ict_lab,137,count,UDISE_2025-2026.pdf,168,"Number of Government Aided Schools with Upper Primary, Secondary and Higher Secondary sections having: Functional ICT Labs",Table x.9 col (7)
Goa,2025-26,"Upper Primary, Secondary and Higher Secondary",govt_schools_with_ict_lab,34.8,percent,UDISE_2025-2026.pdf,168,"Percentage of Government Schools with Upper Primary, Secondary and Higher Secondary sections having: ICT labs",Table x.9 col (8)
Goa,2025-26,"Upper Primary, Secondary and Higher Secondary",govt_schools_with_functional_ict_lab,31.8,percent,UDISE_2025-2026.pdf,168,"Percentage of Government Schools with Upper Primary, Secondary and Higher Secondary sections having: Functional ICT Labs",Table x.9 col (9)
Goa,2025-26,"Upper Primary, Secondary and Higher Secondary",govt_aided_schools_with_ict_lab,31.3,percent,UDISE_2025-2026.pdf,168,"Percentage of Government Aided Schools with Upper Primary, Secondary and Higher Secondary sections having: ICT labs",Table x.9 col (10)
Goa,2025-26,"Upper Primary, Secondary and Higher Secondary",govt_aided_schools_with_functional_ict_lab,30.4,percent,UDISE_2025-2026.pdf,168,"Percentage of Government Aided Schools with Upper Primary, Secondary and Higher Secondary sections having: Functional ICT Labs",Table x.9 col (11)
Gujarat,2025-26,"Upper Primary, Secondary and Higher Secondary",govt_schools_total,22509,count,UDISE_2025-2026.pdf,168,"Number of Government Schools with Upper Primary, Secondary and Higher Secondary sections having: Total",Table x.9 col (2)
Gujarat,2025-26,"Upper Primary, Secondary and Higher Secondary",govt_schools_with_ict_lab,14703,count,UDISE_2025-2026.pdf,168,"Number of Government Schools with Upper Primary, Secondary and Higher Secondary sections having: ICT labs",Table x.9 col (3)
Gujarat,2025-26,"Upper Primary, Secondary and Higher Secondary",govt_schools_with_functional_ict_lab,13738,count,UDISE_2025-2026.pdf,168,"Number of Government Schools with Upper Primary, Secondary and Higher Secondary sections having: Functional ICT Labs",Table x.9 col (4)
Gujarat,2025-26,"Upper Primary, Secondary and Higher Secondary",govt_aided_schools_total,5399,count,UDISE_2025-2026.pdf,168,"Number of Government Aided Schools with Upper Primary, Secondary and Higher Secondary sections having: Total",Table x.9 col (5)
Gujarat,2025-26,"Upper Primary, Secondary and Higher Secondary",govt_aided_schools_with_ict_lab,3157,count,UDISE_2025-2026.pdf,168,"Number of Government Aided Schools with Upper Primary, Secondary and Higher Secondary sections having: ICT labs",Table x.9 col (6)
Gujarat,2025-26,"Upper Primary, Secondary and Higher Secondary",govt_aided_schools_with_functional_ict_lab,2729,count,UDISE_2025-2026.pdf,168,"Number of Government Aided Schools with Upper Primary, Secondary and Higher Secondary sections having: Functional ICT Labs",Table x.9 col (7)
Gujarat,2025-26,"Upper Primary, Secondary and Higher Secondary",govt_schools_with_ict_lab,65.3,percent,UDISE_2025-2026.pdf,168,"Percentage of Government Schools with Upper Primary, Secondary and Higher Secondary sections having: ICT labs",Table x.9 col (8)
Gujarat,2025-26,"Upper Primary, Secondary and Higher Secondary",govt_schools_with_functional_ict_lab,61,percent,UDISE_2025-2026.pdf,168,"Percentage of Government Schools with Upper Primary, Secondary and Higher Secondary sections having: Functional ICT Labs",Table x.9 col (9)
Gujarat,2025-26,"Upper Primary, Secondary and Higher Secondary",govt_aided_schools_with_ict_lab,58.5,percent,UDISE_2025-2026.pdf,168,"Percentage of Government Aided Schools with Upper Primary, Secondary and Higher Secondary sections having: ICT labs",Table x.9 col (10)
Gujarat,2025-26,"Upper Primary, Secondary and Higher Secondary",govt_aided_schools_with_functional_ict_lab,50.5,percent,UDISE_2025-2026.pdf,168,"Percentage of Government Aided Schools with Upper Primary, Secondary and Higher Secondary sections having: Functional ICT Labs",Table x.9 col (11)
Haryana,2025-26,"Upper Primary, Secondary and Higher Secondary",govt_schools_total,5687,count,UDISE_2025-2026.pdf,168,"Number of Government Schools with Upper Primary, Secondary and Higher Secondary sections having: Total",Table x.9 col (2)
Haryana,2025-26,"Upper Primary, Secondary and Higher Secondary",govt_schools_with_ict_lab,1096,count,UDISE_2025-2026.pdf,168,"Number of Government Schools with Upper Primary, Secondary and Higher Secondary sections having: ICT labs",Table x.9 col (3)
Haryana,2025-26,"Upper Primary, Secondary and Higher Secondary",govt_schools_with_functional_ict_lab,1013,count,UDISE_2025-2026.pdf,168,"Number of Government Schools with Upper Primary, Secondary and Higher Secondary sections having: Functional ICT Labs",Table x.9 col (4)
Haryana,2025-26,"Upper Primary, Secondary and Higher Secondary",govt_aided_schools_total,0,count,UDISE_2025-2026.pdf,168,"Number of Government Aided Schools with Upper Primary, Secondary and Higher Secondary sections having: Total",Table x.9 col (5)
Haryana,2025-26,"Upper Primary, Secondary and Higher Secondary",govt_aided_schools_with_ict_lab,0,count,UDISE_2025-2026.pdf,168,"Number of Government Aided Schools with Upper Primary, Secondary and Higher Secondary sections having: ICT labs",Table x.9 col (6)
Haryana,2025-26,"Upper Primary, Secondary and Higher Secondary",govt_aided_schools_with_functional_ict_lab,0,count,UDISE_2025-2026.pdf,168,"Number of Government Aided Schools with Upper Primary, Secondary and Higher Secondary sections having: Functional ICT Labs",Table x.9 col (7)
Haryana,2025-26,"Upper Primary, Secondary and Higher Secondary",govt_schools_with_ict_lab,19.3,percent,UDISE_2025-2026.pdf,168,"Percentage of Government Schools with Upper Primary, Secondary and Higher Secondary sections having: ICT labs",Table x.9 col (8)
Haryana,2025-26,"Upper Primary, Secondary and Higher Secondary",govt_schools_with_functional_ict_lab,17.8,percent,UDISE_2025-2026.pdf,168,"Percentage of Government Schools with Upper Primary, Secondary and Higher Secondary sections having: Functional ICT Labs",Table x.9 col (9)
Haryana,2025-26,"Upper Primary, Secondary and Higher Secondary",govt_aided_schools_with_ict_lab,0,percent,UDISE_2025-2026.pdf,168,"Percentage of Government Aided Schools with Upper Primary, Secondary and Higher Secondary sections having: ICT labs",Table x.9 col (10)
Haryana,2025-26,"Upper Primary, Secondary and Higher Secondary",govt_aided_schools_with_functional_ict_lab,0,percent,UDISE_2025-2026.pdf,168,"Percentage of Government Aided Schools with Upper Primary, Secondary and Higher Secondary sections having: Functional ICT Labs",Table x.9 col (11)
Himachal Pradesh,2025-26,"Upper Primary, Secondary and Higher Secondary",govt_schools_total,4735,count,UDISE_2025-2026.pdf,168,"Number of Government Schools with Upper Primary, Secondary and Higher Secondary sections having: Total",Table x.9 col (2)
Himachal Pradesh,2025-26,"Upper Primary, Secondary and Higher Secondary",govt_schools_with_ict_lab,2418,count,UDISE_2025-2026.pdf,168,"Number of Government Schools with Upper Primary, Secondary and Higher Secondary sections having: ICT labs",Table x.9 col (3)
Himachal Pradesh,2025-26,"Upper Primary, Secondary and Higher Secondary",govt_schools_with_functional_ict_lab,2072,count,UDISE_2025-2026.pdf,168,"Number of Government Schools with Upper Primary, Secondary and Higher Secondary sections having: Functional ICT Labs",Table x.9 col (4)
Himachal Pradesh,2025-26,"Upper Primary, Secondary and Higher Secondary",govt_aided_schools_total,0,count,UDISE_2025-2026.pdf,168,"Number of Government Aided Schools with Upper Primary, Secondary and Higher Secondary sections having: Total",Table x.9 col (5)
Himachal Pradesh,2025-26,"Upper Primary, Secondary and Higher Secondary",govt_aided_schools_with_ict_lab,0,count,UDISE_2025-2026.pdf,168,"Number of Government Aided Schools with Upper Primary, Secondary and Higher Secondary sections having: ICT labs",Table x.9 col (6)
Himachal Pradesh,2025-26,"Upper Primary, Secondary and Higher Secondary",govt_aided_schools_with_functional_ict_lab,0,count,UDISE_2025-2026.pdf,168,"Number of Government Aided Schools with Upper Primary, Secondary and Higher Secondary sections having: Functional ICT Labs",Table x.9 col (7)
Himachal Pradesh,2025-26,"Upper Primary, Secondary and Higher Secondary",govt_schools_with_ict_lab,51.1,percent,UDISE_2025-2026.pdf,168,"Percentage of Government Schools with Upper Primary, Secondary and Higher Secondary sections having: ICT labs",Table x.9 col (8)
Himachal Pradesh,2025-26,"Upper Primary, Secondary and Higher Secondary",govt_schools_with_functional_ict_lab,43.8,percent,UDISE_2025-2026.pdf,168,"Percentage of Government Schools with Upper Primary, Secondary and Higher Secondary sections having: Functional ICT Labs",Table x.9 col (9)
Himachal Pradesh,2025-26,"Upper Primary, Secondary and Higher Secondary",govt_aided_schools_with_ict_lab,0,percent,UDISE_2025-2026.pdf,168,"Percentage of Government Aided Schools with Upper Primary, Secondary and Higher Secondary sections having: ICT labs",Table x.9 col (10)
Himachal Pradesh,2025-26,"Upper Primary, Secondary and Higher Secondary",govt_aided_schools_with_functional_ict_lab,0,percent,UDISE_2025-2026.pdf,168,"Percentage of Government Aided Schools with Upper Primary, Secondary and Higher Secondary sections having: Functional ICT Labs",Table x.9 col (11)
Jammu & Kashmir,2025-26,"Upper Primary, Secondary and Higher Secondary",govt_schools_total,9822,count,UDISE_2025-2026.pdf,168,"Number of Government Schools with Upper Primary, Secondary and Higher Secondary sections having: Total",Table x.9 col (2)
Jammu & Kashmir,2025-26,"Upper Primary, Secondary and Higher Secondary",govt_schools_with_ict_lab,2334,count,UDISE_2025-2026.pdf,168,"Number of Government Schools with Upper Primary, Secondary and Higher Secondary sections having: ICT labs",Table x.9 col (3)
Jammu & Kashmir,2025-26,"Upper Primary, Secondary and Higher Secondary",govt_schools_with_functional_ict_lab,2060,count,UDISE_2025-2026.pdf,168,"Number of Government Schools with Upper Primary, Secondary and Higher Secondary sections having: Functional ICT Labs",Table x.9 col (4)
Jammu & Kashmir,2025-26,"Upper Primary, Secondary and Higher Secondary",govt_aided_schools_total,1,count,UDISE_2025-2026.pdf,168,"Number of Government Aided Schools with Upper Primary, Secondary and Higher Secondary sections having: Total",Table x.9 col (5)
Jammu & Kashmir,2025-26,"Upper Primary, Secondary and Higher Secondary",govt_aided_schools_with_ict_lab,0,count,UDISE_2025-2026.pdf,168,"Number of Government Aided Schools with Upper Primary, Secondary and Higher Secondary sections having: ICT labs",Table x.9 col (6)
Jammu & Kashmir,2025-26,"Upper Primary, Secondary and Higher Secondary",govt_aided_schools_with_functional_ict_lab,0,count,UDISE_2025-2026.pdf,168,"Number of Government Aided Schools with Upper Primary, Secondary and Higher Secondary sections having: Functional ICT Labs",Table x.9 col (7)
Jammu & Kashmir,2025-26,"Upper Primary, Secondary and Higher Secondary",govt_schools_with_ict_lab,23.8,percent,UDISE_2025-2026.pdf,168,"Percentage of Government Schools with Upper Primary, Secondary and Higher Secondary sections having: ICT labs",Table x.9 col (8)
Jammu & Kashmir,2025-26,"Upper Primary, Secondary and Higher Secondary",govt_schools_with_functional_ict_lab,21,percent,UDISE_2025-2026.pdf,168,"Percentage of Government Schools with Upper Primary, Secondary and Higher Secondary sections having: Functional ICT Labs",Table x.9 col (9)
Jammu & Kashmir,2025-26,"Upper Primary, Secondary and Higher Secondary",govt_aided_schools_with_ict_lab,0,percent,UDISE_2025-2026.pdf,168,"Percentage of Government Aided Schools with Upper Primary, Secondary and Higher Secondary sections having: ICT labs",Table x.9 col (10)
Jammu & Kashmir,2025-26,"Upper Primary, Secondary and Higher Secondary",govt_aided_schools_with_functional_ict_lab,0,percent,UDISE_2025-2026.pdf,168,"Percentage of Government Aided Schools with Upper Primary, Secondary and Higher Secondary sections having: Functional ICT Labs",Table x.9 col (11)
Jharkhand,2025-26,"Upper Primary, Secondary and Higher Secondary",govt_schools_total,14555,count,UDISE_2025-2026.pdf,168,"Number of Government Schools with Upper Primary, Secondary and Higher Secondary sections having: Total",Table x.9 col (2)
Jharkhand,2025-26,"Upper Primary, Secondary and Higher Secondary",govt_schools_with_ict_lab,4848,count,UDISE_2025-2026.pdf,168,"Number of Government Schools with Upper Primary, Secondary and Higher Secondary sections having: ICT labs",Table x.9 col (3)
Jharkhand,2025-26,"Upper Primary, Secondary and Higher Secondary",govt_schools_with_functional_ict_lab,4543,count,UDISE_2025-2026.pdf,168,"Number of Government Schools with Upper Primary, Secondary and Higher Secondary sections having: Functional ICT Labs",Table x.9 col (4)
Jharkhand,2025-26,"Upper Primary, Secondary and Higher Secondary",govt_aided_schools_total,657,count,UDISE_2025-2026.pdf,168,"Number of Government Aided Schools with Upper Primary, Secondary and Higher Secondary sections having: Total",Table x.9 col (5)
Jharkhand,2025-26,"Upper Primary, Secondary and Higher Secondary",govt_aided_schools_with_ict_lab,23,count,UDISE_2025-2026.pdf,168,"Number of Government Aided Schools with Upper Primary, Secondary and Higher Secondary sections having: ICT labs",Table x.9 col (6)
Jharkhand,2025-26,"Upper Primary, Secondary and Higher Secondary",govt_aided_schools_with_functional_ict_lab,20,count,UDISE_2025-2026.pdf,168,"Number of Government Aided Schools with Upper Primary, Secondary and Higher Secondary sections having: Functional ICT Labs",Table x.9 col (7)
Jharkhand,2025-26,"Upper Primary, Secondary and Higher Secondary",govt_schools_with_ict_lab,33.3,percent,UDISE_2025-2026.pdf,168,"Percentage of Government Schools with Upper Primary, Secondary and Higher Secondary sections having: ICT labs",Table x.9 col (8)
Jharkhand,2025-26,"Upper Primary, Secondary and Higher Secondary",govt_schools_with_functional_ict_lab,31.2,percent,UDISE_2025-2026.pdf,168,"Percentage of Government Schools with Upper Primary, Secondary and Higher Secondary sections having: Functional ICT Labs",Table x.9 col (9)
Jharkhand,2025-26,"Upper Primary, Secondary and Higher Secondary",govt_aided_schools_with_ict_lab,3.5,percent,UDISE_2025-2026.pdf,168,"Percentage of Government Aided Schools with Upper Primary, Secondary and Higher Secondary sections having: ICT labs",Table x.9 col (10)
Jharkhand,2025-26,"Upper Primary, Secondary and Higher Secondary",govt_aided_schools_with_functional_ict_lab,3,percent,UDISE_2025-2026.pdf,168,"Percentage of Government Aided Schools with Upper Primary, Secondary and Higher Secondary sections having: Functional ICT Labs",Table x.9 col (11)
Karnataka,2025-26,"Upper Primary, Secondary and Higher Secondary",govt_schools_total,28849,count,UDISE_2025-2026.pdf,168,"Number of Government Schools with Upper Primary, Secondary and Higher Secondary sections having: Total",Table x.9 col (2)
Karnataka,2025-26,"Upper Primary, Secondary and Higher Secondary",govt_schools_with_ict_lab,3534,count,UDISE_2025-2026.pdf,168,"Number of Government Schools with Upper Primary, Secondary and Higher Secondary sections having: ICT labs",Table x.9 col (3)
Karnataka,2025-26,"Upper Primary, Secondary and Higher Secondary",govt_schools_with_functional_ict_lab,2600,count,UDISE_2025-2026.pdf,168,"Number of Government Schools with Upper Primary, Secondary and Higher Secondary sections having: Functional ICT Labs",Table x.9 col (4)
Karnataka,2025-26,"Upper Primary, Secondary and Higher Secondary",govt_aided_schools_total,6543,count,UDISE_2025-2026.pdf,168,"Number of Government Aided Schools with Upper Primary, Secondary and Higher Secondary sections having: Total",Table x.9 col (5)
Karnataka,2025-26,"Upper Primary, Secondary and Higher Secondary",govt_aided_schools_with_ict_lab,725,count,UDISE_2025-2026.pdf,168,"Number of Government Aided Schools with Upper Primary, Secondary and Higher Secondary sections having: ICT labs",Table x.9 col (6)
Karnataka,2025-26,"Upper Primary, Secondary and Higher Secondary",govt_aided_schools_with_functional_ict_lab,290,count,UDISE_2025-2026.pdf,168,"Number of Government Aided Schools with Upper Primary, Secondary and Higher Secondary sections having: Functional ICT Labs",Table x.9 col (7)
Karnataka,2025-26,"Upper Primary, Secondary and Higher Secondary",govt_schools_with_ict_lab,12.2,percent,UDISE_2025-2026.pdf,168,"Percentage of Government Schools with Upper Primary, Secondary and Higher Secondary sections having: ICT labs",Table x.9 col (8)
Karnataka,2025-26,"Upper Primary, Secondary and Higher Secondary",govt_schools_with_functional_ict_lab,9,percent,UDISE_2025-2026.pdf,168,"Percentage of Government Schools with Upper Primary, Secondary and Higher Secondary sections having: Functional ICT Labs",Table x.9 col (9)
Karnataka,2025-26,"Upper Primary, Secondary and Higher Secondary",govt_aided_schools_with_ict_lab,11.1,percent,UDISE_2025-2026.pdf,168,"Percentage of Government Aided Schools with Upper Primary, Secondary and Higher Secondary sections having: ICT labs",Table x.9 col (10)
Karnataka,2025-26,"Upper Primary, Secondary and Higher Secondary",govt_aided_schools_with_functional_ict_lab,4.4,percent,UDISE_2025-2026.pdf,168,"Percentage of Government Aided Schools with Upper Primary, Secondary and Higher Secondary sections having: Functional ICT Labs",Table x.9 col (11)
Kerala,2025-26,"Upper Primary, Secondary and Higher Secondary",govt_schools_total,2429,count,UDISE_2025-2026.pdf,168,"Number of Government Schools with Upper Primary, Secondary and Higher Secondary sections having: Total",Table x.9 col (2)
Kerala,2025-26,"Upper Primary, Secondary and Higher Secondary",govt_schools_with_ict_lab,1284,count,UDISE_2025-2026.pdf,168,"Number of Government Schools with Upper Primary, Secondary and Higher Secondary sections having: ICT labs",Table x.9 col (3)
Kerala,2025-26,"Upper Primary, Secondary and Higher Secondary",govt_schools_with_functional_ict_lab,1230,count,UDISE_2025-2026.pdf,168,"Number of Government Schools with Upper Primary, Secondary and Higher Secondary sections having: Functional ICT Labs",Table x.9 col (4)
Kerala,2025-26,"Upper Primary, Secondary and Higher Secondary",govt_aided_schools_total,3801,count,UDISE_2025-2026.pdf,168,"Number of Government Aided Schools with Upper Primary, Secondary and Higher Secondary sections having: Total",Table x.9 col (5)
Kerala,2025-26,"Upper Primary, Secondary and Higher Secondary",govt_aided_schools_with_ict_lab,2326,count,UDISE_2025-2026.pdf,168,"Number of Government Aided Schools with Upper Primary, Secondary and Higher Secondary sections having: ICT labs",Table x.9 col (6)
Kerala,2025-26,"Upper Primary, Secondary and Higher Secondary",govt_aided_schools_with_functional_ict_lab,2257,count,UDISE_2025-2026.pdf,168,"Number of Government Aided Schools with Upper Primary, Secondary and Higher Secondary sections having: Functional ICT Labs",Table x.9 col (7)
Kerala,2025-26,"Upper Primary, Secondary and Higher Secondary",govt_schools_with_ict_lab,52.9,percent,UDISE_2025-2026.pdf,168,"Percentage of Government Schools with Upper Primary, Secondary and Higher Secondary sections having: ICT labs",Table x.9 col (8)
Kerala,2025-26,"Upper Primary, Secondary and Higher Secondary",govt_schools_with_functional_ict_lab,50.6,percent,UDISE_2025-2026.pdf,168,"Percentage of Government Schools with Upper Primary, Secondary and Higher Secondary sections having: Functional ICT Labs",Table x.9 col (9)
Kerala,2025-26,"Upper Primary, Secondary and Higher Secondary",govt_aided_schools_with_ict_lab,61.2,percent,UDISE_2025-2026.pdf,168,"Percentage of Government Aided Schools with Upper Primary, Secondary and Higher Secondary sections having: ICT labs",Table x.9 col (10)
Kerala,2025-26,"Upper Primary, Secondary and Higher Secondary",govt_aided_schools_with_functional_ict_lab,59.4,percent,UDISE_2025-2026.pdf,168,"Percentage of Government Aided Schools with Upper Primary, Secondary and Higher Secondary sections having: Functional ICT Labs",Table x.9 col (11)
Ladakh,2025-26,"Upper Primary, Secondary and Higher Secondary",govt_schools_total,483,count,UDISE_2025-2026.pdf,168,"Number of Government Schools with Upper Primary, Secondary and Higher Secondary sections having: Total",Table x.9 col (2)
Ladakh,2025-26,"Upper Primary, Secondary and Higher Secondary",govt_schools_with_ict_lab,145,count,UDISE_2025-2026.pdf,168,"Number of Government Schools with Upper Primary, Secondary and Higher Secondary sections having: ICT labs",Table x.9 col (3)
Ladakh,2025-26,"Upper Primary, Secondary and Higher Secondary",govt_schools_with_functional_ict_lab,139,count,UDISE_2025-2026.pdf,168,"Number of Government Schools with Upper Primary, Secondary and Higher Secondary sections having: Functional ICT Labs",Table x.9 col (4)
Ladakh,2025-26,"Upper Primary, Secondary and Higher Secondary",govt_aided_schools_total,6,count,UDISE_2025-2026.pdf,168,"Number of Government Aided Schools with Upper Primary, Secondary and Higher Secondary sections having: Total",Table x.9 col (5)
Ladakh,2025-26,"Upper Primary, Secondary and Higher Secondary",govt_aided_schools_with_ict_lab,0,count,UDISE_2025-2026.pdf,168,"Number of Government Aided Schools with Upper Primary, Secondary and Higher Secondary sections having: ICT labs",Table x.9 col (6)
Ladakh,2025-26,"Upper Primary, Secondary and Higher Secondary",govt_aided_schools_with_functional_ict_lab,0,count,UDISE_2025-2026.pdf,168,"Number of Government Aided Schools with Upper Primary, Secondary and Higher Secondary sections having: Functional ICT Labs",Table x.9 col (7)
Ladakh,2025-26,"Upper Primary, Secondary and Higher Secondary",govt_schools_with_ict_lab,30,percent,UDISE_2025-2026.pdf,168,"Percentage of Government Schools with Upper Primary, Secondary and Higher Secondary sections having: ICT labs",Table x.9 col (8)
Ladakh,2025-26,"Upper Primary, Secondary and Higher Secondary",govt_schools_with_functional_ict_lab,28.8,percent,UDISE_2025-2026.pdf,168,"Percentage of Government Schools with Upper Primary, Secondary and Higher Secondary sections having: Functional ICT Labs",Table x.9 col (9)
Ladakh,2025-26,"Upper Primary, Secondary and Higher Secondary",govt_aided_schools_with_ict_lab,0,percent,UDISE_2025-2026.pdf,168,"Percentage of Government Aided Schools with Upper Primary, Secondary and Higher Secondary sections having: ICT labs",Table x.9 col (10)
Ladakh,2025-26,"Upper Primary, Secondary and Higher Secondary",govt_aided_schools_with_functional_ict_lab,0,percent,UDISE_2025-2026.pdf,168,"Percentage of Government Aided Schools with Upper Primary, Secondary and Higher Secondary sections having: Functional ICT Labs",Table x.9 col (11)
Lakshadweep,2025-26,"Upper Primary, Secondary and Higher Secondary",govt_schools_total,20,count,UDISE_2025-2026.pdf,168,"Number of Government Schools with Upper Primary, Secondary and Higher Secondary sections having: Total",Table x.9 col (2)
Lakshadweep,2025-26,"Upper Primary, Secondary and Higher Secondary",govt_schools_with_ict_lab,15,count,UDISE_2025-2026.pdf,168,"Number of Government Schools with Upper Primary, Secondary and Higher Secondary sections having: ICT labs",Table x.9 col (3)
Lakshadweep,2025-26,"Upper Primary, Secondary and Higher Secondary",govt_schools_with_functional_ict_lab,15,count,UDISE_2025-2026.pdf,168,"Number of Government Schools with Upper Primary, Secondary and Higher Secondary sections having: Functional ICT Labs",Table x.9 col (4)
Lakshadweep,2025-26,"Upper Primary, Secondary and Higher Secondary",govt_aided_schools_total,0,count,UDISE_2025-2026.pdf,168,"Number of Government Aided Schools with Upper Primary, Secondary and Higher Secondary sections having: Total",Table x.9 col (5)
Lakshadweep,2025-26,"Upper Primary, Secondary and Higher Secondary",govt_aided_schools_with_ict_lab,0,count,UDISE_2025-2026.pdf,168,"Number of Government Aided Schools with Upper Primary, Secondary and Higher Secondary sections having: ICT labs",Table x.9 col (6)
Lakshadweep,2025-26,"Upper Primary, Secondary and Higher Secondary",govt_aided_schools_with_functional_ict_lab,0,count,UDISE_2025-2026.pdf,168,"Number of Government Aided Schools with Upper Primary, Secondary and Higher Secondary sections having: Functional ICT Labs",Table x.9 col (7)
Lakshadweep,2025-26,"Upper Primary, Secondary and Higher Secondary",govt_schools_with_ict_lab,75,percent,UDISE_2025-2026.pdf,168,"Percentage of Government Schools with Upper Primary, Secondary and Higher Secondary sections having: ICT labs",Table x.9 col (8)
Lakshadweep,2025-26,"Upper Primary, Secondary and Higher Secondary",govt_schools_with_functional_ict_lab,75,percent,UDISE_2025-2026.pdf,168,"Percentage of Government Schools with Upper Primary, Secondary and Higher Secondary sections having: Functional ICT Labs",Table x.9 col (9)
Lakshadweep,2025-26,"Upper Primary, Secondary and Higher Secondary",govt_aided_schools_with_ict_lab,0,percent,UDISE_2025-2026.pdf,168,"Percentage of Government Aided Schools with Upper Primary, Secondary and Higher Secondary sections having: ICT labs",Table x.9 col (10)
Lakshadweep,2025-26,"Upper Primary, Secondary and Higher Secondary",govt_aided_schools_with_functional_ict_lab,0,percent,UDISE_2025-2026.pdf,168,"Percentage of Government Aided Schools with Upper Primary, Secondary and Higher Secondary sections having: Functional ICT Labs",Table x.9 col (11)
Madhya Pradesh,2025-26,"Upper Primary, Secondary and Higher Secondary",govt_schools_total,33981,count,UDISE_2025-2026.pdf,168,"Number of Government Schools with Upper Primary, Secondary and Higher Secondary sections having: Total",Table x.9 col (2)
Madhya Pradesh,2025-26,"Upper Primary, Secondary and Higher Secondary",govt_schools_with_ict_lab,3405,count,UDISE_2025-2026.pdf,168,"Number of Government Schools with Upper Primary, Secondary and Higher Secondary sections having: ICT labs",Table x.9 col (3)
Madhya Pradesh,2025-26,"Upper Primary, Secondary and Higher Secondary",govt_schools_with_functional_ict_lab,3287,count,UDISE_2025-2026.pdf,168,"Number of Government Schools with Upper Primary, Secondary and Higher Secondary sections having: Functional ICT Labs",Table x.9 col (4)
Madhya Pradesh,2025-26,"Upper Primary, Secondary and Higher Secondary",govt_aided_schools_total,346,count,UDISE_2025-2026.pdf,168,"Number of Government Aided Schools with Upper Primary, Secondary and Higher Secondary sections having: Total",Table x.9 col (5)
Madhya Pradesh,2025-26,"Upper Primary, Secondary and Higher Secondary",govt_aided_schools_with_ict_lab,6,count,UDISE_2025-2026.pdf,168,"Number of Government Aided Schools with Upper Primary, Secondary and Higher Secondary sections having: ICT labs",Table x.9 col (6)
Madhya Pradesh,2025-26,"Upper Primary, Secondary and Higher Secondary",govt_aided_schools_with_functional_ict_lab,5,count,UDISE_2025-2026.pdf,168,"Number of Government Aided Schools with Upper Primary, Secondary and Higher Secondary sections having: Functional ICT Labs",Table x.9 col (7)
Madhya Pradesh,2025-26,"Upper Primary, Secondary and Higher Secondary",govt_schools_with_ict_lab,10,percent,UDISE_2025-2026.pdf,168,"Percentage of Government Schools with Upper Primary, Secondary and Higher Secondary sections having: ICT labs",Table x.9 col (8)
Madhya Pradesh,2025-26,"Upper Primary, Secondary and Higher Secondary",govt_schools_with_functional_ict_lab,9.7,percent,UDISE_2025-2026.pdf,168,"Percentage of Government Schools with Upper Primary, Secondary and Higher Secondary sections having: Functional ICT Labs",Table x.9 col (9)
Madhya Pradesh,2025-26,"Upper Primary, Secondary and Higher Secondary",govt_aided_schools_with_ict_lab,1.7,percent,UDISE_2025-2026.pdf,168,"Percentage of Government Aided Schools with Upper Primary, Secondary and Higher Secondary sections having: ICT labs",Table x.9 col (10)
Madhya Pradesh,2025-26,"Upper Primary, Secondary and Higher Secondary",govt_aided_schools_with_functional_ict_lab,1.4,percent,UDISE_2025-2026.pdf,168,"Percentage of Government Aided Schools with Upper Primary, Secondary and Higher Secondary sections having: Functional ICT Labs",Table x.9 col (11)
Maharashtra,2025-26,"Upper Primary, Secondary and Higher Secondary",govt_schools_total,22509,count,UDISE_2025-2026.pdf,168,"Number of Government Schools with Upper Primary, Secondary and Higher Secondary sections having: Total",Table x.9 col (2)
Maharashtra,2025-26,"Upper Primary, Secondary and Higher Secondary",govt_schools_with_ict_lab,1459,count,UDISE_2025-2026.pdf,168,"Number of Government Schools with Upper Primary, Secondary and Higher Secondary sections having: ICT labs",Table x.9 col (3)
Maharashtra,2025-26,"Upper Primary, Secondary and Higher Secondary",govt_schools_with_functional_ict_lab,1330,count,UDISE_2025-2026.pdf,168,"Number of Government Schools with Upper Primary, Secondary and Higher Secondary sections having: Functional ICT Labs",Table x.9 col (4)
Maharashtra,2025-26,"Upper Primary, Secondary and Higher Secondary",govt_aided_schools_total,22248,count,UDISE_2025-2026.pdf,168,"Number of Government Aided Schools with Upper Primary, Secondary and Higher Secondary sections having: Total",Table x.9 col (5)
Maharashtra,2025-26,"Upper Primary, Secondary and Higher Secondary",govt_aided_schools_with_ict_lab,6634,count,UDISE_2025-2026.pdf,168,"Number of Government Aided Schools with Upper Primary, Secondary and Higher Secondary sections having: ICT labs",Table x.9 col (6)
Maharashtra,2025-26,"Upper Primary, Secondary and Higher Secondary",govt_aided_schools_with_functional_ict_lab,5309,count,UDISE_2025-2026.pdf,168,"Number of Government Aided Schools with Upper Primary, Secondary and Higher Secondary sections having: Functional ICT Labs",Table x.9 col (7)
Maharashtra,2025-26,"Upper Primary, Secondary and Higher Secondary",govt_schools_with_ict_lab,6.5,percent,UDISE_2025-2026.pdf,168,"Percentage of Government Schools with Upper Primary, Secondary and Higher Secondary sections having: ICT labs",Table x.9 col (8)
Maharashtra,2025-26,"Upper Primary, Secondary and Higher Secondary",govt_schools_with_functional_ict_lab,5.9,percent,UDISE_2025-2026.pdf,168,"Percentage of Government Schools with Upper Primary, Secondary and Higher Secondary sections having: Functional ICT Labs",Table x.9 col (9)
Maharashtra,2025-26,"Upper Primary, Secondary and Higher Secondary",govt_aided_schools_with_ict_lab,29.8,percent,UDISE_2025-2026.pdf,168,"Percentage of Government Aided Schools with Upper Primary, Secondary and Higher Secondary sections having: ICT labs",Table x.9 col (10)
Maharashtra,2025-26,"Upper Primary, Secondary and Higher Secondary",govt_aided_schools_with_functional_ict_lab,23.9,percent,UDISE_2025-2026.pdf,168,"Percentage of Government Aided Schools with Upper Primary, Secondary and Higher Secondary sections having: Functional ICT Labs",Table x.9 col (11)
Manipur,2025-26,"Upper Primary, Secondary and Higher Secondary",govt_schools_total,989,count,UDISE_2025-2026.pdf,168,"Number of Government Schools with Upper Primary, Secondary and Higher Secondary sections having: Total",Table x.9 col (2)
Manipur,2025-26,"Upper Primary, Secondary and Higher Secondary",govt_schools_with_ict_lab,390,count,UDISE_2025-2026.pdf,168,"Number of Government Schools with Upper Primary, Secondary and Higher Secondary sections having: ICT labs",Table x.9 col (3)
Manipur,2025-26,"Upper Primary, Secondary and Higher Secondary",govt_schools_with_functional_ict_lab,264,count,UDISE_2025-2026.pdf,168,"Number of Government Schools with Upper Primary, Secondary and Higher Secondary sections having: Functional ICT Labs",Table x.9 col (4)
Manipur,2025-26,"Upper Primary, Secondary and Higher Secondary",govt_aided_schools_total,185,count,UDISE_2025-2026.pdf,168,"Number of Government Aided Schools with Upper Primary, Secondary and Higher Secondary sections having: Total",Table x.9 col (5)
Manipur,2025-26,"Upper Primary, Secondary and Higher Secondary",govt_aided_schools_with_ict_lab,31,count,UDISE_2025-2026.pdf,168,"Number of Government Aided Schools with Upper Primary, Secondary and Higher Secondary sections having: ICT labs",Table x.9 col (6)
Manipur,2025-26,"Upper Primary, Secondary and Higher Secondary",govt_aided_schools_with_functional_ict_lab,10,count,UDISE_2025-2026.pdf,168,"Number of Government Aided Schools with Upper Primary, Secondary and Higher Secondary sections having: Functional ICT Labs",Table x.9 col (7)
Manipur,2025-26,"Upper Primary, Secondary and Higher Secondary",govt_schools_with_ict_lab,39.4,percent,UDISE_2025-2026.pdf,168,"Percentage of Government Schools with Upper Primary, Secondary and Higher Secondary sections having: ICT labs",Table x.9 col (8)
Manipur,2025-26,"Upper Primary, Secondary and Higher Secondary",govt_schools_with_functional_ict_lab,26.7,percent,UDISE_2025-2026.pdf,168,"Percentage of Government Schools with Upper Primary, Secondary and Higher Secondary sections having: Functional ICT Labs",Table x.9 col (9)
Manipur,2025-26,"Upper Primary, Secondary and Higher Secondary",govt_aided_schools_with_ict_lab,16.8,percent,UDISE_2025-2026.pdf,168,"Percentage of Government Aided Schools with Upper Primary, Secondary and Higher Secondary sections having: ICT labs",Table x.9 col (10)
Manipur,2025-26,"Upper Primary, Secondary and Higher Secondary",govt_aided_schools_with_functional_ict_lab,5.4,percent,UDISE_2025-2026.pdf,168,"Percentage of Government Aided Schools with Upper Primary, Secondary and Higher Secondary sections having: Functional ICT Labs",Table x.9 col (11)
Meghalaya,2025-26,"Upper Primary, Secondary and Higher Secondary",govt_schools_total,1626,count,UDISE_2025-2026.pdf,168,"Number of Government Schools with Upper Primary, Secondary and Higher Secondary sections having: Total",Table x.9 col (2)
Meghalaya,2025-26,"Upper Primary, Secondary and Higher Secondary",govt_schools_with_ict_lab,193,count,UDISE_2025-2026.pdf,168,"Number of Government Schools with Upper Primary, Secondary and Higher Secondary sections having: ICT labs",Table x.9 col (3)
Meghalaya,2025-26,"Upper Primary, Secondary and Higher Secondary",govt_schools_with_functional_ict_lab,148,count,UDISE_2025-2026.pdf,168,"Number of Government Schools with Upper Primary, Secondary and Higher Secondary sections having: Functional ICT Labs",Table x.9 col (4)
Meghalaya,2025-26,"Upper Primary, Secondary and Higher Secondary",govt_aided_schools_total,1959,count,UDISE_2025-2026.pdf,168,"Number of Government Aided Schools with Upper Primary, Secondary and Higher Secondary sections having: Total",Table x.9 col (5)
Meghalaya,2025-26,"Upper Primary, Secondary and Higher Secondary",govt_aided_schools_with_ict_lab,217,count,UDISE_2025-2026.pdf,168,"Number of Government Aided Schools with Upper Primary, Secondary and Higher Secondary sections having: ICT labs",Table x.9 col (6)
Meghalaya,2025-26,"Upper Primary, Secondary and Higher Secondary",govt_aided_schools_with_functional_ict_lab,182,count,UDISE_2025-2026.pdf,168,"Number of Government Aided Schools with Upper Primary, Secondary and Higher Secondary sections having: Functional ICT Labs",Table x.9 col (7)
Meghalaya,2025-26,"Upper Primary, Secondary and Higher Secondary",govt_schools_with_ict_lab,11.9,percent,UDISE_2025-2026.pdf,168,"Percentage of Government Schools with Upper Primary, Secondary and Higher Secondary sections having: ICT labs",Table x.9 col (8)
Meghalaya,2025-26,"Upper Primary, Secondary and Higher Secondary",govt_schools_with_functional_ict_lab,9.1,percent,UDISE_2025-2026.pdf,168,"Percentage of Government Schools with Upper Primary, Secondary and Higher Secondary sections having: Functional ICT Labs",Table x.9 col (9)
Meghalaya,2025-26,"Upper Primary, Secondary and Higher Secondary",govt_aided_schools_with_ict_lab,11.1,percent,UDISE_2025-2026.pdf,168,"Percentage of Government Aided Schools with Upper Primary, Secondary and Higher Secondary sections having: ICT labs",Table x.9 col (10)
Meghalaya,2025-26,"Upper Primary, Secondary and Higher Secondary",govt_aided_schools_with_functional_ict_lab,9.3,percent,UDISE_2025-2026.pdf,168,"Percentage of Government Aided Schools with Upper Primary, Secondary and Higher Secondary sections having: Functional ICT Labs",Table x.9 col (11)
Mizoram,2025-26,"Upper Primary, Secondary and Higher Secondary",govt_schools_total,1343,count,UDISE_2025-2026.pdf,168,"Number of Government Schools with Upper Primary, Secondary and Higher Secondary sections having: Total",Table x.9 col (2)
Mizoram,2025-26,"Upper Primary, Secondary and Higher Secondary",govt_schools_with_ict_lab,368,count,UDISE_2025-2026.pdf,168,"Number of Government Schools with Upper Primary, Secondary and Higher Secondary sections having: ICT labs",Table x.9 col (3)
Mizoram,2025-26,"Upper Primary, Secondary and Higher Secondary",govt_schools_with_functional_ict_lab,344,count,UDISE_2025-2026.pdf,168,"Number of Government Schools with Upper Primary, Secondary and Higher Secondary sections having: Functional ICT Labs",Table x.9 col (4)
Mizoram,2025-26,"Upper Primary, Secondary and Higher Secondary",govt_aided_schools_total,231,count,UDISE_2025-2026.pdf,168,"Number of Government Aided Schools with Upper Primary, Secondary and Higher Secondary sections having: Total",Table x.9 col (5)
Mizoram,2025-26,"Upper Primary, Secondary and Higher Secondary",govt_aided_schools_with_ict_lab,8,count,UDISE_2025-2026.pdf,168,"Number of Government Aided Schools with Upper Primary, Secondary and Higher Secondary sections having: ICT labs",Table x.9 col (6)
Mizoram,2025-26,"Upper Primary, Secondary and Higher Secondary",govt_aided_schools_with_functional_ict_lab,4,count,UDISE_2025-2026.pdf,168,"Number of Government Aided Schools with Upper Primary, Secondary and Higher Secondary sections having: Functional ICT Labs",Table x.9 col (7)
Mizoram,2025-26,"Upper Primary, Secondary and Higher Secondary",govt_schools_with_ict_lab,27.4,percent,UDISE_2025-2026.pdf,168,"Percentage of Government Schools with Upper Primary, Secondary and Higher Secondary sections having: ICT labs",Table x.9 col (8)
Mizoram,2025-26,"Upper Primary, Secondary and Higher Secondary",govt_schools_with_functional_ict_lab,25.6,percent,UDISE_2025-2026.pdf,168,"Percentage of Government Schools with Upper Primary, Secondary and Higher Secondary sections having: Functional ICT Labs",Table x.9 col (9)
Mizoram,2025-26,"Upper Primary, Secondary and Higher Secondary",govt_aided_schools_with_ict_lab,3.5,percent,UDISE_2025-2026.pdf,168,"Percentage of Government Aided Schools with Upper Primary, Secondary and Higher Secondary sections having: ICT labs",Table x.9 col (10)
Mizoram,2025-26,"Upper Primary, Secondary and Higher Secondary",govt_aided_schools_with_functional_ict_lab,1.7,percent,UDISE_2025-2026.pdf,168,"Percentage of Government Aided Schools with Upper Primary, Secondary and Higher Secondary sections having: Functional ICT Labs",Table x.9 col (11)
Nagaland,2025-26,"Upper Primary, Secondary and Higher Secondary",govt_schools_total,849,count,UDISE_2025-2026.pdf,168,"Number of Government Schools with Upper Primary, Secondary and Higher Secondary sections having: Total",Table x.9 col (2)
Nagaland,2025-26,"Upper Primary, Secondary and Higher Secondary",govt_schools_with_ict_lab,120,count,UDISE_2025-2026.pdf,168,"Number of Government Schools with Upper Primary, Secondary and Higher Secondary sections having: ICT labs",Table x.9 col (3)
Nagaland,2025-26,"Upper Primary, Secondary and Higher Secondary",govt_schools_with_functional_ict_lab,99,count,UDISE_2025-2026.pdf,168,"Number of Government Schools with Upper Primary, Secondary and Higher Secondary sections having: Functional ICT Labs",Table x.9 col (4)
Nagaland,2025-26,"Upper Primary, Secondary and Higher Secondary",govt_aided_schools_total,0,count,UDISE_2025-2026.pdf,168,"Number of Government Aided Schools with Upper Primary, Secondary and Higher Secondary sections having: Total",Table x.9 col (5)
Nagaland,2025-26,"Upper Primary, Secondary and Higher Secondary",govt_aided_schools_with_ict_lab,0,count,UDISE_2025-2026.pdf,168,"Number of Government Aided Schools with Upper Primary, Secondary and Higher Secondary sections having: ICT labs",Table x.9 col (6)
Nagaland,2025-26,"Upper Primary, Secondary and Higher Secondary",govt_aided_schools_with_functional_ict_lab,0,count,UDISE_2025-2026.pdf,168,"Number of Government Aided Schools with Upper Primary, Secondary and Higher Secondary sections having: Functional ICT Labs",Table x.9 col (7)
Nagaland,2025-26,"Upper Primary, Secondary and Higher Secondary",govt_schools_with_ict_lab,14.1,percent,UDISE_2025-2026.pdf,168,"Percentage of Government Schools with Upper Primary, Secondary and Higher Secondary sections having: ICT labs",Table x.9 col (8)
Nagaland,2025-26,"Upper Primary, Secondary and Higher Secondary",govt_schools_with_functional_ict_lab,11.7,percent,UDISE_2025-2026.pdf,168,"Percentage of Government Schools with Upper Primary, Secondary and Higher Secondary sections having: Functional ICT Labs",Table x.9 col (9)
Nagaland,2025-26,"Upper Primary, Secondary and Higher Secondary",govt_aided_schools_with_ict_lab,0,percent,UDISE_2025-2026.pdf,168,"Percentage of Government Aided Schools with Upper Primary, Secondary and Higher Secondary sections having: ICT labs",Table x.9 col (10)
Nagaland,2025-26,"Upper Primary, Secondary and Higher Secondary",govt_aided_schools_with_functional_ict_lab,0,percent,UDISE_2025-2026.pdf,168,"Percentage of Government Aided Schools with Upper Primary, Secondary and Higher Secondary sections having: Functional ICT Labs",Table x.9 col (11)
Odisha,2025-26,"Upper Primary, Secondary and Higher Secondary",govt_schools_total,21811,count,UDISE_2025-2026.pdf,168,"Number of Government Schools with Upper Primary, Secondary and Higher Secondary sections having: Total",Table x.9 col (2)
Odisha,2025-26,"Upper Primary, Secondary and Higher Secondary",govt_schools_with_ict_lab,5528,count,UDISE_2025-2026.pdf,168,"Number of Government Schools with Upper Primary, Secondary and Higher Secondary sections having: ICT labs",Table x.9 col (3)
Odisha,2025-26,"Upper Primary, Secondary and Higher Secondary",govt_schools_with_functional_ict_lab,4331,count,UDISE_2025-2026.pdf,168,"Number of Government Schools with Upper Primary, Secondary and Higher Secondary sections having: Functional ICT Labs",Table x.9 col (4)
Odisha,2025-26,"Upper Primary, Secondary and Higher Secondary",govt_aided_schools_total,5455,count,UDISE_2025-2026.pdf,168,"Number of Government Aided Schools with Upper Primary, Secondary and Higher Secondary sections having: Total",Table x.9 col (5)
Odisha,2025-26,"Upper Primary, Secondary and Higher Secondary",govt_aided_schools_with_ict_lab,1582,count,UDISE_2025-2026.pdf,168,"Number of Government Aided Schools with Upper Primary, Secondary and Higher Secondary sections having: ICT labs",Table x.9 col (6)
Odisha,2025-26,"Upper Primary, Secondary and Higher Secondary",govt_aided_schools_with_functional_ict_lab,1463,count,UDISE_2025-2026.pdf,168,"Number of Government Aided Schools with Upper Primary, Secondary and Higher Secondary sections having: Functional ICT Labs",Table x.9 col (7)
Odisha,2025-26,"Upper Primary, Secondary and Higher Secondary",govt_schools_with_ict_lab,25.3,percent,UDISE_2025-2026.pdf,168,"Percentage of Government Schools with Upper Primary, Secondary and Higher Secondary sections having: ICT labs",Table x.9 col (8)
Odisha,2025-26,"Upper Primary, Secondary and Higher Secondary",govt_schools_with_functional_ict_lab,19.9,percent,UDISE_2025-2026.pdf,168,"Percentage of Government Schools with Upper Primary, Secondary and Higher Secondary sections having: Functional ICT Labs",Table x.9 col (9)
Odisha,2025-26,"Upper Primary, Secondary and Higher Secondary",govt_aided_schools_with_ict_lab,29,percent,UDISE_2025-2026.pdf,168,"Percentage of Government Aided Schools with Upper Primary, Secondary and Higher Secondary sections having: ICT labs",Table x.9 col (10)
Odisha,2025-26,"Upper Primary, Secondary and Higher Secondary",govt_aided_schools_with_functional_ict_lab,26.8,percent,UDISE_2025-2026.pdf,168,"Percentage of Government Aided Schools with Upper Primary, Secondary and Higher Secondary sections having: Functional ICT Labs",Table x.9 col (11)
Puducherry,2025-26,"Upper Primary, Secondary and Higher Secondary",govt_schools_total,186,count,UDISE_2025-2026.pdf,168,"Number of Government Schools with Upper Primary, Secondary and Higher Secondary sections having: Total",Table x.9 col (2)
Puducherry,2025-26,"Upper Primary, Secondary and Higher Secondary",govt_schools_with_ict_lab,166,count,UDISE_2025-2026.pdf,168,"Number of Government Schools with Upper Primary, Secondary and Higher Secondary sections having: ICT labs",Table x.9 col (3)
Puducherry,2025-26,"Upper Primary, Secondary and Higher Secondary",govt_schools_with_functional_ict_lab,146,count,UDISE_2025-2026.pdf,168,"Number of Government Schools with Upper Primary, Secondary and Higher Secondary sections having: Functional ICT Labs",Table x.9 col (4)
Puducherry,2025-26,"Upper Primary, Secondary and Higher Secondary",govt_aided_schools_total,31,count,UDISE_2025-2026.pdf,168,"Number of Government Aided Schools with Upper Primary, Secondary and Higher Secondary sections having: Total",Table x.9 col (5)
Puducherry,2025-26,"Upper Primary, Secondary and Higher Secondary",govt_aided_schools_with_ict_lab,5,count,UDISE_2025-2026.pdf,168,"Number of Government Aided Schools with Upper Primary, Secondary and Higher Secondary sections having: ICT labs",Table x.9 col (6)
Puducherry,2025-26,"Upper Primary, Secondary and Higher Secondary",govt_aided_schools_with_functional_ict_lab,5,count,UDISE_2025-2026.pdf,168,"Number of Government Aided Schools with Upper Primary, Secondary and Higher Secondary sections having: Functional ICT Labs",Table x.9 col (7)
Puducherry,2025-26,"Upper Primary, Secondary and Higher Secondary",govt_schools_with_ict_lab,89.2,percent,UDISE_2025-2026.pdf,168,"Percentage of Government Schools with Upper Primary, Secondary and Higher Secondary sections having: ICT labs",Table x.9 col (8)
Puducherry,2025-26,"Upper Primary, Secondary and Higher Secondary",govt_schools_with_functional_ict_lab,78.5,percent,UDISE_2025-2026.pdf,168,"Percentage of Government Schools with Upper Primary, Secondary and Higher Secondary sections having: Functional ICT Labs",Table x.9 col (9)
Puducherry,2025-26,"Upper Primary, Secondary and Higher Secondary",govt_aided_schools_with_ict_lab,16.1,percent,UDISE_2025-2026.pdf,168,"Percentage of Government Aided Schools with Upper Primary, Secondary and Higher Secondary sections having: ICT labs",Table x.9 col (10)
Puducherry,2025-26,"Upper Primary, Secondary and Higher Secondary",govt_aided_schools_with_functional_ict_lab,16.1,percent,UDISE_2025-2026.pdf,168,"Percentage of Government Aided Schools with Upper Primary, Secondary and Higher Secondary sections having: Functional ICT Labs",Table x.9 col (11)
Punjab,2025-26,"Upper Primary, Secondary and Higher Secondary",govt_schools_total,6426,count,UDISE_2025-2026.pdf,168,"Number of Government Schools with Upper Primary, Secondary and Higher Secondary sections having: Total",Table x.9 col (2)
Punjab,2025-26,"Upper Primary, Secondary and Higher Secondary",govt_schools_with_ict_lab,2932,count,UDISE_2025-2026.pdf,168,"Number of Government Schools with Upper Primary, Secondary and Higher Secondary sections having: ICT labs",Table x.9 col (3)
Punjab,2025-26,"Upper Primary, Secondary and Higher Secondary",govt_schools_with_functional_ict_lab,627,count,UDISE_2025-2026.pdf,168,"Number of Government Schools with Upper Primary, Secondary and Higher Secondary sections having: Functional ICT Labs",Table x.9 col (4)
Punjab,2025-26,"Upper Primary, Secondary and Higher Secondary",govt_aided_schools_total,387,count,UDISE_2025-2026.pdf,168,"Number of Government Aided Schools with Upper Primary, Secondary and Higher Secondary sections having: Total",Table x.9 col (5)
Punjab,2025-26,"Upper Primary, Secondary and Higher Secondary",govt_aided_schools_with_ict_lab,122,count,UDISE_2025-2026.pdf,168,"Number of Government Aided Schools with Upper Primary, Secondary and Higher Secondary sections having: ICT labs",Table x.9 col (6)
Punjab,2025-26,"Upper Primary, Secondary and Higher Secondary",govt_aided_schools_with_functional_ict_lab,118,count,UDISE_2025-2026.pdf,168,"Number of Government Aided Schools with Upper Primary, Secondary and Higher Secondary sections having: Functional ICT Labs",Table x.9 col (7)
Punjab,2025-26,"Upper Primary, Secondary and Higher Secondary",govt_schools_with_ict_lab,45.6,percent,UDISE_2025-2026.pdf,168,"Percentage of Government Schools with Upper Primary, Secondary and Higher Secondary sections having: ICT labs",Table x.9 col (8)
Punjab,2025-26,"Upper Primary, Secondary and Higher Secondary",govt_schools_with_functional_ict_lab,9.8,percent,UDISE_2025-2026.pdf,168,"Percentage of Government Schools with Upper Primary, Secondary and Higher Secondary sections having: Functional ICT Labs",Table x.9 col (9)
Punjab,2025-26,"Upper Primary, Secondary and Higher Secondary",govt_aided_schools_with_ict_lab,31.5,percent,UDISE_2025-2026.pdf,168,"Percentage of Government Aided Schools with Upper Primary, Secondary and Higher Secondary sections having: ICT labs",Table x.9 col (10)
Punjab,2025-26,"Upper Primary, Secondary and Higher Secondary",govt_aided_schools_with_functional_ict_lab,30.5,percent,UDISE_2025-2026.pdf,168,"Percentage of Government Aided Schools with Upper Primary, Secondary and Higher Secondary sections having: Functional ICT Labs",Table x.9 col (11)
Rajasthan,2025-26,"Upper Primary, Secondary and Higher Secondary",govt_schools_total,38161,count,UDISE_2025-2026.pdf,168,"Number of Government Schools with Upper Primary, Secondary and Higher Secondary sections having: Total",Table x.9 col (2)
Rajasthan,2025-26,"Upper Primary, Secondary and Higher Secondary",govt_schools_with_ict_lab,12254,count,UDISE_2025-2026.pdf,168,"Number of Government Schools with Upper Primary, Secondary and Higher Secondary sections having: ICT labs",Table x.9 col (3)
Rajasthan,2025-26,"Upper Primary, Secondary and Higher Secondary",govt_schools_with_functional_ict_lab,9668,count,UDISE_2025-2026.pdf,168,"Number of Government Schools with Upper Primary, Secondary and Higher Secondary sections having: Functional ICT Labs",Table x.9 col (4)
Rajasthan,2025-26,"Upper Primary, Secondary and Higher Secondary",govt_aided_schools_total,0,count,UDISE_2025-2026.pdf,168,"Number of Government Aided Schools with Upper Primary, Secondary and Higher Secondary sections having: Total",Table x.9 col (5)
Rajasthan,2025-26,"Upper Primary, Secondary and Higher Secondary",govt_aided_schools_with_ict_lab,0,count,UDISE_2025-2026.pdf,168,"Number of Government Aided Schools with Upper Primary, Secondary and Higher Secondary sections having: ICT labs",Table x.9 col (6)
Rajasthan,2025-26,"Upper Primary, Secondary and Higher Secondary",govt_aided_schools_with_functional_ict_lab,0,count,UDISE_2025-2026.pdf,168,"Number of Government Aided Schools with Upper Primary, Secondary and Higher Secondary sections having: Functional ICT Labs",Table x.9 col (7)
Rajasthan,2025-26,"Upper Primary, Secondary and Higher Secondary",govt_schools_with_ict_lab,32.1,percent,UDISE_2025-2026.pdf,168,"Percentage of Government Schools with Upper Primary, Secondary and Higher Secondary sections having: ICT labs",Table x.9 col (8)
Rajasthan,2025-26,"Upper Primary, Secondary and Higher Secondary",govt_schools_with_functional_ict_lab,25.3,percent,UDISE_2025-2026.pdf,168,"Percentage of Government Schools with Upper Primary, Secondary and Higher Secondary sections having: Functional ICT Labs",Table x.9 col (9)
Rajasthan,2025-26,"Upper Primary, Secondary and Higher Secondary",govt_aided_schools_with_ict_lab,0,percent,UDISE_2025-2026.pdf,168,"Percentage of Government Aided Schools with Upper Primary, Secondary and Higher Secondary sections having: ICT labs",Table x.9 col (10)
Rajasthan,2025-26,"Upper Primary, Secondary and Higher Secondary",govt_aided_schools_with_functional_ict_lab,0,percent,UDISE_2025-2026.pdf,168,"Percentage of Government Aided Schools with Upper Primary, Secondary and Higher Secondary sections having: Functional ICT Labs",Table x.9 col (11)
Sikkim,2025-26,"Upper Primary, Secondary and Higher Secondary",govt_schools_total,393,count,UDISE_2025-2026.pdf,168,"Number of Government Schools with Upper Primary, Secondary and Higher Secondary sections having: Total",Table x.9 col (2)
Sikkim,2025-26,"Upper Primary, Secondary and Higher Secondary",govt_schools_with_ict_lab,221,count,UDISE_2025-2026.pdf,168,"Number of Government Schools with Upper Primary, Secondary and Higher Secondary sections having: ICT labs",Table x.9 col (3)
Sikkim,2025-26,"Upper Primary, Secondary and Higher Secondary",govt_schools_with_functional_ict_lab,218,count,UDISE_2025-2026.pdf,168,"Number of Government Schools with Upper Primary, Secondary and Higher Secondary sections having: Functional ICT Labs",Table x.9 col (4)
Sikkim,2025-26,"Upper Primary, Secondary and Higher Secondary",govt_aided_schools_total,10,count,UDISE_2025-2026.pdf,168,"Number of Government Aided Schools with Upper Primary, Secondary and Higher Secondary sections having: Total",Table x.9 col (5)
Sikkim,2025-26,"Upper Primary, Secondary and Higher Secondary",govt_aided_schools_with_ict_lab,3,count,UDISE_2025-2026.pdf,168,"Number of Government Aided Schools with Upper Primary, Secondary and Higher Secondary sections having: ICT labs",Table x.9 col (6)
Sikkim,2025-26,"Upper Primary, Secondary and Higher Secondary",govt_aided_schools_with_functional_ict_lab,2,count,UDISE_2025-2026.pdf,168,"Number of Government Aided Schools with Upper Primary, Secondary and Higher Secondary sections having: Functional ICT Labs",Table x.9 col (7)
Sikkim,2025-26,"Upper Primary, Secondary and Higher Secondary",govt_schools_with_ict_lab,56.2,percent,UDISE_2025-2026.pdf,168,"Percentage of Government Schools with Upper Primary, Secondary and Higher Secondary sections having: ICT labs",Table x.9 col (8)
Sikkim,2025-26,"Upper Primary, Secondary and Higher Secondary",govt_schools_with_functional_ict_lab,55.5,percent,UDISE_2025-2026.pdf,168,"Percentage of Government Schools with Upper Primary, Secondary and Higher Secondary sections having: Functional ICT Labs",Table x.9 col (9)
Sikkim,2025-26,"Upper Primary, Secondary and Higher Secondary",govt_aided_schools_with_ict_lab,30,percent,UDISE_2025-2026.pdf,168,"Percentage of Government Aided Schools with Upper Primary, Secondary and Higher Secondary sections having: ICT labs",Table x.9 col (10)
Sikkim,2025-26,"Upper Primary, Secondary and Higher Secondary",govt_aided_schools_with_functional_ict_lab,20,percent,UDISE_2025-2026.pdf,168,"Percentage of Government Aided Schools with Upper Primary, Secondary and Higher Secondary sections having: Functional ICT Labs",Table x.9 col (11)
Tamil Nadu,2025-26,"Upper Primary, Secondary and Higher Secondary",govt_schools_total,13329,count,UDISE_2025-2026.pdf,168,"Number of Government Schools with Upper Primary, Secondary and Higher Secondary sections having: Total",Table x.9 col (2)
Tamil Nadu,2025-26,"Upper Primary, Secondary and Higher Secondary",govt_schools_with_ict_lab,12500,count,UDISE_2025-2026.pdf,168,"Number of Government Schools with Upper Primary, Secondary and Higher Secondary sections having: ICT labs",Table x.9 col (3)
Tamil Nadu,2025-26,"Upper Primary, Secondary and Higher Secondary",govt_schools_with_functional_ict_lab,11892,count,UDISE_2025-2026.pdf,168,"Number of Government Schools with Upper Primary, Secondary and Higher Secondary sections having: Functional ICT Labs",Table x.9 col (4)
Tamil Nadu,2025-26,"Upper Primary, Secondary and Higher Secondary",govt_aided_schools_total,3260,count,UDISE_2025-2026.pdf,168,"Number of Government Aided Schools with Upper Primary, Secondary and Higher Secondary sections having: Total",Table x.9 col (5)
Tamil Nadu,2025-26,"Upper Primary, Secondary and Higher Secondary",govt_aided_schools_with_ict_lab,123,count,UDISE_2025-2026.pdf,168,"Number of Government Aided Schools with Upper Primary, Secondary and Higher Secondary sections having: ICT labs",Table x.9 col (6)
Tamil Nadu,2025-26,"Upper Primary, Secondary and Higher Secondary",govt_aided_schools_with_functional_ict_lab,94,count,UDISE_2025-2026.pdf,168,"Number of Government Aided Schools with Upper Primary, Secondary and Higher Secondary sections having: Functional ICT Labs",Table x.9 col (7)
Tamil Nadu,2025-26,"Upper Primary, Secondary and Higher Secondary",govt_schools_with_ict_lab,93.8,percent,UDISE_2025-2026.pdf,168,"Percentage of Government Schools with Upper Primary, Secondary and Higher Secondary sections having: ICT labs",Table x.9 col (8)
Tamil Nadu,2025-26,"Upper Primary, Secondary and Higher Secondary",govt_schools_with_functional_ict_lab,89.2,percent,UDISE_2025-2026.pdf,168,"Percentage of Government Schools with Upper Primary, Secondary and Higher Secondary sections having: Functional ICT Labs",Table x.9 col (9)
Tamil Nadu,2025-26,"Upper Primary, Secondary and Higher Secondary",govt_aided_schools_with_ict_lab,3.8,percent,UDISE_2025-2026.pdf,168,"Percentage of Government Aided Schools with Upper Primary, Secondary and Higher Secondary sections having: ICT labs",Table x.9 col (10)
Tamil Nadu,2025-26,"Upper Primary, Secondary and Higher Secondary",govt_aided_schools_with_functional_ict_lab,2.9,percent,UDISE_2025-2026.pdf,168,"Percentage of Government Aided Schools with Upper Primary, Secondary and Higher Secondary sections having: Functional ICT Labs",Table x.9 col (11)
Telangana,2025-26,"Upper Primary, Secondary and Higher Secondary",govt_schools_total,10251,count,UDISE_2025-2026.pdf,168,"Number of Government Schools with Upper Primary, Secondary and Higher Secondary sections having: Total",Table x.9 col (2)
Telangana,2025-26,"Upper Primary, Secondary and Higher Secondary",govt_schools_with_ict_lab,4030,count,UDISE_2025-2026.pdf,168,"Number of Government Schools with Upper Primary, Secondary and Higher Secondary sections having: ICT labs",Table x.9 col (3)
Telangana,2025-26,"Upper Primary, Secondary and Higher Secondary",govt_schools_with_functional_ict_lab,4001,count,UDISE_2025-2026.pdf,168,"Number of Government Schools with Upper Primary, Secondary and Higher Secondary sections having: Functional ICT Labs",Table x.9 col (4)
Telangana,2025-26,"Upper Primary, Secondary and Higher Secondary",govt_aided_schools_total,242,count,UDISE_2025-2026.pdf,168,"Number of Government Aided Schools with Upper Primary, Secondary and Higher Secondary sections having: Total",Table x.9 col (5)
Telangana,2025-26,"Upper Primary, Secondary and Higher Secondary",govt_aided_schools_with_ict_lab,8,count,UDISE_2025-2026.pdf,168,"Number of Government Aided Schools with Upper Primary, Secondary and Higher Secondary sections having: ICT labs",Table x.9 col (6)
Telangana,2025-26,"Upper Primary, Secondary and Higher Secondary",govt_aided_schools_with_functional_ict_lab,8,count,UDISE_2025-2026.pdf,168,"Number of Government Aided Schools with Upper Primary, Secondary and Higher Secondary sections having: Functional ICT Labs",Table x.9 col (7)
Telangana,2025-26,"Upper Primary, Secondary and Higher Secondary",govt_schools_with_ict_lab,39.3,percent,UDISE_2025-2026.pdf,168,"Percentage of Government Schools with Upper Primary, Secondary and Higher Secondary sections having: ICT labs",Table x.9 col (8)
Telangana,2025-26,"Upper Primary, Secondary and Higher Secondary",govt_schools_with_functional_ict_lab,39,percent,UDISE_2025-2026.pdf,168,"Percentage of Government Schools with Upper Primary, Secondary and Higher Secondary sections having: Functional ICT Labs",Table x.9 col (9)
Telangana,2025-26,"Upper Primary, Secondary and Higher Secondary",govt_aided_schools_with_ict_lab,3.3,percent,UDISE_2025-2026.pdf,168,"Percentage of Government Aided Schools with Upper Primary, Secondary and Higher Secondary sections having: ICT labs",Table x.9 col (10)
Telangana,2025-26,"Upper Primary, Secondary and Higher Secondary",govt_aided_schools_with_functional_ict_lab,3.3,percent,UDISE_2025-2026.pdf,168,"Percentage of Government Aided Schools with Upper Primary, Secondary and Higher Secondary sections having: Functional ICT Labs",Table x.9 col (11)
Tripura,2025-26,"Upper Primary, Secondary and Higher Secondary",govt_schools_total,2147,count,UDISE_2025-2026.pdf,168,"Number of Government Schools with Upper Primary, Secondary and Higher Secondary sections having: Total",Table x.9 col (2)
Tripura,2025-26,"Upper Primary, Secondary and Higher Secondary",govt_schools_with_ict_lab,1006,count,UDISE_2025-2026.pdf,168,"Number of Government Schools with Upper Primary, Secondary and Higher Secondary sections having: ICT labs",Table x.9 col (3)
Tripura,2025-26,"Upper Primary, Secondary and Higher Secondary",govt_schools_with_functional_ict_lab,992,count,UDISE_2025-2026.pdf,168,"Number of Government Schools with Upper Primary, Secondary and Higher Secondary sections having: Functional ICT Labs",Table x.9 col (4)
Tripura,2025-26,"Upper Primary, Secondary and Higher Secondary",govt_aided_schools_total,35,count,UDISE_2025-2026.pdf,168,"Number of Government Aided Schools with Upper Primary, Secondary and Higher Secondary sections having: Total",Table x.9 col (5)
Tripura,2025-26,"Upper Primary, Secondary and Higher Secondary",govt_aided_schools_with_ict_lab,7,count,UDISE_2025-2026.pdf,168,"Number of Government Aided Schools with Upper Primary, Secondary and Higher Secondary sections having: ICT labs",Table x.9 col (6)
Tripura,2025-26,"Upper Primary, Secondary and Higher Secondary",govt_aided_schools_with_functional_ict_lab,7,count,UDISE_2025-2026.pdf,168,"Number of Government Aided Schools with Upper Primary, Secondary and Higher Secondary sections having: Functional ICT Labs",Table x.9 col (7)
Tripura,2025-26,"Upper Primary, Secondary and Higher Secondary",govt_schools_with_ict_lab,46.9,percent,UDISE_2025-2026.pdf,168,"Percentage of Government Schools with Upper Primary, Secondary and Higher Secondary sections having: ICT labs",Table x.9 col (8)
Tripura,2025-26,"Upper Primary, Secondary and Higher Secondary",govt_schools_with_functional_ict_lab,46.2,percent,UDISE_2025-2026.pdf,168,"Percentage of Government Schools with Upper Primary, Secondary and Higher Secondary sections having: Functional ICT Labs",Table x.9 col (9)
Tripura,2025-26,"Upper Primary, Secondary and Higher Secondary",govt_aided_schools_with_ict_lab,20,percent,UDISE_2025-2026.pdf,168,"Percentage of Government Aided Schools with Upper Primary, Secondary and Higher Secondary sections having: ICT labs",Table x.9 col (10)
Tripura,2025-26,"Upper Primary, Secondary and Higher Secondary",govt_aided_schools_with_functional_ict_lab,20,percent,UDISE_2025-2026.pdf,168,"Percentage of Government Aided Schools with Upper Primary, Secondary and Higher Secondary sections having: Functional ICT Labs",Table x.9 col (11)
Uttar Pradesh,2025-26,"Upper Primary, Secondary and Higher Secondary",govt_schools_total,49551,count,UDISE_2025-2026.pdf,168,"Number of Government Schools with Upper Primary, Secondary and Higher Secondary sections having: Total",Table x.9 col (2)
Uttar Pradesh,2025-26,"Upper Primary, Secondary and Higher Secondary",govt_schools_with_ict_lab,5466,count,UDISE_2025-2026.pdf,168,"Number of Government Schools with Upper Primary, Secondary and Higher Secondary sections having: ICT labs",Table x.9 col (3)
Uttar Pradesh,2025-26,"Upper Primary, Secondary and Higher Secondary",govt_schools_with_functional_ict_lab,4698,count,UDISE_2025-2026.pdf,168,"Number of Government Schools with Upper Primary, Secondary and Higher Secondary sections having: Functional ICT Labs",Table x.9 col (4)
Uttar Pradesh,2025-26,"Upper Primary, Secondary and Higher Secondary",govt_aided_schools_total,8178,count,UDISE_2025-2026.pdf,168,"Number of Government Aided Schools with Upper Primary, Secondary and Higher Secondary sections having: Total",Table x.9 col (5)
Uttar Pradesh,2025-26,"Upper Primary, Secondary and Higher Secondary",govt_aided_schools_with_ict_lab,573,count,UDISE_2025-2026.pdf,168,"Number of Government Aided Schools with Upper Primary, Secondary and Higher Secondary sections having: ICT labs",Table x.9 col (6)
Uttar Pradesh,2025-26,"Upper Primary, Secondary and Higher Secondary",govt_aided_schools_with_functional_ict_lab,317,count,UDISE_2025-2026.pdf,168,"Number of Government Aided Schools with Upper Primary, Secondary and Higher Secondary sections having: Functional ICT Labs",Table x.9 col (7)
Uttar Pradesh,2025-26,"Upper Primary, Secondary and Higher Secondary",govt_schools_with_ict_lab,11,percent,UDISE_2025-2026.pdf,168,"Percentage of Government Schools with Upper Primary, Secondary and Higher Secondary sections having: ICT labs",Table x.9 col (8)
Uttar Pradesh,2025-26,"Upper Primary, Secondary and Higher Secondary",govt_schools_with_functional_ict_lab,9.5,percent,UDISE_2025-2026.pdf,168,"Percentage of Government Schools with Upper Primary, Secondary and Higher Secondary sections having: Functional ICT Labs",Table x.9 col (9)
Uttar Pradesh,2025-26,"Upper Primary, Secondary and Higher Secondary",govt_aided_schools_with_ict_lab,7,percent,UDISE_2025-2026.pdf,168,"Percentage of Government Aided Schools with Upper Primary, Secondary and Higher Secondary sections having: ICT labs",Table x.9 col (10)
Uttar Pradesh,2025-26,"Upper Primary, Secondary and Higher Secondary",govt_aided_schools_with_functional_ict_lab,3.9,percent,UDISE_2025-2026.pdf,168,"Percentage of Government Aided Schools with Upper Primary, Secondary and Higher Secondary sections having: Functional ICT Labs",Table x.9 col (11)
Uttarakhand,2025-26,"Upper Primary, Secondary and Higher Secondary",govt_schools_total,4867,count,UDISE_2025-2026.pdf,168,"Number of Government Schools with Upper Primary, Secondary and Higher Secondary sections having: Total",Table x.9 col (2)
Uttarakhand,2025-26,"Upper Primary, Secondary and Higher Secondary",govt_schools_with_ict_lab,662,count,UDISE_2025-2026.pdf,168,"Number of Government Schools with Upper Primary, Secondary and Higher Secondary sections having: ICT labs",Table x.9 col (3)
Uttarakhand,2025-26,"Upper Primary, Secondary and Higher Secondary",govt_schools_with_functional_ict_lab,616,count,UDISE_2025-2026.pdf,168,"Number of Government Schools with Upper Primary, Secondary and Higher Secondary sections having: Functional ICT Labs",Table x.9 col (4)
Uttarakhand,2025-26,"Upper Primary, Secondary and Higher Secondary",govt_aided_schools_total,602,count,UDISE_2025-2026.pdf,168,"Number of Government Aided Schools with Upper Primary, Secondary and Higher Secondary sections having: Total",Table x.9 col (5)
Uttarakhand,2025-26,"Upper Primary, Secondary and Higher Secondary",govt_aided_schools_with_ict_lab,19,count,UDISE_2025-2026.pdf,168,"Number of Government Aided Schools with Upper Primary, Secondary and Higher Secondary sections having: ICT labs",Table x.9 col (6)
Uttarakhand,2025-26,"Upper Primary, Secondary and Higher Secondary",govt_aided_schools_with_functional_ict_lab,14,count,UDISE_2025-2026.pdf,168,"Number of Government Aided Schools with Upper Primary, Secondary and Higher Secondary sections having: Functional ICT Labs",Table x.9 col (7)
Uttarakhand,2025-26,"Upper Primary, Secondary and Higher Secondary",govt_schools_with_ict_lab,13.6,percent,UDISE_2025-2026.pdf,168,"Percentage of Government Schools with Upper Primary, Secondary and Higher Secondary sections having: ICT labs",Table x.9 col (8)
Uttarakhand,2025-26,"Upper Primary, Secondary and Higher Secondary",govt_schools_with_functional_ict_lab,12.7,percent,UDISE_2025-2026.pdf,168,"Percentage of Government Schools with Upper Primary, Secondary and Higher Secondary sections having: Functional ICT Labs",Table x.9 col (9)
Uttarakhand,2025-26,"Upper Primary, Secondary and Higher Secondary",govt_aided_schools_with_ict_lab,3.2,percent,UDISE_2025-2026.pdf,168,"Percentage of Government Aided Schools with Upper Primary, Secondary and Higher Secondary sections having: ICT labs",Table x.9 col (10)
Uttarakhand,2025-26,"Upper Primary, Secondary and Higher Secondary",govt_aided_schools_with_functional_ict_lab,2.3,percent,UDISE_2025-2026.pdf,168,"Percentage of Government Aided Schools with Upper Primary, Secondary and Higher Secondary sections having: Functional ICT Labs",Table x.9 col (11)
West Bengal,2025-26,"Upper Primary, Secondary and Higher Secondary",govt_schools_total,15393,count,UDISE_2025-2026.pdf,168,"Number of Government Schools with Upper Primary, Secondary and Higher Secondary sections having: Total",Table x.9 col (2)
West Bengal,2025-26,"Upper Primary, Secondary and Higher Secondary",govt_schools_with_ict_lab,8317,count,UDISE_2025-2026.pdf,168,"Number of Government Schools with Upper Primary, Secondary and Higher Secondary sections having: ICT labs",Table x.9 col (3)
West Bengal,2025-26,"Upper Primary, Secondary and Higher Secondary",govt_schools_with_functional_ict_lab,8320,count,UDISE_2025-2026.pdf,168,"Number of Government Schools with Upper Primary, Secondary and Higher Secondary sections having: Functional ICT Labs",Table x.9 col (4)
West Bengal,2025-26,"Upper Primary, Secondary and Higher Secondary",govt_aided_schools_total,40,count,UDISE_2025-2026.pdf,168,"Number of Government Aided Schools with Upper Primary, Secondary and Higher Secondary sections having: Total",Table x.9 col (5)
West Bengal,2025-26,"Upper Primary, Secondary and Higher Secondary",govt_aided_schools_with_ict_lab,2,count,UDISE_2025-2026.pdf,168,"Number of Government Aided Schools with Upper Primary, Secondary and Higher Secondary sections having: ICT labs",Table x.9 col (6)
West Bengal,2025-26,"Upper Primary, Secondary and Higher Secondary",govt_aided_schools_with_functional_ict_lab,2,count,UDISE_2025-2026.pdf,168,"Number of Government Aided Schools with Upper Primary, Secondary and Higher Secondary sections having: Functional ICT Labs",Table x.9 col (7)
West Bengal,2025-26,"Upper Primary, Secondary and Higher Secondary",govt_schools_with_ict_lab,54,percent,UDISE_2025-2026.pdf,168,"Percentage of Government Schools with Upper Primary, Secondary and Higher Secondary sections having: ICT labs",Table x.9 col (8)
West Bengal,2025-26,"Upper Primary, Secondary and Higher Secondary",govt_schools_with_functional_ict_lab,54.1,percent,UDISE_2025-2026.pdf,168,"Percentage of Government Schools with Upper Primary, Secondary and Higher Secondary sections having: Functional ICT Labs",Table x.9 col (9)
West Bengal,2025-26,"Upper Primary, Secondary and Higher Secondary",govt_aided_schools_with_ict_lab,5,percent,UDISE_2025-2026.pdf,168,"Percentage of Government Aided Schools with Upper Primary, Secondary and Higher Secondary sections having: ICT labs",Table x.9 col (10)
West Bengal,2025-26,"Upper Primary, Secondary and Higher Secondary",govt_aided_schools_with_functional_ict_lab,5,percent,UDISE_2025-2026.pdf,168,"Percentage of Government Aided Schools with Upper Primary, Secondary and Higher Secondary sections having: Functional ICT Labs",Table x.9 col (11)
